<?xml version="1.0" encoding="utf-8"?>
<COLLADA xmlns="http://www.collada.org/2005/11/COLLADASchema" version="1.4.1" xmlns:xsi="http://www.w3.org/2001/XMLSchema-instance">
  <asset>
    <contributor>
      <author>Blender User</author>
      <authoring_tool>Blender 4.5.0 commit date:2025-07-14, commit time:17:45, hash:8cb6b388974a</authoring_tool>
    </contributor>
    <created>2025-07-28T10:36:59</created>
    <modified>2025-07-28T10:36:59</modified>
    <unit name="meter" meter="1"/>
    <up_axis>Z_UP</up_axis>
  </asset>
  <library_effects>
    <effect id="mat_2-effect">
      <profile_COMMON>
        <technique sid="common">
          <lambert>
            <emission>
              <color sid="emission">0 0 0 1</color>
            </emission>
            <diffuse>
              <color sid="diffuse">0.49804 0.49804 0.49804 1</color>
            </diffuse>
            <index_of_refraction>
              <float sid="ior">1.5</float>
            </index_of_refraction>
          </lambert>
        </technique>
      </profile_COMMON>
    </effect>
    <effect id="mat_1-effect">
      <profile_COMMON>
        <technique sid="common">
          <lambert>
            <emission>
              <color sid="emission">0 0 0 1</color>
            </emission>
            <diffuse>
              <color sid="diffuse">0.10196 0.10196 0.10196 1</color>
            </diffuse>
            <index_of_refraction>
              <float sid="ior">1.5</float>
            </index_of_refraction>
          </lambert>
        </technique>
      </profile_COMMON>
    </effect>
    <effect id="mat_0-effect">
      <profile_COMMON>
        <technique sid="common">
          <lambert>
            <emission>
              <color sid="emission">0 0 0 1</color>
            </emission>
            <diffuse>
              <color sid="diffuse">1 1 1 1</color>
            </diffuse>
            <index_of_refraction>
              <float sid="ior">1.5</float>
            </index_of_refraction>
          </lambert>
        </technique>
      </profile_COMMON>
    </effect>
  </library_effects>
  <library_images/>
  <library_materials>
    <material id="mat_2-material" name="mat_2">
      <instance_effect url="#mat_2-effect"/>
    </material>
    <material id="mat_1-material" name="mat_1">
      <instance_effect url="#mat_1-effect"/>
    </material>
    <material id="mat_0-material" name="mat_0">
      <instance_effect url="#mat_0-effect"/>
    </material>
  </library_materials>
  <library_geometries>
    <geometry id="geometry_3085efd1_364a_4d22_b9d3_ce194ebf7bbc-mesh" name="geometry_3085efd1_364a_4d22_b9d3_ce194ebf7bbc">
      <mesh>
        <source id="geometry_3085efd1_364a_4d22_b9d3_ce194ebf7bbc-mesh-positions">
          <float_array id="geometry_3085efd1_364a_4d22_b9d3_ce194ebf7bbc-mesh-positions-array" count="1944">14.00004 -90.28462 -65.77472 14.00006 -94.86006 -64.57527 13.00004 -90.28462 -65.77472 13.0001 -94.86453 -64.57401 14.00005 -99.38689 -63.25106 12.9998 -99.4078 -63.24456 12.99977 -103.118 -62.04494 14.00004 -103.4859 -61.92004 13.00013 -107.0469 -60.65096 14.00004 -107.397 -60.52016 13.00044 -110.8057 -59.18641 14.00008 -111.1412 -59.04903 13.00038 -114.3887 -57.6586 14.00013 -114.735 -57.50371 13.00029 -117.7759 -56.07974 14.00012 -118.1025 -55.92016 13.00024 -120.9619 -54.45787 14.00005 -121.2715 -54.29247 13.00022 -123.9659 -52.78977 13.99994 -124.2697 -52.61278 13.00015 -126.7921 -51.07854 13.99989 -127.0719 -50.90055 13.00006 -129.4227 -49.34059 13.99989 -129.685 -49.15848 12.99995 -131.8742 -47.57258 13.99991 -132.1193 -47.3869 12.99986 -134.1593 -45.77171 13.99995 -134.3864 -45.58356 12.99984 -136.1426 -44.06488 13.99999 -136.3584 -43.86984 12.9999 -137.5615 -42.74583 14.00002 -137.776 -42.53842 12.99999 -138.9499 -41.3617 14.00005 -139.1597 -41.14367 13.00007 -140.2849 -39.92835 14.00009 -140.4856 -39.70324 13.00008 -141.5458 -38.46437 14.00012 -141.734 -38.23533 13.00001 -142.7308 -36.9699 14.00015 -142.9058 -36.73805 12.99996 -143.85 -35.42703 14.00017 -144.0105 -35.19356 13.00002 -144.8974 -33.83565 14.00018 -145.0442 -33.59908 13.00019 -145.8668 -32.1972 14.00017 -146.0029 -31.95182 13.00034 -146.6683 -30.68428 14.00016 -146.7984 -30.42186 13.00039 -147.3289 -29.29298 14.00012 -147.4567 -29.00555 13.00034 -147.9289 -27.87552 14.00009 -148.0531 -27.55894 13.00021 -148.4655 -26.43424 14.00005 -148.5834 -26.08863 13.00005 -148.9364 -24.97083 14.00002 -149.0441 -24.60033 12.99991 -149.3393 -23.48698 13.99999 -149.4328 -23.09784 12.99981 -149.6723 -21.9853 13.99997 -149.7498 -21.57843 12.99977 -149.844 -21.04073 13.99996 -149.9945 -20.04162 12.99975 -149.9875 -20.09255 12.99973 -150.1226 -18.94982 13.99997 -150.1656 -18.48717 12.99974 -150.2041 -17.99485 13.99999 -150.2619 -16.92446 12.99977 -150.2578 -17.02577 12.9998 -150.2828 -16.05568 14.00002 -150.2834 -15.36512 12.99984 -150.2793 -15.08535 12.99989 -150.2476 -14.11554 14.00005 -150.2317 -13.81 12.99995 -150.1879 -13.14702 14.00009 -150.1087 -12.25994 13.00002 -150.1007 -12.18057 13.0001 -149.9862 -11.21687 14.00012 -149.9159 -10.71577 13.00021 -149.7922 -9.937298 14.00015 -149.6551 -9.178332 13.00031 -149.5195 -8.50679 14.00017 -149.3279 -7.648449 13.00034 -149.1912 -7.087829 14.00018 -148.9367 -6.128851 13.00028 -148.8095 -5.682173 14.00017 -148.4878 -4.632174 13.00015 -148.3766 -4.290751 14.00016 -147.9845 -3.159832 13.00002 -147.8947 -2.914875 14.00014 -147.429 -1.710884 12.99993 -147.366 -1.555881 14.00011 -146.8238 -0.2843893 12.99992 -146.793 -0.2153884 14.00008 -146.1712 1.120592 12.99999 -146.1784 1.105748 13.00008 -145.5243 2.408036 14.00006 -145.4736 2.505001 13.00014 -144.8328 3.692008 14.00003 -144.7335 3.869778 13.00012 -143.8556 5.376255 14 -143.9517 5.216775 13.99997 -142.8486 6.983232 13.00005 -142.686 7.232157 13.99995 -141.7616 8.599209 12.99996 -141.6036 8.825254 13.99992 -140.3949 10.48937 12.99991 -140.2765 10.64669 13.99989 -138.7863 12.55026 12.99989 -138.7097 12.6445 13.99987 -137.1083 14.5473 12.99984 -137.0697 14.59162 13.99987 -135.3662 16.4853 12.99974 -135.3673 16.48406 12.99974 -133.6103 18.32069 13.9999 -133.5639 18.3678 12.99986 -131.8008 20.10653 13.99996 -131.7051 20.19824 13.00005 -129.3139 22.41269 14.00006 -129.145 22.56381 13.00019 -126.3354 24.98453 14.00012 -126.1575 25.13225 13.00039 -123.1378 27.55129 14.00011 -122.9457 27.69988 13.00039 -119.703 30.12028 14.00006 -119.8416 30.01985 14.00003 -116.1647 32.59326 12.9999 -116.0269 32.6864 14.00006 -112.2843 35.12901 12.99951 -112.1401 35.21989 14.0001 -108.1829 37.63325 12.99978 -108.0262 37.72572 14.00013 -103.8389 40.11346 13.00055 -103.6719 40.20576 14.00014 -99.22536 42.57849 13.00103 -99.05101 42.66851 14.00014 -94.39074 44.99456 13.00063 -94.20209 45.08563 14.00012 -89.35981 47.34341 12.9998 -89.16679 47.43036 14.00003 -84.84477 49.32052 12.99936 -84.74587 49.36245 13.99986 -80.28474 51.20254 12.99986 -80.28474 51.20254 14.00826 -91.97037 -62.69284 15.11205 -92.14005 -62.36847 14.98313 -93.54801 -59.56096 16.07527 -93.69453 -59.25603 15.912 -95.00315 -56.41173 16.99973 -95.13803 -56.10505 16.79803 -96.34696 -53.22757 17.88133 -96.47019 -52.92024 17.6391 -97.58159 -50.00741 18.71496 -97.69002 -49.70887 18.42724 -98.70143 -46.76992 19.49367 -98.79389 -46.48633 19.1551 -99.70304 -43.53221 20.21294 -99.78161 -43.26111 19.82093 -100.5907 -40.29104 20.87033 -100.6562 -40.03382 21.34004 -101.2634 -37.50835 20.42314 -101.3683 -37.04307 21.77106 -101.8065 -34.97298 20.95434 -102.032 -33.8195 22.25351 -102.3952 -31.79077 21.41817 -102.59 -30.59503 22.59276 -102.7936 -29.23808 21.81369 -103.0437 -27.37146 22.88954 -103.1276 -26.67936 22.14002 -103.3944 -24.15047 23.1316 -103.3857 -24.24254 23.33407 -103.5859 -21.80324 22.39632 -103.6433 -20.93352 23.49649 -103.7285 -19.36291 22.58298 -103.7921 -17.71233 23.61888 -103.8134 -16.92195 22.70044 -103.8405 -14.48997 23.70144 -103.8406 -14.48034 23.74433 -103.81 -12.03831 22.74949 -103.7882 -11.26411 23.74802 -103.7217 -9.597624 22.7307 -103.6347 -8.032414 23.71331 -103.5758 -7.159768 22.64452 -103.3792 -4.793555 23.64106 -103.3725 -4.726073 23.53205 -103.112 -2.297206 22.47229 -102.9762 -1.205472 23.3316 -102.6756 0.9319666 22.2974 -102.602 1.412486 22.08405 -102.1633 4.007402 23.03454 -102.0637 4.545497 21.84271 -101.6774 6.500892 22.66311 -101.3186 8.160732 21.47108 -100.9367 9.797072 22.22073 -100.4383 11.7723 20.9973 -99.99193 13.41547 21.71001 -99.41548 15.39463 20.45924 -98.90646 17.03074 21.13822 -98.25064 19.00954 19.86254 -97.67792 20.63705 20.51258 -96.94265 22.60766 19.21349 -96.30455 24.22787 19.83482 -95.48132 26.20811 18.52179 -94.79172 27.78442 19.11676 -93.87886 29.76959 17.78995 -93.13043 31.32003 18.44334 -92.32039 32.92676 17.03265 -91.34041 34.78353 17.75034 -90.65489 36.02917 16.25483 -89.42027 38.17594 17.04372 -88.88594 39.06857 15.46148 -87.36854 41.49813 16.2489 -86.80116 42.36807 14.65769 -85.18377 44.75088 15.84659 -85.70521 43.99749 15.44315 -84.57733 45.6074 13.84865 -82.8645 47.93489 14.72023 -82.47995 48.43896 13.42358 -81.59256 49.57915 18.80257 -120.9665 -7.049341 19.24666 -119.5104 -11.72552 18.54128 -122.7221 -11.76333 19.5156 -117.7563 -7.011433 18.20211 -122.3924 -2.375092 19.47373 -117.7764 -6.207236 18.44855 -122.5721 -7.068264 18.01478 -124.6561 -7.627899 17.64729 -126.8849 -12.88293 17.1541 -128.8253 -8.747084 17.11453 -128.9518 -8.387253 17.07727 -129.0624 -8.021861 17.04242 -129.1564 -7.651323 19.98969 -107.5977 -33.27655 18.08648 -110.0565 -40.6474 18.42433 -111.6622 -37.61328 20.75033 -105.5613 -31.10845 20.45069 -109.072 -28.39888 21.4284 -105.0502 -27.20187 21.23475 -106.0533 -27.1171 19.49858 -110.3789 -33.00533 18.88561 -115.1102 -30.96242 19.22597 -111.3366 -33.53027 18.68124 -113.2522 -34.58016 21.04987 -109.0662 -0.7037798 21.19839 -109.6575 -4.348456 20.45374 -107.8257 6.58188 15.31147 -135.1477 -0.400425 17.38813 -104.4199 24.77659 15.0771 -134.5398 3.243191 18.00427 -121.7915 1.268975 14.38219 -133.2802 10.52763 14.33361 -117.1436 26.74923 15.41683 -117.3642 -46.97115 16.66975 -112.6589 -44.91691 16.37061 -110.7686 -47.37491 16.63441 -114.0652 -44.06172 16.93694 -114.4042 -42.44936 15.5901 -119.4037 -44.74685 16.89655 -115.7118 -41.58089 15.745 -121.2838 -42.50348 17.13026 -117.2168 -39.08477 17.093 -118.3522 -38.18479 15.70798 -122.8555 -41.31431 17.33584 -118.5878 -36.57245 17.2961 -119.5717 -35.71953 15.84162 -124.4299 -39.07053 17.27046 -120.2762 -35.0603 15.81182 -125.5582 -38.06226 17.248 -120.9661 -34.36853 15.79035 -126.4898 -37.16147 17.45063 -121.149 -32.75755 17.42235 -121.811 -32.04123 15.90809 -127.5162 -35.14855 17.39814 -122.4369 -31.30952 17.37807 -123.0255 -30.56255 15.88489 -128.3771 -34.18305 15.86524 -129.1886 -33.19714 21.32875 -109.8904 -15.81456 21.3532 -109.9992 -13.67006 22.29487 -105.7773 -10.03322 21.35303 -110.0453 -11.52346 22.06146 -106.7707 -9.417844 20.69198 -112.9941 -13.25634 22.02642 -106.733 -7.805645 20.67305 -113.0901 -11.6497 20.64321 -113.1407 -10.04064 20.60267 -113.1457 -8.430677 20.81457 -111.9856 -7.069771 15.16284 -137.8018 -22.79736 16.31389 -132.6994 -19.6637 15.22958 -137.1424 -23.87314 16.23087 -133.243 -18.89329 15.10238 -138.3803 -21.74765 16.15132 -133.7513 -18.09858 15.05073 -138.8577 -20.78021 15.0045 -139.269 -19.84453 16.07551 -134.2213 -17.28029 20.80092 -108.4554 2.939656 14.96079 -139.6394 -18.89216 16.01063 -134.6095 -16.52463 14.91969 -139.9673 -17.92444 15.95506 -134.929 -15.82966 14.88128 -140.2512 -16.94248 15.90229 -135.2189 -15.12159 20.77409 -103.9182 9.999259 14.84565 -140.4896 -15.94774 15.85245 -135.4775 -14.40157 15.762 -135.897 -12.92904 15.80565 -135.704 -13.67044 19.6578 -112.4849 4.811165 15.72159 -136.0557 -12.1787 19.78611 -104.1127 14.92677 13.99265 -144.931 -14.47276 13.96999 -145.0317 -13.84212 19.66647 -101.1161 18.40819 13.94657 -145.12 -13.14541 14.42615 -142.4623 -11.18952 14.39937 -142.543 -10.7176 15.67858 -135.7711 -8.251456 17.71755 -121.1735 4.911945 18.8392 -117.1398 3.040171 17.34454 -120.5388 8.553851 13.92415 -145.1879 -12.44646 14.37389 -142.6098 -10.24378 19.26856 -102.2206 19.09695 19.17966 -106.1728 15.68243 13.90504 -145.2292 -11.80535 14.34503 -142.6718 -9.672781 13.88697 -145.252 -11.15919 14.32242 -142.7081 -9.195577 14.30087 -142.7308 -8.711307 13.87007 -145.2559 -10.51259 14.28066 -142.7394 -8.226509 13.85432 -145.2411 -9.866067 14.2618 -142.734 -7.741575 13.83973 -145.2078 -9.220141 14.24426 -142.7148 -7.256887 14.22805 -142.6818 -6.772832 13.82629 -145.1562 -8.575317 14.21318 -142.6353 -6.289785 13.81401 -145.0866 -7.932082 14.19964 -142.5754 -5.808104 17.58523 -109.8338 19.37162 17.60401 -112.5253 16.66815 16.05965 -118.8838 17.65426 17.56968 -115.2065 13.96403 16.36497 -100.9731 30.92313 15.03885 -121.3675 20.09768 15.29405 -123.4606 16.7707 15.24342 -106.2326 31.25176 15.30014 -104.0664 32.49248 14.52845 -125.4115 18.65135 15.23714 -124.9389 15.48407 14.53163 -105.386 34.23686 13.74573 -132.5511 15.31775 13.50008 -132.9048 16.31877 13.71285 -114.6508 30.98513 14.21985 -109.559 -55.73623 14.17814 -111.9982 -54.73929 17.0433 -104.1825 -48.69081 14.76601 -110.8027 -53.27967 14.81854 -108.9335 -54.01128 14.72384 -112.586 -52.51628 14.25579 -117.5792 -51.52485 22.0156 -105.6544 -20.29877 20.91359 -109.4899 -23.64089 21.82226 -106.6594 -19.98142 18.25572 -120.3715 -27.5604 18.68304 -119.0423 -26.05947 19.62333 -116.003 -22.64378 18.2618 -122.9322 -21.15921 17.89336 -122.993 -25.85997 14.39535 -135.9525 -35.08398 16.64073 -128.328 -27.80629 14.76358 -136.1258 -31.69417 15.64952 -132.8241 -29.05626 15.29964 -136.4338 -24.91703 16.96688 -127.8858 -25.11163 17.4023 -126.2354 -23.79411 16.24561 -130.9742 -26.42849 19.91874 -116.3472 -15.35455 13.81193 -141.0136 -32.43743 15.93065 -132.7941 -25.92467 14.21408 -139.5947 -30.94268 14.18801 -140.1493 -30.17156 19.52513 -118.0223 -16.40374 19.89927 -116.2193 -8.021073 19.85383 -116.2336 -6.948336 20.34851 -112.9401 -2.79189 19.91758 -114.5802 -2.013681 20.06424 -113.4074 -0.6535815 19.25095 -114.8129 3.925698 19.34222 -117.1836 -2.134195 16.73398 -131.0454 -10.63174 16.68929 -131.2047 -10.14818 16.64738 -131.3422 -9.657483 20.18283 -105.9813 10.7551 19.88669 -107.0128 11.13302 19.26952 -111.8473 8.452882 18.88892 -114.1803 7.567739 19.11248 -109.7437 12.07666 18.67428 -113.8575 9.388344 18.48851 -115.0248 8.945829 18.10548 -116.8625 8.815149 15.54145 -135.4684 -4.325367 17.03123 -118.2174 13.39121 16.7624 -119.7229 13.1048 16.35688 -122.007 12.66273 16.27538 -120.9693 14.3268 13.64167 -144.0579 -1.699518 15.24637 -118.0233 22.20236 14.7443 -100.0239 36.79658 14.92656 -101.0973 -57.04401 15.87079 -100.0832 -54.5438 15.74801 -105.1474 -52.67687 14.4322 -104.144 -57.36018 16.09793 -107.9655 -50.02541 18.14568 -104.6572 -44.28947 17.64254 -107.1345 -44.66814 17.21789 -108.3457 -45.57041 19.63322 -113.8317 -27.17377 20.29413 -112.5365 -23.38618 21.39613 -108.6879 -19.81178 13.50269 -136.5595 -40.63109 20.8949 -110.6485 -20.9466 13.74915 -136.0575 -39.5738 21.18247 -109.702 -19.72697 20.8614 -111.2231 -19.59976 19.99887 -114.9725 -20.46084 20.17547 -114.4552 -19.36952 20.56689 -112.9349 -18.18445 19.82113 -116.1848 -18.99855 19.61338 -117.0202 -19.52328 19.72892 -116.7985 -18.13353 18.82597 -121.2352 -16.44148 18.47875 -122.8421 -16.46032 16.31859 -131.8443 -23.04562 18.01891 -124.921 -17.02028 17.44503 -127.5128 -17.90149 18.21226 -124.1918 -15.26772 22.19806 -109.6589 -4.348243 22.04954 -109.0675 -0.7035665 21.4534 -107.8271 6.582093 16.31086 -135.1505 -0.3999977 19.00378 -121.7936 1.269295 19.20163 -122.3945 -2.374772 18.38779 -104.4213 24.7768 16.07649 -134.5425 3.243619 15.38157 -133.283 10.52806 15.33313 -117.1456 26.74955 17.61934 -112.7568 -45.06122 17.82573 -114.4276 -42.93753 16.55009 -117.7082 -46.16264 16.71124 -119.7097 -43.95045 18.06872 -116.0289 -40.47534 16.67198 -121.3845 -42.77972 18.02912 -117.2384 -39.59008 18.23438 -117.4445 -38.31329 19.56139 -112.4256 -36.13927 18.19239 -118.5699 -37.41212 16.77753 -123.083 -40.73729 19.74074 -114.0765 -33.26343 18.16041 -119.5498 -36.55553 16.74414 -124.4896 -39.56525 18.34005 -119.7229 -35.27579 19.90523 -115.2047 -30.68976 18.31283 -120.4263 -34.61051 16.84097 -125.7305 -37.69731 18.28883 -121.1136 -33.9134 16.81819 -126.6598 -36.78891 18.44038 -121.2485 -32.69461 18.41297 -121.9059 -31.97492 20.01835 -116.5993 -27.59629 18.38969 -122.5258 -31.24109 16.90044 -127.6492 -35.03166 18.37055 -123.108 -30.49269 16.87801 -128.5029 -34.0625 18.49538 -123.2127 -29.27275 16.85915 -129.3061 -33.07423 23.30265 -105.7961 -11.91523 22.34577 -109.9678 -14.50951 23.2964 -105.7857 -10.28795 23.08 -106.7693 -10.63298 22.35516 -110.027 -12.88346 23.27561 -105.739 -8.660836 23.06122 -106.7713 -9.412905 23.03573 -106.7469 -8.192487 21.67901 -113.0697 -12.08393 21.65961 -113.1215 -10.86501 21.63401 -113.1472 -9.6456 21.8448 -111.9888 -7.879532 16.28875 -136.5442 -24.76191 17.30082 -132.7855 -19.54776 16.21939 -137.2435 -23.71648 16.15321 -137.8948 -22.6368 17.2186 -133.3219 -18.77651 16.09299 -138.4681 -21.57819 17.13979 -133.8235 -17.9803 16.04127 -138.9428 -20.59667 21.80059 -108.4568 2.93987 15.99487 -139.3518 -19.64323 17.06446 -134.2882 -17.15768 16.9996 -134.6738 -16.39299 15.95103 -139.7189 -18.6715 15.90997 -140.0412 -17.68597 16.94381 -134.9919 -15.68593 16.8908 -135.2798 -14.96332 15.8718 -140.317 -16.68946 21.84776 -102.5705 11.25033 21.65983 -103.6364 10.98933 20.65741 -112.4866 4.811414 16.84086 -135.5353 -14.22879 15.83657 -140.5456 -15.68252 16.79422 -135.7565 -13.48545 16.75095 -135.9427 -12.73444 16.71106 -136.0935 -11.97542 20.689 -103.9212 15.58663 14.97623 -145.0048 -14.00385 14.94133 -145.1366 -12.97337 15.41416 -142.5002 -10.9862 18.71706 -121.1756 4.912265 19.83876 -117.1417 3.040455 18.34404 -120.5408 8.55417 16.66808 -135.7966 -8.115833 15.37227 -142.6144 -10.21751 14.90936 -145.2196 -11.93546 20.0949 -101.9273 20.08629 20.17932 -106.1742 15.68264 15.33361 -142.6925 -9.440839 14.88044 -145.2532 -10.89552 15.29843 -142.7338 -8.660964 14.85461 -145.2381 -9.857247 15.26681 -142.7384 -7.881222 15.23872 -142.7072 -7.103804 14.83181 -145.1755 -8.822463 15.21409 -142.6409 -6.329277 14.81196 -145.0664 -7.791551 15.19281 -142.5405 -5.557636 18.58483 -109.8354 19.37187 18.60359 -112.527 16.66842 17.05915 -118.8859 17.65458 18.56923 -115.2084 13.96431 17.22654 -100.7243 31.55406 16.03988 -121.3098 20.14715 16.29742 -123.3734 16.84477 16.29763 -104.1501 32.44646 16.24143 -106.3113 31.20556 15.48697 -127.1378 17.10588 16.23994 -124.856 15.55984 15.53117 -125.2972 18.75112 15.52968 -105.494 34.17533 14.74669 -132.5049 15.36382 14.50072 -132.8584 16.36518 14.71137 -114.7236 30.93977 15.22808 -109.85 -55.57647 15.18611 -112.2879 -54.57151 18.09199 -104.3302 -48.43581 15.77822 -111.0642 -53.1054 15.83092 -109.2023 -53.84027 15.73557 -112.8529 -52.33324 15.33015 -117.916 -51.04072 20.26121 -106.5497 -38.08599 19.39093 -108.6207 -40.41094 18.37541 -113.211 -41.37885 18.64831 -112.6024 -40.59954 23.10646 -105.77 -18.55797 22.90764 -106.79 -18.15554 21.99263 -110.069 -21.30186 19.32116 -120.9636 -25.72231 19.71226 -119.8349 -23.94736 20.6378 -116.5551 -20.80082 19.28559 -123.0472 -20.29991 15.39209 -136.0987 -34.90658 18.9576 -123.1429 -24.7855 17.25164 -129.6948 -29.03584 15.75737 -136.26 -31.52421 16.64134 -132.9382 -28.91724 17.9947 -128.0177 -24.40906 18.4297 -126.3618 -23.03929 20.52154 -118.066 -16.19144 20.91973 -116.4215 -14.41573 20.53025 -118.0955 -15.58175 14.80729 -141.162 -32.23059 17.41679 -130.8581 -24.52679 15.20736 -139.7371 -30.74919 15.18156 -140.2845 -29.97724 20.23098 -119.5563 -11.17765 20.88224 -116.2308 -7.627836 20.49483 -117.7704 -6.619097 21.36767 -112.944 -3.061529 20.46309 -117.7796 -6.009627 18.61377 -127.0254 -12.29904 20.94857 -114.5859 -2.41822 21.06386 -113.409 -0.6533326 20.25053 -114.8146 3.925965 20.36257 -117.188 -2.403783 17.67853 -131.2416 -10.02885 18.10513 -128.9811 -8.300745 17.63685 -131.3751 -9.530881 18.06797 -129.089 -7.929249 18.03341 -129.1796 -7.553899 21.14404 -105.8882 11.08526 20.88634 -107.0142 11.13323 20.26913 -111.8489 8.453131 19.8885 -114.182 7.568006 20.11211 -109.7452 12.0769 19.67385 -113.8592 9.388611 19.48807 -115.0266 8.946105 19.10502 -116.8643 8.815439 16.53429 -135.4822 -4.257361 18.03075 -118.2194 13.39151 17.7619 -119.725 13.10512 17.35931 -121.9646 12.69994 17.27656 -120.9417 14.35171 14.63652 -144.0149 -1.525916 16.24588 -118.0254 22.20268 15.66551 -99.98491 37.06704 15.96634 -101.3365 -56.82894 16.93036 -100.2581 -54.28367 16.78079 -105.3627 -52.46329 15.44884 -104.4356 -57.1909 17.12624 -108.1668 -49.813 17.39465 -110.956 -47.16368 19.27683 -104.2528 -44.0354 18.81038 -106.4888 -44.42253 18.33683 -107.9775 -45.33626 16.18617 -115.2889 -49.2474 22.48517 -106.6069 -23.99007 21.64131 -109.4759 -26.2231 21.31634 -113.3095 -21.05124 21.01044 -112.6488 -25.99505 20.67925 -113.9655 -26.5288 14.74705 -136.2385 -39.38748 20.36945 -116.5852 -24.19804 22.21471 -110.0272 -17.90512 21.16453 -114.8745 -17.73291 19.5249 -122.7752 -11.33387 19.82537 -121.3147 -15.73795 19.4755 -122.9248 -15.81602 19.00959 -125.0479 -16.29874 19.19838 -124.2936 -14.64357 19.78537 -120.9887 -6.775359 19.43315 -122.5984 -6.853458 18.98755 -124.7254 -7.335923 21.99693 -105.9451 -29.00633 21.20519 -108.1092 -31.38373 20.67374 -110.9647 -31.18029 20.36322 -112.0021 -31.87467 20.77763 -107.338 -34.73431</float_array>
          <technique_common>
            <accessor source="#geometry_3085efd1_364a_4d22_b9d3_ce194ebf7bbc-mesh-positions-array" count="648" stride="3">
              <param name="X" type="float"/>
              <param name="Y" type="float"/>
              <param name="Z" type="float"/>
            </accessor>
          </technique_common>
        </source>
        <source id="geometry_3085efd1_364a_4d22_b9d3_ce194ebf7bbc-mesh-normals">
          <float_array id="geometry_3085efd1_364a_4d22_b9d3_ce194ebf7bbc-mesh-normals-array" count="1944">0.4717509 0.6835501 -0.5569653 0.5634067 -0.2223773 -0.7956892 -0.616497 0.6345189 -0.4661731 -0.8212364 -0.1501428 -0.5504797 0.5699795 -0.2453218 -0.7841816 -0.8166388 -0.1651319 -0.5530214 -0.8134001 -0.1832411 -0.5520899 0.5742446 -0.2665516 -0.774076 -0.8102033 -0.1991665 -0.5512744 0.5784131 -0.2903985 -0.7623037 -0.806538 -0.2203161 -0.5485958 0.5832927 -0.3111179 -0.7503169 -0.8045064 -0.2395999 -0.5434716 0.5856253 -0.3342679 -0.7384498 -0.8006252 -0.2573504 -0.5410824 0.5907711 -0.359933 -0.7221065 -0.7978883 -0.2807483 -0.5334366 0.5942093 -0.3819873 -0.7078143 -0.7937715 -0.3004299 -0.5288373 0.5993919 -0.4081094 -0.6886044 -0.7892611 -0.323409 -0.5219901 0.6033715 -0.4313989 -0.6706995 -0.7866597 -0.3492577 -0.5091028 0.6077083 -0.457348 -0.6492484 -0.7839859 -0.3697783 -0.4986282 0.6103633 -0.4808762 -0.629456 -0.7798707 -0.3927838 -0.487363 0.6149725 -0.5089956 -0.6022727 -0.7740774 -0.4226136 -0.4713832 0.6241723 -0.5235648 -0.5799043 -0.7773076 -0.4361576 -0.4533869 0.6218843 -0.5462019 -0.5611804 -0.7767274 -0.451593 -0.4390428 0.6214947 -0.5670725 -0.5405305 -0.7746521 -0.469407 -0.4237585 0.623696 -0.5866904 -0.5165246 -0.7717631 -0.4869338 -0.4089956 0.6268807 -0.6062178 -0.4894086 -0.7675478 -0.51075 -0.3873046 0.6314867 -0.620674 -0.4647457 -0.7686173 -0.5259106 -0.3642055 0.6296091 -0.6422901 -0.4370993 -0.7682985 -0.5421645 -0.3402574 0.6294585 -0.6625958 -0.4058928 -0.7675833 -0.5585005 -0.3144729 0.6304932 -0.6805016 -0.3733575 -0.7670419 -0.5727438 -0.2891564 0.632021 -0.6958901 -0.341008 -0.7658745 -0.5858471 -0.2649894 0.6337077 -0.7090565 -0.3092792 -0.7638046 -0.5990085 -0.2403984 0.6360599 -0.7203882 -0.2765298 -0.764952 -0.6086765 -0.2106215 0.6342945 -0.7328636 -0.2461333 -0.765174 -0.6169382 -0.1841089 0.6337145 -0.7443549 -0.2105747 -0.7648307 -0.6252748 -0.1551307 0.6340094 -0.7532204 -0.175189 -0.7652255 -0.6310358 -0.127373 0.635322 -0.7595043 -0.1397112 -0.7652754 -0.6351361 -0.1046704 0.63636 -0.7648225 -0.1004626 -0.7646609 -0.6382719 -0.08889728 -0.7614989 -0.644818 -0.06579655 0.6400867 -0.7653962 -0.06676506 -0.7627862 -0.6452011 -0.04327613 0.6378016 -0.7696202 -0.02989959 -0.7644214 -0.6441786 -0.0263431 -0.7643632 -0.6447456 -0.007226467 0.6363939 -0.771328 0.007479727 -0.7650095 -0.6438694 0.01389151 -0.7651606 -0.6432073 0.02852535 0.6358463 -0.7706333 0.04270648 -0.7652494 -0.6418202 0.04960161 0.6355392 -0.7680864 0.07831501 -0.7662632 -0.6389578 0.06763041 -0.7657088 -0.6375997 0.08459937 0.6345525 -0.76469 0.1122155 -0.7659974 -0.6336281 0.1084609 0.633439 -0.7600309 0.1452868 -0.7666226 -0.6280999 0.1333433 0.6328835 -0.7537467 0.1769875 -0.7671887 -0.6218605 0.1571978 0.6329433 -0.7458146 0.2077098 -0.7671113 -0.6158618 0.1795957 0.6339661 -0.7362805 0.2365967 -0.7686278 -0.6065942 0.2031129 0.6313439 -0.7298647 0.2621113 -0.7700078 -0.5979626 0.2225511 0.6290775 -0.721091 0.2903262 -0.7712401 -0.5889168 0.2415902 0.6282843 -0.7109687 0.3158835 -0.7716596 -0.580703 0.2594718 0.629113 -0.6994348 0.3391281 -0.771093 -0.5735492 0.2765088 -0.7697781 -0.5669085 0.2933538 0.6313043 -0.6867989 0.360225 -0.7745485 -0.550431 0.3116093 0.6248993 -0.6818009 0.3803267 -0.7767604 -0.5376233 0.3280313 0.6214418 -0.6725861 0.4017935 0.6193621 -0.6593599 0.4261869 -0.7786995 -0.5242968 0.3445867 0.6195641 -0.6441299 0.4485945 -0.7786942 -0.5125986 0.3617706 0.61725 -0.6308946 0.4700793 -0.7800644 -0.4963777 0.3809319 0.6127032 -0.6146497 0.4967904 -0.7837094 -0.4811456 0.3928086 0.6114854 -0.5980536 0.5180903 -0.7850304 -0.4659559 0.4081819 0.6084772 -0.5823052 0.539144 -0.7876764 -0.4510192 0.4196994 -0.788155 -0.4394033 0.4309716 0.6083583 -0.5646154 0.5577722 -0.7912364 -0.4204026 0.4440795 0.6041141 -0.5512809 0.5754439 -0.7932591 -0.4069132 0.4529477 0.6007097 -0.5321378 0.5966385 -0.7952596 -0.3869702 0.4667079 0.5971751 -0.5126106 0.616938 -0.7990037 -0.3660169 0.4771006 0.5924749 -0.4940679 0.6362943 -0.8028445 -0.3470859 0.4847393 0.5879766 -0.4758237 0.6541219 0.5843716 -0.4554016 0.6716541 -0.8057201 -0.3303684 0.4916016 0.579271 -0.4384097 0.6871988 -0.8096604 -0.3086714 0.4991713 0.5753926 -0.4167236 0.7037505 -0.8126311 -0.2946327 0.5028144 0.5717957 -0.3995651 0.7165177 -0.8153439 -0.2755393 0.5092079 0.566056 -0.38149 0.7307845 -0.819405 -0.2576321 0.5120557 0.5613461 -0.3626778 0.7438786 -0.8233661 -0.2436296 0.5125554 0.5568336 -0.3440313 0.7560284 -0.8261528 -0.2291966 0.5147238 0.5542054 -0.3268908 0.7655056 -0.8285853 -0.2163612 0.5163664 0.4884533 0.6935123 0.5295793 -0.5892983 0.6529696 0.4757712 -0.5922782 0.6181375 0.5168294 0.7654406 0.6376535 0.08659577 -0.5955787 0.6371753 0.4891768 0.7657474 0.638943 0.07336771 -0.5982354 0.6536483 0.4635282 0.765887 0.6403413 0.05813944 -0.6030149 0.6689841 0.4345497 0.7660493 0.6410547 0.04708904 -0.6055685 0.685426 0.4043242 0.7681203 0.6392827 0.03618085 -0.6096314 0.6995082 0.3728778 0.7690035 0.6386732 0.02702367 -0.6125491 0.7125765 0.3420793 0.7700929 0.6377161 0.01659321 -0.6139094 0.7276769 0.3059436 0.7724373 0.6350045 0.01048636 0.7730216 0.6343321 0.007778108 -0.6164647 0.7390252 0.2716854 0.7755069 0.6313285 0.003679513 -0.6202896 0.7475474 0.2375159 0.7777454 0.6285784 -0.001258254 -0.6222789 0.7565951 0.2008303 0.7791395 0.6267828 -0.009218573 -0.6235086 0.7637814 0.1669586 0.7806816 0.6248325 -0.01098769 -0.6246566 0.7705132 0.1269391 0.7799088 0.6257566 -0.01307356 0.7840238 0.6206446 -0.01034855 -0.624594 0.7754171 0.09279417 0.7846838 0.619595 -0.01932615 -0.6262459 0.7778342 0.0528202 0.7846563 0.6196475 -0.01874935 -0.625474 0.7801223 0.01384186 0.7842245 0.6201267 -0.02085846 0.7855277 0.6184777 -0.02078324 -0.6228289 0.7821178 -0.01938962 0.7863137 0.6173566 -0.02411955 -0.6247597 0.7784938 -0.06019049 0.7873478 0.6159314 -0.02668356 -0.621752 0.7770363 -0.09817945 0.7863668 0.6170253 -0.03011953 0.7887619 0.6140345 -0.0285719 -0.6219858 0.7710517 -0.1364297 0.7877621 0.6149868 -0.03495907 -0.6197223 0.7664714 -0.1687188 -0.6174974 0.7626764 -0.1924105 0.7882099 0.6140259 -0.04119884 -0.6167099 0.7551411 -0.2223308 0.7908632 0.6101609 -0.04732257 -0.6129221 0.7471519 -0.2570812 0.7919276 0.6082879 -0.0532605 -0.6085643 0.7372227 -0.2935173 0.79275 0.6063529 -0.06231909 -0.6045058 0.7263932 -0.3269948 0.7935217 0.6039969 -0.07423681 -0.6014604 0.7118495 -0.362651 0.7938542 0.6019555 -0.08628493 -0.5969952 0.6978834 -0.395671 0.7951827 0.5981905 -0.09926044 -0.5933454 0.6833876 -0.42535 0.7960172 0.5944818 -0.1137895 -0.5887959 0.6679202 -0.4551945 0.7971038 0.5896164 -0.1303009 -0.5845941 0.6513569 -0.4837189 0.797878 0.5849522 -0.1456766 -0.5808527 0.6344441 -0.5099911 0.799811 0.5773324 -0.1642853 -0.5781083 0.6154314 -0.5357564 0.8005863 0.5708896 -0.1820628 -0.5709587 0.5979885 -0.5625087 0.8006775 0.5692595 -0.1867066 0.8028909 0.5609483 -0.2017508 -0.5697236 0.5803811 -0.5818703 0.8025888 0.5556943 -0.2169218 -0.5686898 0.5659556 -0.5968971 -0.9752705 0.21706 -0.04162329 -0.9762883 0.2163362 -0.007728993 -0.9770501 0.2127562 -0.01038587 -0.9749805 0.2191826 -0.03704077 -0.9740571 0.2142022 -0.07300829 -0.9749107 0.2156733 -0.05508291 -0.9755131 0.2154738 -0.04410445 -0.9764361 0.2121694 -0.03945535 -0.9779003 0.2090326 -0.004044413 -0.9778177 0.2076545 -0.02742511 -0.9770277 0.2102345 -0.03490769 -0.9767622 0.2110602 -0.03727155 -0.9764266 0.2105985 -0.047324 -0.9676727 0.1858409 0.1705075 -0.9633287 0.1672651 0.2098103 -0.9668267 0.1731824 0.1877605 -0.9691134 0.1917656 0.1550655 -0.9718717 0.1959833 0.1305986 -0.9713923 0.1976021 0.1317211 -0.9716318 0.2000766 0.1260987 -0.9693493 0.1872189 0.1590941 -0.9716106 0.1930205 0.1368063 -0.968772 0.1854638 0.1645722 -0.9690052 0.184163 0.1646602 -0.9715907 0.2192363 -0.08914536 -0.9735987 0.2198159 -0.06153517 -0.9657808 0.2158987 -0.1437195 -0.9763566 0.1992946 -0.08372229 -0.9490148 0.1937867 -0.2486318 -0.9736616 0.1995708 -0.1102483 -0.9722847 0.2116236 -0.09938794 -0.9702018 0.1950003 -0.1438173 -0.9537644 0.1850134 -0.2368621 -0.960986 0.1531547 0.2303252 -0.9611324 0.1571736 0.2269827 -0.9571537 0.1517437 0.246639 -0.9633665 0.1587171 0.2161806 -0.9627144 0.1678836 0.212123 -0.9638935 0.1609809 0.2121189 -0.9650644 0.1671952 0.2017339 -0.965918 0.1677638 0.1971235 -0.9673206 0.1738406 0.1845815 -0.9694277 0.1725405 0.1744698 -0.9678736 0.1679508 0.1871182 -0.9686913 0.1824914 0.1683275 -0.9706329 0.1794458 0.1602221 -0.9699627 0.1736568 0.1703398 -0.9711492 0.1831448 0.152733 -0.9710653 0.1741454 0.1634188 -0.9727679 0.1799601 0.1460723 -0.9724017 0.1751819 0.1540982 -0.9718883 0.1907185 0.1380567 -0.9745476 0.1827121 0.1298972 -0.9740016 0.1779254 0.1402269 -0.974514 0.186625 0.1244732 -0.9747343 0.1906576 0.116374 -0.9748377 0.1790049 0.1328485 -0.9759917 0.1821056 0.1194893 -0.9758398 0.2158521 0.03383344 -0.9762318 0.2163192 0.013323 -0.976023 0.2174304 -0.01016056 -0.976111 0.2171713 -0.006641626 -0.9755645 0.2186603 -0.02148348 -0.9757137 0.2187412 0.01162618 -0.9749172 0.2197229 -0.03547382 -0.975573 0.2196154 -0.005157291 -0.9753162 0.220143 -0.01718777 -0.9759281 0.2161967 -0.028696 -0.9748777 0.2188525 -0.04143863 -0.9807131 0.1876625 0.05463141 -0.9793129 0.1979957 0.04176175 -0.9787108 0.1959347 0.06111383 -0.9792194 0.2000826 0.03311115 -0.9814693 0.1866963 0.04315966 -0.9794957 0.1996015 0.02734124 -0.981584 0.187332 0.03741025 -0.9816246 0.1882454 0.03125423 -0.9797501 0.1991379 0.02083414 -0.9687386 0.2193143 -0.1159609 -0.9817193 0.1886523 0.02524936 -0.9802318 0.1974652 0.01237773 -0.9814781 0.1906846 0.01844221 -0.9813004 0.1922977 0.008436501 -0.9807444 0.1946929 0.01533377 -0.9810059 0.1939235 0.004614889 -0.9621075 0.2138661 -0.1691462 -0.9810914 0.1935067 0.003870666 -0.9806424 0.1958068 4.36142e-4 -0.9796685 0.2004615 -0.008061289 -0.9801846 0.1980516 -0.003707408 -0.9679443 0.2172693 -0.1260076 -0.9796556 0.2000653 -0.01578092 -0.9577032 0.2086224 -0.1981949 -0.9828597 0.1843524 -0.001129925 -0.9831393 0.1827008 -0.007585287 -0.9539338 0.2054157 -0.2186657 -0.9827879 0.1843923 -0.01129984 -0.9813881 0.1913353 -0.0163753 -0.9810912 0.1920123 -0.02432221 -0.9793832 0.1982842 -0.03862601 -0.9699469 0.208885 -0.1247805 -0.9698891 0.215103 -0.1142188 -0.9672934 0.2065542 -0.1472375 -0.9824845 0.1857236 -0.01520079 -0.9809861 0.1921815 -0.02706503 -0.9526342 0.2046694 -0.2249414 -0.9576051 0.2070378 -0.2003199 -0.9822557 0.1865797 -0.01902037 -0.9808101 0.1926169 -0.03017139 -0.9820706 0.1871247 -0.02284151 -0.9806564 0.1929138 -0.03312617 -0.9805244 0.1930689 -0.03600281 -0.9819418 0.1873479 -0.02628743 -0.9803988 0.1931455 -0.03889781 -0.9817994 0.1875054 -0.03019273 -0.980279 0.1931504 -0.04178518 -0.9816428 0.1877562 -0.03354161 -0.9801279 0.1932556 -0.04473882 -0.979924 0.1935829 -0.04769277 -0.9814691 0.1879218 -0.03746849 -0.9796646 0.1941428 -0.05065441 -0.9810876 0.1886511 -0.0433343 -0.979557 0.1932994 -0.05570864 -0.9549327 0.200037 -0.2192917 -0.9584618 0.2039538 -0.1993835 -0.959854 0.1990536 -0.1976312 -0.9615685 0.207013 -0.1803656 -0.942734 0.1860467 -0.2768384 -0.9593899 0.1925881 -0.2061091 -0.9621108 0.1965296 -0.1889952 -0.946057 0.1810346 -0.2687055 -0.9426029 0.1800197 -0.2812344 -0.9623016 0.1906837 -0.1939473 -0.9637711 0.1978889 -0.1788445 -0.9432574 0.174177 -0.2827152 -0.9680329 0.1882819 -0.1657172 -0.9669691 0.1851349 -0.1752023 -0.9498687 0.1795178 -0.2559745 -0.9493376 0.1275869 0.2871932 -0.9519751 0.130869 0.2767971 -0.9526656 0.1443606 0.26756 -0.95236 0.1355394 0.2732023 -0.9506927 0.1320483 0.2806186 -0.9552754 0.1408713 0.260008 -0.9592161 0.1388385 0.2462283 -0.9752212 0.2079185 0.07558768 -0.9742581 0.2040744 0.09578484 -0.9750407 0.2121539 0.06547021 -0.9745352 0.195512 0.1098019 -0.9751788 0.1993647 0.09633266 -0.9753322 0.2059976 0.07932454 -0.9768255 0.206059 0.05789291 -0.9763407 0.1973127 0.08846861 -0.9768654 0.1739846 0.1243524 -0.9766068 0.1913555 0.09809374 -0.9781635 0.1802561 0.1034599 -0.9775758 0.1876121 0.09564149 -0.9788724 0.1911792 0.07252168 -0.9772171 0.1969567 0.07908767 -0.9777098 0.1992313 0.06626033 -0.9779641 0.1926366 0.08048254 -0.9764822 0.2146725 0.01995813 -0.98003 0.168446 0.1056753 -0.9784967 0.1910386 0.07777285 -0.9796826 0.1746917 0.0985136 -0.980937 0.1746622 0.08518207 -0.9764477 0.2141052 0.02662557 -0.9750626 0.2199211 -0.02979844 -0.9748377 0.2176307 -0.04825258 -0.9728584 0.220748 -0.06940376 -0.9727294 0.2197826 -0.07411569 -0.9711625 0.2190727 -0.0940774 -0.9688481 0.2162547 -0.1206961 -0.9730536 0.2171459 -0.07755374 -0.9786428 0.204935 -0.01612418 -0.9783773 0.2053917 -0.024333 -0.9778267 0.2069985 -0.03172528 -0.9618486 0.2129975 -0.1716953 -0.9617422 0.2118909 -0.1736502 -0.9650144 0.2129924 -0.1529101 -0.9661585 0.2153939 -0.1419274 -0.9612448 0.2106192 -0.1778991 -0.9635007 0.2135299 -0.1614664 -0.9640737 0.2129176 -0.158834 -0.9655912 0.2116667 -0.151099 -0.978571 0.1962907 -0.06220078 -0.9630424 0.2042809 -0.1755524 -0.9641218 0.2050713 -0.1685671 -0.9650934 0.2017583 -0.1669976 -0.9628434 0.2009895 -0.1803774 -0.9789121 0.1895638 -0.07613623 -0.9565402 0.1932439 -0.218375 -0.93858 0.1750825 -0.2973444 -0.9427606 0.120573 0.3109093 -0.9451336 0.1297712 0.2998033 -0.9499317 0.1316575 0.283366 -0.9455203 0.1221647 0.3017734 -0.9541357 0.1433479 0.2628239 -0.9571081 0.1586545 0.2424314 -0.9585244 0.1583527 0.2369713 -0.9582728 0.1544104 0.2405635 -0.9730708 0.2013638 0.1121873 -0.9742234 0.2075114 0.08847403 -0.9759364 0.2091688 0.06161814 -0.9761038 0.1504969 0.1567549 -0.9754071 0.2075685 0.0741375 -0.9752652 0.1624699 0.1498715 -0.9759712 0.2104818 0.05637121 -0.9761314 0.2097443 0.0563451 -0.9754533 0.2104355 0.06486833 -0.9758552 0.2116552 0.05393308 -0.9764186 0.2118355 0.04162347 -0.9763577 0.2104799 0.04923272 -0.9759621 0.2113013 0.05338436 -0.9753572 0.2167552 0.04117804 -0.9771363 0.2111231 0.02513992 -0.9773193 0.2096514 0.02989035 -0.9792051 0.1942715 0.05844736 -0.9775384 0.20889 0.02799403 -0.9785623 0.2034796 0.03181141 -0.9772753 0.211616 0.01231664 0.9735046 -0.220674 0.05993294 0.9714334 -0.2197185 0.08967244 0.9658028 -0.215602 0.144017 0.9762527 -0.1999264 0.08342748 0.9724394 -0.2108073 0.09960925 0.9741746 -0.2136754 0.07298415 0.9487828 -0.1937153 0.2495709 0.9735276 -0.1999375 0.1107659 0.970211 -0.1948879 0.1439072 0.9537665 -0.1850958 0.2367892 0.9609054 -0.1581047 -0.2272965 0.963598 -0.1622052 -0.2125286 0.961833 -0.1571514 -0.2240105 0.9646401 -0.1620924 -0.2078354 0.9658254 -0.1703619 -0.1953408 0.966572 -0.1648939 -0.1963381 0.9677328 -0.1699206 -0.186065 0.9672027 -0.1782932 -0.1809155 0.9675007 -0.1796948 -0.1779108 0.9691629 -0.1769358 -0.171514 0.9681386 -0.1709806 -0.182957 0.9700158 -0.1859888 -0.1564532 0.9708667 -0.1759419 -0.1626731 0.9698335 -0.170941 -0.1737876 0.9698204 -0.184997 -0.158822 0.9723201 -0.1918722 -0.1333367 0.971521 -0.1828387 -0.1507213 0.9714564 -0.1753411 -0.1597749 0.9730512 -0.1811196 -0.1427132 0.9726085 -0.1757875 -0.1520907 0.9717811 -0.1905415 -0.1390516 0.9734365 -0.1869713 -0.1321485 0.9738935 -0.1976404 -0.1116681 0.9738537 -0.1898752 -0.1247259 0.9741482 -0.178136 -0.138935 0.9753373 -0.1862719 -0.1184059 0.974933 -0.17918 -0.1319108 0.9749553 -0.1945863 -0.1076958 0.9758923 -0.1825183 -0.1196718 0.9761489 -0.2170714 -0.003674864 0.9759238 -0.2168815 -0.02313792 0.9759755 -0.2175776 0.01148533 0.9751358 -0.2213946 0.009738206 0.9758788 -0.2182934 -0.00292617 0.9755749 -0.2182561 0.02485787 0.9751486 -0.22077 0.01859885 0.9748306 -0.2202243 0.03473865 0.9756349 -0.2193819 -0.002864181 0.9762312 -0.216385 0.0122587 0.9759054 -0.2173095 0.01963484 0.9751881 -0.2185293 0.03539824 0.9793948 -0.1898218 -0.06894707 0.9793193 -0.1977058 -0.04296815 0.9792233 -0.193673 -0.06010472 0.9807552 -0.1877483 -0.05357134 0.9796432 -0.1986216 -0.02913564 0.9815117 -0.1867253 -0.04205214 0.9804055 -0.1954595 -0.02451181 0.981619 -0.1873836 -0.03621947 0.9687779 -0.2191501 0.1159427 0.9816521 -0.1883106 -0.02997308 0.9803213 -0.1964837 -0.01908653 0.9804628 -0.1963814 -0.01127451 0.9817544 -0.1886439 -0.02391415 0.9814689 -0.1908869 -0.0167666 0.9815752 -0.1909496 -0.006972849 0.9812495 -0.1927158 -0.003187537 0.9806349 -0.1953496 -0.01391822 0.9606109 -0.2125465 0.1790271 0.9609552 -0.2142195 0.1751434 0.9679442 -0.2172694 0.1260086 0.980853 -0.1947474 9.50566e-4 0.9810286 -0.193847 -0.002485036 0.9803602 -0.1971503 0.005082488 0.9798033 -0.1997417 0.009432613 0.9797093 -0.1997088 0.01691973 0.9565162 -0.2086269 0.2038424 0.9827862 -0.1847143 0.003462672 0.9828048 -0.1842468 0.01215857 0.9813588 -0.1913242 0.01816874 0.9699474 -0.2088821 0.1247816 0.9699135 -0.2151553 0.1139134 0.9672917 -0.2065553 0.1472471 0.9793429 -0.1983175 0.03946703 0.9809826 -0.1921907 0.02712839 0.982324 -0.1863039 0.01817578 0.9520679 -0.2031025 0.2287274 0.9576946 -0.2063726 0.2005779 0.9807555 -0.1926561 0.03165924 0.9820432 -0.1871086 0.02411675 0.9805083 -0.1930891 0.03633147 0.9818389 -0.1873107 0.03011912 0.9803103 -0.1931827 0.04089236 0.9800766 -0.1932804 0.04574584 0.9815744 -0.1876589 0.03599923 0.9796932 -0.1940164 0.0505861 0.9810532 -0.1885164 0.04467743 0.9794122 -0.19376 0.05664795 0.9549758 -0.199952 0.2191814 0.9584624 -0.2039528 0.199382 0.959854 -0.1990435 0.1976416 0.9615688 -0.2070118 0.1803652 0.9420148 -0.1862992 0.2791072 0.9593112 -0.1925464 0.2065137 0.9620357 -0.1965236 0.1893827 0.9440488 -0.1800423 0.2763274 0.9467597 -0.1786537 0.2678228 0.9636039 -0.1910388 0.1870076 0.963785 -0.1976233 0.1790627 0.9618757 -0.1916913 0.1950632 0.9433833 -0.173986 0.2824128 0.9680188 -0.1887934 0.1652169 0.9667527 -0.1858739 0.1756134 0.9499281 -0.1796081 0.2556906 0.9496426 -0.1281772 -0.2859188 0.9522884 -0.1314056 -0.2754622 0.9529172 -0.1450228 -0.266303 0.9526677 -0.1361099 -0.271843 0.9510039 -0.1326159 -0.2792931 0.9552152 -0.140183 -0.2606006 0.9590569 -0.1423588 -0.2448346 0.9630202 -0.174414 -0.2053582 0.962907 -0.1668391 -0.2120729 0.9631706 -0.1678943 -0.2100331 0.9652506 -0.170494 -0.1980485 0.9753763 -0.2111207 -0.06378918 0.9755797 -0.214033 -0.04933559 0.9750825 -0.2079054 -0.07739132 0.975326 -0.199698 -0.09412813 0.9758588 -0.2031448 -0.08020013 0.9759748 -0.2092103 -0.0608626 0.9765346 -0.2093836 -0.05038839 0.9769947 -0.1741717 -0.1230676 0.9759799 -0.201448 -0.0829578 0.9767821 -0.1896755 -0.09959906 0.9782588 -0.1804013 -0.1022999 0.9779143 -0.1871336 -0.09308421 0.9772585 -0.198312 -0.07508826 0.9776874 -0.2012891 -0.06008446 0.9768117 -0.2116373 -0.03238326 0.9768802 -0.2133243 -0.01406818 0.9766746 -0.2140793 -0.01663666 0.9801439 -0.1686292 -0.1043175 0.978696 -0.1935197 -0.06858932 0.9797911 -0.1748097 -0.09721595 0.9810139 -0.1748504 -0.08389961 0.976185 -0.2166111 0.01193976 0.9750965 -0.218451 0.03828895 0.9751776 -0.2176837 0.04052853 0.9730415 -0.2206971 0.06695502 0.9750671 -0.2150657 0.05468815 0.9777129 -0.2097984 0.007887184 0.9730575 -0.2191147 0.07174777 0.9711565 -0.219321 0.09356039 0.9688478 -0.216255 0.1206971 0.9728683 -0.2179924 0.07750284 0.9784826 -0.205402 0.01954406 0.9775917 -0.2082449 0.03080153 0.9778934 -0.2065714 0.03244876 0.9767674 -0.2109171 0.03794127 0.9764034 -0.2105954 0.04781234 0.9616128 -0.2125864 0.173516 0.9619579 -0.2116196 0.1727837 0.9650144 -0.2129919 0.1529108 0.9661583 -0.215394 0.1419283 0.9612449 -0.2106186 0.1778994 0.9635012 -0.2135286 0.1614655 0.9640738 -0.2129169 0.1588334 0.9655914 -0.2116655 0.1510994 0.9785263 -0.196399 0.06255978 0.9630461 -0.2042716 0.1755432 0.9641106 -0.2050883 0.1686108 0.9650507 -0.2018193 0.1671708 0.962816 -0.2009842 0.1805294 0.9788382 -0.1895047 0.07722735 0.9564899 -0.1933912 0.2184654 0.938449 -0.1752359 0.2976676 0.943076 -0.1212422 -0.30969 0.9454926 -0.1305841 -0.2983146 0.9502367 -0.1324417 -0.2819742 0.9458338 -0.1228407 -0.300514 0.9543647 -0.1440287 -0.2616178 0.95765 -0.1515306 -0.2448369 0.9572873 -0.1592468 -0.2413325 0.9582711 -0.1586011 -0.2378282 0.958252 -0.1548283 -0.2403776 0.9585996 -0.1486604 -0.2428727 0.9735159 -0.2054016 -0.1003836 0.9728751 -0.2008271 -0.114816 0.9754851 -0.2084636 -0.07051157 0.9738146 -0.2004299 -0.1072997 0.9736078 -0.198623 -0.112413 0.9753893 -0.1626968 -0.1488135 0.9750368 -0.2037069 -0.08835572 0.9761089 -0.2121924 -0.0467534 0.9761117 -0.2135604 -0.0399754 0.9769951 -0.2128399 0.01341229 0.9770528 -0.2120895 -0.01964318 0.9773422 -0.2101573 -0.02522546 0.9775422 -0.2092393 -0.02510547 0.9772469 -0.2119554 -0.007962048 0.9752076 -0.216945 0.04364955 0.9755046 -0.2152843 0.04520517 0.976283 -0.2124571 0.04163664 0.9705622 -0.1972108 -0.1382642 0.9692122 -0.1927598 -0.1532045 0.971127 -0.1903712 -0.1437745 0.9699113 -0.188404 -0.1541951 0.9666189 -0.1839609 -0.1783433</float_array>
          <technique_common>
            <accessor source="#geometry_3085efd1_364a_4d22_b9d3_ce194ebf7bbc-mesh-normals-array" count="648" stride="3">
              <param name="X" type="float"/>
              <param name="Y" type="float"/>
              <param name="Z" type="float"/>
            </accessor>
          </technique_common>
        </source>
        <vertices id="geometry_3085efd1_364a_4d22_b9d3_ce194ebf7bbc-mesh-vertices">
          <input semantic="POSITION" source="#geometry_3085efd1_364a_4d22_b9d3_ce194ebf7bbc-mesh-positions"/>
        </vertices>
        <triangles material="mat_2-material" count="1292">
          <input semantic="VERTEX" source="#geometry_3085efd1_364a_4d22_b9d3_ce194ebf7bbc-mesh-vertices" offset="0"/>
          <input semantic="NORMAL" source="#geometry_3085efd1_364a_4d22_b9d3_ce194ebf7bbc-mesh-normals" offset="1"/>
          <p>0 0 1 1 2 2 2 2 1 1 3 3 1 1 4 4 3 3 3 3 4 4 5 5 4 4 6 6 5 5 4 4 7 7 6 6 7 7 8 8 6 6 7 7 9 9 8 8 9 9 10 10 8 8 9 9 11 11 10 10 11 11 12 12 10 10 11 11 13 13 12 12 13 13 14 14 12 12 13 13 15 15 14 14 15 15 16 16 14 14 15 15 17 17 16 16 17 17 18 18 16 16 17 17 19 19 18 18 19 19 20 20 18 18 19 19 21 21 20 20 21 21 22 22 20 20 21 21 23 23 22 22 23 23 24 24 22 22 23 23 25 25 24 24 25 25 26 26 24 24 25 25 27 27 26 26 27 27 28 28 26 26 27 27 29 29 28 28 29 29 30 30 28 28 29 29 31 31 30 30 31 31 32 32 30 30 31 31 33 33 32 32 33 33 34 34 32 32 33 33 35 35 34 34 35 35 36 36 34 34 35 35 37 37 36 36 37 37 38 38 36 36 37 37 39 39 38 38 39 39 40 40 38 38 39 39 41 41 40 40 41 41 42 42 40 40 41 41 43 43 42 42 43 43 44 44 42 42 43 43 45 45 44 44 45 45 46 46 44 44 45 45 47 47 46 46 47 47 48 48 46 46 47 47 49 49 48 48 49 49 50 50 48 48 49 49 51 51 50 50 51 51 52 52 50 50 51 51 53 53 52 52 53 53 54 54 52 52 53 53 55 55 54 54 55 55 56 56 54 54 55 55 57 57 56 56 57 57 58 58 56 56 57 57 59 59 58 58 58 58 59 59 60 60 59 59 61 61 60 60 60 60 61 61 62 62 61 61 63 63 62 62 63 63 64 64 65 65 61 61 64 64 63 63 65 65 66 66 67 67 67 67 66 66 68 68 64 64 66 66 65 65 68 68 69 69 70 70 66 66 69 69 68 68 69 69 71 71 70 70 71 71 72 72 73 73 69 69 72 72 71 71 73 73 74 74 75 75 72 72 74 74 73 73 74 74 76 76 75 75 76 76 77 77 78 78 74 74 77 77 76 76 77 77 79 79 78 78 78 78 79 79 80 80 79 79 81 81 80 80 80 80 81 81 82 82 81 81 83 83 82 82 82 82 83 83 84 84 83 83 85 85 84 84 84 84 85 85 86 86 85 85 87 87 86 86 86 86 87 87 88 88 88 88 89 89 90 90 87 87 89 89 88 88 90 90 91 91 92 92 89 89 91 91 90 90 92 92 93 93 94 94 91 91 93 93 92 92 93 93 95 95 94 94 93 93 96 96 95 95 96 96 97 97 95 95 96 96 98 98 97 97 98 98 99 99 97 97 98 98 100 100 99 99 99 99 101 101 102 102 100 100 101 101 99 99 102 102 103 103 104 104 101 101 103 103 102 102 104 104 105 105 106 106 103 103 105 105 104 104 106 106 107 107 108 108 105 105 107 107 106 106 108 108 109 109 110 110 107 107 109 109 108 108 110 110 111 111 112 112 109 109 111 111 110 110 111 111 113 113 112 112 111 111 114 114 113 113 114 114 115 115 113 113 114 114 116 116 115 115 116 116 117 117 115 115 116 116 118 118 117 117 118 118 119 119 117 117 118 118 120 120 119 119 120 120 121 121 119 119 120 120 122 122 121 121 122 122 123 123 121 121 122 122 124 124 123 123 123 123 125 125 126 126 124 124 125 125 123 123 126 126 127 127 128 128 125 125 127 127 126 126 128 128 129 129 130 130 127 127 129 129 128 128 129 129 131 131 130 130 130 130 131 131 132 132 131 131 133 133 132 132 132 132 133 133 134 134 133 133 135 135 134 134 134 134 135 135 136 136 135 135 137 137 136 136 136 136 137 137 138 138 137 137 139 139 138 138 138 138 139 139 140 140 139 139 141 141 140 140 140 140 141 141 142 142 143 143 0 0 2 2 144 144 0 0 143 143 145 145 144 144 143 143 146 146 144 144 145 145 147 147 146 146 145 145 148 148 146 146 147 147 149 149 148 148 147 147 150 150 148 148 149 149 151 151 150 150 149 149 152 152 150 150 151 151 153 153 152 152 151 151 154 154 152 152 153 153 155 155 154 154 153 153 156 156 154 154 155 155 157 157 156 156 155 155 158 158 156 156 157 157 159 159 158 158 157 157 159 159 157 157 160 160 161 161 159 159 160 160 162 162 161 161 160 160 163 163 161 161 162 162 164 164 163 163 162 162 165 165 163 163 164 164 166 166 165 165 164 164 167 167 165 165 166 166 168 168 167 167 166 166 169 169 167 167 168 168 170 170 169 169 168 168 170 170 168 168 171 171 172 172 170 170 171 171 173 173 172 172 171 171 174 174 172 172 173 173 175 175 174 174 173 173 176 176 174 174 175 175 177 177 176 176 175 175 177 177 175 175 178 178 179 179 177 177 178 178 180 180 179 179 178 178 181 181 179 179 180 180 182 182 181 181 180 180 183 183 181 181 182 182 184 184 183 183 182 182 185 185 184 184 182 182 186 186 185 185 187 187 186 186 184 184 185 185 188 188 186 186 187 187 189 189 186 186 188 188 190 190 189 189 188 188 191 191 189 189 190 190 192 192 191 191 190 190 193 193 191 191 192 192 194 194 193 193 192 192 195 195 193 193 194 194 196 196 195 195 194 194 197 197 195 195 196 196 198 198 197 197 196 196 199 199 197 197 198 198 200 200 199 199 198 198 201 201 199 199 200 200 202 202 201 201 200 200 203 203 201 201 202 202 204 204 203 203 202 202 205 205 203 203 204 204 206 206 205 205 204 204 207 207 205 205 206 206 208 208 207 207 206 206 209 209 207 207 208 208 210 210 209 209 208 208 211 211 209 209 210 210 212 212 211 211 210 210 213 213 211 211 212 212 214 214 213 213 212 212 215 215 214 214 212 212 216 216 214 214 215 215 217 217 216 216 215 215 141 141 216 216 217 217 141 141 217 217 142 142 218 218 219 219 220 220 218 218 221 221 219 219 218 218 222 222 223 223 218 218 223 223 221 221 224 224 222 222 218 218 224 224 218 218 220 220 225 225 226 226 227 227 225 225 227 227 228 228 225 225 228 228 229 229 225 225 230 230 222 222 225 225 222 222 224 224 225 225 224 224 220 220 225 225 229 229 230 230 225 225 220 220 226 226 231 231 162 162 160 160 231 231 232 232 233 233 231 231 160 160 232 232 234 234 164 164 162 162 234 234 231 231 235 235 234 234 236 236 164 164 3 3 143 143 2 2 145 145 143 143 3 3 5 5 145 145 3 3 234 234 162 162 231 231 234 234 237 237 236 236 234 234 235 235 237 237 238 238 235 235 231 231 238 238 231 231 233 233 238 238 239 239 235 235 240 240 233 233 241 241 240 240 238 238 233 233 240 240 241 241 239 239 240 240 239 239 238 238 140 140 215 215 212 212 140 140 217 217 215 215 140 140 142 142 217 217 138 138 140 140 212 212 138 138 212 212 210 210 136 136 210 210 208 208 136 136 138 138 210 210 134 134 136 136 208 208 242 242 185 185 182 182 242 242 187 187 185 185 242 242 182 182 243 243 244 244 190 190 188 188 245 245 97 97 99 99 246 246 200 200 198 198 247 247 222 222 245 245 247 247 245 245 99 99 247 247 248 248 222 222 247 247 99 99 102 102 247 247 102 102 104 104 247 247 104 104 106 106 249 249 247 247 106 106 249 249 106 106 108 108 249 249 108 108 110 110 250 250 121 121 123 123 251 251 252 252 253 253 254 254 252 252 251 251 255 255 232 232 252 252 255 255 252 252 254 254 256 256 251 251 18 18 256 256 254 254 251 251 256 256 18 18 20 20 257 257 255 255 254 254 257 257 254 254 256 256 258 258 256 256 20 20 258 258 257 257 256 256 259 259 257 257 258 258 260 260 259 259 258 258 261 261 20 20 22 22 261 261 22 22 24 24 261 261 260 260 258 258 261 261 258 258 20 20 262 262 241 241 259 259 262 262 259 259 260 260 263 263 262 262 260 260 264 264 260 260 261 261 264 264 261 261 24 24 264 264 263 263 260 260 265 265 263 263 264 264 239 239 241 241 262 262 239 239 263 263 265 265 239 239 262 262 263 263 266 266 24 24 26 26 266 266 264 264 24 24 267 267 265 265 264 264 267 267 264 264 266 266 268 268 267 267 266 266 268 268 266 266 26 26 269 269 265 265 267 267 269 269 239 239 265 265 270 270 269 269 267 267 271 271 270 270 267 267 271 271 267 267 268 268 272 272 270 270 271 271 273 273 272 272 271 271 274 274 273 273 271 271 275 275 273 273 274 274 276 276 175 175 173 173 277 277 175 175 276 276 278 278 178 178 175 175 278 278 180 180 178 178 278 278 175 175 277 277 279 279 278 278 277 277 279 279 280 280 278 278 281 281 277 277 276 276 281 281 279 279 277 277 282 282 182 182 180 180 282 282 243 243 182 182 282 282 180 180 278 278 282 282 278 278 280 280 283 283 279 279 281 281 284 284 279 279 283 283 285 285 279 279 284 284 286 286 243 243 282 282 286 286 280 280 279 279 286 286 282 282 280 280 286 286 279 279 285 285 287 287 288 288 289 289 290 290 288 288 287 287 291 291 287 287 52 52 291 291 290 290 287 287 291 291 52 52 54 54 292 292 290 290 291 291 293 293 54 54 56 56 293 293 292 292 291 291 293 293 291 291 54 54 294 294 292 292 293 293 294 294 56 56 58 58 294 294 295 295 292 292 294 294 293 293 56 56 296 296 188 188 187 187 296 296 244 244 188 188 296 296 187 187 242 242 297 297 58 58 60 60 297 297 294 294 58 58 297 297 298 298 295 295 297 297 295 295 294 294 299 299 300 300 298 298 299 299 60 60 62 62 299 299 297 297 60 60 299 299 298 298 297 297 301 301 302 302 300 300 301 301 300 300 299 299 303 303 192 192 190 190 303 303 194 194 192 192 303 303 190 190 244 244 304 304 302 302 301 301 304 304 305 305 302 302 304 304 306 306 307 307 304 304 307 307 305 305 308 308 244 244 296 296 309 309 306 306 304 304 310 310 194 194 303 303 311 311 301 301 299 299 311 311 304 304 301 301 311 311 62 62 63 63 311 311 299 299 62 62 311 311 63 63 65 65 311 311 65 65 67 67 311 311 67 67 68 68 311 311 68 68 70 70 311 311 70 70 71 71 312 312 311 311 71 71 313 313 196 196 194 194 313 313 198 198 196 196 313 313 194 194 310 310 314 314 312 312 71 71 314 314 71 71 73 73 315 315 312 312 314 314 315 315 309 309 304 304 315 315 304 304 311 311 315 315 311 311 312 312 316 316 317 317 309 309 316 316 309 309 315 315 318 318 319 319 248 248 318 318 247 247 249 249 318 318 248 248 247 247 318 318 249 249 320 320 321 321 315 315 314 314 321 321 73 73 75 75 321 321 314 314 73 73 322 322 317 317 316 316 323 323 310 310 324 324 323 323 246 246 198 198 323 323 313 313 310 310 323 323 198 198 313 313 325 325 315 315 321 321 325 325 321 321 75 75 325 325 75 75 76 76 326 326 317 317 322 322 327 327 316 316 315 315 327 327 315 315 325 325 327 327 76 76 78 78 327 327 325 325 76 76 328 328 317 317 326 326 329 329 317 317 328 328 330 330 322 322 316 316 330 330 316 316 327 327 330 330 327 327 78 78 331 331 317 317 329 329 332 332 326 326 322 322 332 332 78 78 80 80 332 332 330 330 78 78 332 332 322 322 330 330 333 333 317 317 331 331 334 334 326 326 332 332 334 334 328 328 326 326 334 334 332 332 80 80 334 334 329 329 328 328 335 335 317 317 333 333 336 336 317 317 335 335 337 337 329 329 334 334 337 337 331 331 329 329 337 337 334 334 80 80 337 337 80 80 82 82 338 338 317 317 336 336 339 339 331 331 337 337 339 339 335 335 333 333 339 339 337 337 82 82 339 339 338 338 336 336 339 339 333 333 331 331 339 339 82 82 84 84 339 339 84 84 86 86 339 339 336 336 335 335 340 340 317 317 338 338 340 340 338 338 339 339 340 340 339 339 86 86 340 340 86 86 88 88 341 341 250 250 246 246 341 341 324 324 342 342 341 341 246 246 323 323 341 341 323 323 324 324 343 343 342 342 344 344 345 345 202 202 200 200 345 345 204 204 202 202 345 345 200 200 246 246 346 346 343 343 347 347 346 346 119 119 121 121 348 348 345 345 246 246 348 348 349 349 345 345 350 350 346 346 347 347 350 350 347 347 351 351 350 350 119 119 346 346 350 350 115 115 117 117 350 350 117 117 119 119 352 352 128 128 130 130 352 352 130 130 132 132 352 352 348 348 128 128 352 352 349 349 348 348 353 353 249 249 110 110 353 353 350 350 351 351 353 353 351 351 249 249 353 353 110 110 112 112 354 354 115 115 350 350 354 354 353 353 112 112 354 354 350 350 353 353 354 354 112 112 113 113 354 354 113 113 115 115 355 355 123 123 126 126 355 355 246 246 250 250 355 355 126 126 128 128 355 355 128 128 348 348 355 355 348 348 246 246 355 355 250 250 123 123 356 356 8 8 10 10 357 357 10 10 12 12 357 357 12 12 14 14 357 357 356 356 10 10 358 358 153 153 151 151 359 359 360 360 356 356 359 359 356 356 357 357 361 361 357 357 14 14 361 361 359 359 357 357 361 361 251 251 253 253 362 362 18 18 251 251 362 362 14 14 16 16 362 362 16 16 18 18 362 362 251 251 361 361 362 362 361 361 14 14 233 233 232 232 255 255 233 233 257 257 259 259 233 233 259 259 241 241 233 233 255 255 257 257 363 363 171 171 168 168 363 363 173 173 171 171 363 363 168 168 364 364 365 365 173 173 363 363 365 365 363 363 364 364 365 365 276 276 173 173 366 366 270 270 272 272 366 366 239 239 269 269 366 366 269 269 270 270 366 366 272 272 273 273 367 367 239 239 366 366 368 368 367 367 369 369 370 370 366 366 273 273 370 370 369 369 367 367 370 370 367 367 366 366 371 371 275 275 274 274 371 371 34 34 36 36 372 372 370 370 273 273 372 372 273 273 275 275 373 373 275 275 371 371 374 374 275 275 373 373 374 374 373 373 375 375 374 374 372 372 275 275 376 376 370 370 372 372 377 377 369 369 370 370 377 377 370 370 376 376 378 378 372 372 374 374 378 378 376 376 372 372 379 379 283 283 281 281 380 380 371 371 36 36 380 380 36 36 38 38 380 380 38 38 40 40 380 380 40 40 42 42 380 380 42 42 44 44 381 381 374 374 375 375 381 381 378 378 374 374 382 382 371 371 380 380 382 382 373 373 371 371 383 383 382 382 380 380 383 383 287 287 289 289 383 383 52 52 287 287 383 383 373 373 382 382 383 383 380 380 44 44 383 383 375 375 373 373 383 383 44 44 46 46 383 383 46 46 48 48 383 383 48 48 50 50 383 383 50 50 52 52 383 383 289 289 375 375 219 219 283 283 379 379 219 219 379 379 384 384 385 385 283 283 219 219 385 385 284 284 283 283 385 385 285 285 284 284 386 386 286 286 285 285 386 386 285 285 385 385 221 221 385 385 219 219 221 221 386 386 385 385 387 387 243 243 286 286 387 387 286 286 386 386 387 387 242 242 243 243 223 223 386 386 221 221 388 388 387 387 386 386 389 389 387 387 388 388 389 389 308 308 296 296 389 389 390 390 308 308 389 389 319 319 390 390 389 389 296 296 242 242 389 389 242 242 387 387 391 391 248 248 319 319 391 391 389 389 388 388 391 391 222 222 248 248 391 391 223 223 222 222 391 391 386 386 223 223 391 391 388 388 386 386 391 391 319 319 389 389 392 392 298 298 300 300 392 392 306 306 309 309 392 392 302 302 305 305 392 392 307 307 306 306 392 392 305 305 307 307 392 392 300 300 302 302 392 392 226 226 298 298 227 227 226 226 392 392 393 393 227 227 392 392 393 393 392 392 309 309 394 394 393 393 309 309 394 394 228 228 227 227 394 394 229 229 228 228 394 394 309 309 317 317 394 394 227 227 393 393 230 230 245 245 222 222 230 230 229 229 394 394 395 395 310 310 303 303 395 395 303 303 244 244 396 396 324 324 310 310 396 396 310 310 395 395 396 396 395 395 244 244 397 397 244 244 308 308 397 397 396 396 244 244 398 398 397 397 308 308 398 398 308 308 390 390 399 399 324 324 396 396 399 399 396 396 397 397 399 399 342 342 324 324 399 399 344 344 342 342 400 400 399 399 397 397 400 400 344 344 399 399 400 400 397 397 398 398 401 401 400 400 398 398 401 401 344 344 400 400 402 402 344 344 401 401 402 402 398 398 390 390 402 402 401 401 398 398 402 402 319 319 318 318 402 402 390 390 319 319 402 402 318 318 320 320 403 403 394 394 317 317 403 403 245 245 230 230 403 403 230 230 394 394 403 403 317 317 340 340 404 404 344 344 402 402 404 404 343 343 344 344 405 405 402 402 320 320 405 405 404 404 402 402 406 406 405 405 320 320 406 406 249 249 351 351 406 406 320 320 249 249 407 407 351 351 347 347 407 407 406 406 351 351 407 407 343 343 404 404 407 407 404 404 405 405 407 407 347 347 343 343 407 407 405 405 406 406 408 408 245 245 403 403 408 408 97 97 245 245 408 408 403 403 340 340 408 408 88 88 90 90 408 408 90 90 92 92 408 408 92 92 94 94 408 408 340 340 88 88 408 408 94 94 95 95 408 408 95 95 97 97 409 409 342 342 343 343 409 409 250 250 341 341 409 409 341 341 342 342 409 409 343 343 346 346 409 409 346 346 121 121 409 409 121 121 250 250 410 410 134 134 208 208 410 410 132 132 134 134 410 410 206 206 204 204 410 410 208 208 206 206 410 410 204 204 345 345 410 410 345 345 349 349 410 410 352 352 132 132 410 410 349 349 352 352 411 411 147 147 145 145 411 411 145 145 5 5 411 411 5 5 6 6 412 412 149 149 147 147 412 412 151 151 149 149 412 412 411 411 413 413 412 412 147 147 411 411 412 412 413 413 358 358 412 412 358 358 151 151 414 414 360 360 413 413 414 414 6 6 8 8 414 414 411 411 6 6 414 414 413 413 411 411 414 414 356 356 360 360 414 414 8 8 356 356 415 415 413 413 360 360 415 415 360 360 359 359 415 415 358 358 413 413 415 415 361 361 253 253 415 415 359 359 361 361 416 416 155 155 153 153 416 416 157 157 155 155 416 416 160 160 157 157 416 416 153 153 358 358 416 416 232 232 160 160 417 417 232 232 416 416 417 417 416 416 358 358 418 418 252 252 232 232 418 418 253 253 252 252 418 418 358 358 415 415 418 418 415 415 253 253 418 418 232 232 417 417 418 418 417 417 358 358 236 236 166 166 164 164 236 236 168 168 166 166 237 237 168 168 236 236 237 237 364 364 168 168 235 235 364 364 237 237 419 419 368 368 420 420 419 419 239 239 367 367 419 419 367 367 368 368 419 419 420 420 364 364 419 419 364 364 235 235 419 419 235 235 239 239 421 421 276 276 365 365 421 421 365 365 364 364 422 422 26 26 28 28 422 422 28 28 30 30 422 422 30 30 32 32 422 422 32 32 34 34 423 423 421 421 364 364 423 423 364 364 420 420 424 424 268 268 26 26 424 424 34 34 371 371 424 424 371 371 274 274 424 424 26 26 422 422 424 424 274 274 271 271 424 424 422 422 34 34 424 424 271 271 268 268 425 425 421 421 423 423 425 425 276 276 421 421 426 426 425 425 423 423 426 426 276 276 425 425 427 427 423 423 420 420 427 427 426 426 423 423 427 427 420 420 368 368 428 428 426 426 427 427 429 429 426 426 428 428 429 429 276 276 426 426 429 429 281 281 276 276 429 429 379 379 281 281 430 430 428 428 427 427 431 431 427 427 368 368 431 431 430 430 427 427 431 431 368 368 369 369 432 432 428 428 430 430 432 432 429 429 428 428 432 432 379 379 429 429 432 432 430 430 431 431 432 432 431 431 384 384 432 432 384 384 379 379 433 433 431 431 369 369 433 433 384 384 431 431 433 433 220 220 219 219 433 433 219 219 384 384 434 434 433 433 369 369 435 435 376 376 378 378 435 435 377 377 376 376 435 435 289 289 288 288 435 435 381 381 375 375 435 435 378 378 381 381 435 435 375 375 289 289 436 436 434 434 369 369 437 437 226 226 436 436 437 437 377 377 435 435 437 437 435 435 288 288 437 437 288 288 290 290 437 437 369 369 377 377 437 437 298 298 226 226 437 437 292 292 295 295 437 437 436 436 369 369 437 437 290 290 292 292 437 437 295 295 298 298 438 438 436 436 226 226 438 438 220 220 433 433 438 438 433 433 434 434 438 438 434 434 436 436 438 438 226 226 220 220 0 0 144 144 1 1 144 144 146 146 1 1 146 146 4 4 1 1 216 216 139 139 214 214 141 141 139 139 216 216 213 213 137 137 211 211 214 214 137 137 213 213 139 139 137 137 214 214 209 209 135 135 207 207 211 211 135 135 209 209 137 137 135 135 211 211 135 135 133 133 207 207 184 184 439 439 183 183 184 184 440 440 439 439 186 186 440 440 184 184 191 191 441 441 189 189 98 98 442 442 100 100 443 443 442 442 444 444 201 201 445 445 199 199 443 443 446 446 442 442 442 442 446 446 100 100 100 100 446 446 101 101 101 101 446 446 103 103 103 103 446 446 105 105 446 446 447 447 105 105 105 105 447 447 107 107 107 107 447 447 109 109 122 122 448 448 124 124 449 449 450 450 451 451 19 19 452 452 21 21 450 450 452 452 451 451 451 451 452 452 19 19 450 450 453 453 452 452 21 21 454 454 23 23 452 452 454 454 21 21 453 453 455 455 452 452 452 452 455 455 454 454 453 453 456 456 455 455 457 457 456 456 453 453 456 456 458 458 455 455 455 455 459 459 454 454 458 458 459 459 455 455 454 454 459 459 23 23 457 457 460 460 456 456 456 456 460 460 458 458 458 458 461 461 459 459 459 459 462 462 23 23 23 23 462 462 25 25 25 25 462 462 27 27 461 461 462 462 459 459 458 458 463 463 461 461 460 460 463 463 458 458 460 460 464 464 463 463 464 464 465 465 463 463 463 463 465 465 461 461 462 462 466 466 27 27 461 461 466 466 462 462 465 465 466 466 461 461 465 465 467 467 466 466 466 466 468 468 27 27 467 467 468 468 466 466 465 465 469 469 467 467 464 464 469 469 465 465 469 469 470 470 467 467 464 464 471 471 469 469 469 469 471 471 470 470 471 471 472 472 470 470 472 472 473 473 470 470 470 470 473 473 467 467 467 467 473 473 468 468 472 472 474 474 473 473 474 474 475 475 473 473 472 472 476 476 474 474 471 471 476 476 472 472 474 474 477 477 475 475 177 177 478 478 176 176 478 478 479 479 176 176 177 177 480 480 478 478 179 179 480 480 177 177 480 480 481 481 478 478 481 481 482 482 478 478 478 478 482 482 479 479 179 179 483 483 480 480 181 181 483 483 179 179 483 483 484 484 480 480 480 480 484 484 481 481 481 481 484 484 482 482 181 181 485 485 483 483 439 439 485 485 183 183 183 183 485 485 181 181 483 483 485 485 484 484 482 482 486 486 479 479 482 482 487 487 486 486 482 482 488 488 487 487 439 439 489 489 485 485 484 484 489 489 482 482 485 485 489 489 484 484 482 482 489 489 488 488 490 490 491 491 492 492 491 491 493 493 492 492 491 491 494 494 493 493 53 53 495 495 55 55 493 493 495 495 53 53 494 494 495 495 493 493 494 494 496 496 495 495 55 55 497 497 57 57 495 495 497 497 55 55 496 496 497 497 495 495 441 441 498 498 189 189 189 189 498 498 186 186 186 186 498 498 440 440 497 497 499 499 57 57 57 57 499 499 59 59 500 500 499 499 496 496 496 496 499 499 497 497 501 501 502 502 500 500 59 59 502 502 61 61 499 499 502 502 59 59 500 500 502 502 499 499 502 502 503 503 61 61 501 501 503 503 502 502 504 504 503 503 501 501 505 505 506 506 504 504 504 504 506 506 503 503 193 193 507 507 191 191 191 191 508 508 441 441 507 507 508 508 191 191 441 441 509 509 498 498 510 510 511 511 505 505 512 512 511 511 510 510 505 505 511 511 506 506 513 513 511 511 512 512 513 513 514 514 511 511 193 193 515 515 507 507 507 507 515 515 508 508 195 195 515 515 193 193 503 503 516 516 61 61 506 506 516 516 503 503 511 511 516 516 506 506 61 61 516 516 64 64 64 64 516 516 66 66 66 66 516 516 69 69 69 69 516 516 72 72 72 72 517 517 74 74 516 516 517 517 72 72 511 511 518 518 516 516 514 514 518 518 511 511 516 516 518 518 517 517 443 443 519 519 446 446 520 520 519 519 443 443 447 447 519 519 521 521 446 446 519 519 447 447 522 522 523 523 514 514 514 514 523 523 518 518 517 517 524 524 74 74 74 74 524 524 77 77 518 518 524 524 517 517 445 445 525 525 199 199 515 515 525 525 526 526 195 195 525 525 515 515 197 197 525 525 195 195 199 199 525 525 197 197 522 522 527 527 523 523 523 523 528 528 518 518 524 524 528 528 77 77 518 518 528 528 524 524 522 522 529 529 527 527 77 77 530 530 79 79 527 527 530 530 523 523 528 528 530 530 77 77 523 523 530 530 528 528 522 522 531 531 529 529 522 522 532 532 531 531 79 79 533 533 81 81 527 527 533 533 530 530 530 530 533 533 79 79 529 529 533 533 527 527 522 522 534 534 532 532 529 529 535 535 533 533 534 534 535 535 532 532 81 81 535 535 83 83 83 83 535 535 85 85 85 85 535 535 87 87 533 533 535 535 81 81 531 531 535 535 529 529 532 532 535 535 531 531 522 522 536 536 534 534 535 535 536 536 87 87 534 534 536 536 535 535 445 445 537 537 525 525 448 448 537 537 445 445 526 526 537 537 538 538 525 525 537 537 526 526 538 538 539 539 540 540 205 205 541 541 203 203 201 201 541 541 445 445 203 203 541 541 201 201 120 120 542 542 122 122 539 539 542 542 543 543 541 541 544 544 445 445 544 544 545 545 445 445 116 116 546 546 118 118 547 547 548 548 546 546 543 543 548 548 547 547 542 542 548 548 543 543 120 120 548 548 542 542 546 546 548 548 118 118 118 118 548 548 120 120 545 545 549 549 127 127 544 544 549 549 545 545 127 127 549 549 129 129 129 129 549 549 131 131 546 546 550 550 547 547 547 547 550 550 447 447 109 109 550 550 111 111 447 447 550 550 109 109 546 546 551 551 550 550 116 116 551 551 546 546 550 550 551 551 111 111 111 111 551 551 114 114 114 114 551 551 116 116 448 448 552 552 124 124 545 545 552 552 445 445 127 127 552 552 545 545 445 445 552 552 448 448 124 124 552 552 125 125 125 125 552 552 127 127 9 9 553 553 11 11 11 11 554 554 13 13 13 13 554 554 15 15 553 553 554 554 11 11 154 154 555 555 152 152 553 553 556 556 554 554 557 557 556 556 553 553 554 554 558 558 15 15 556 556 558 558 554 554 15 15 559 559 17 17 17 17 559 559 19 19 19 19 559 559 451 451 558 558 559 559 15 15 159 159 560 560 158 158 161 161 560 560 159 159 561 561 560 560 457 457 449 449 562 562 450 450 450 450 562 562 453 453 561 561 562 562 449 449 453 453 563 563 457 457 562 562 563 563 453 453 561 561 563 563 562 562 457 457 563 563 561 561 172 172 564 564 170 170 174 174 564 564 172 172 564 564 565 565 566 566 479 479 565 565 176 176 176 176 565 565 174 174 174 174 565 565 564 564 471 471 567 567 476 476 471 471 568 568 567 567 568 568 569 569 570 570 35 35 571 571 37 37 477 477 571 571 475 475 567 567 572 572 476 476 568 568 572 572 567 567 570 570 572 572 568 568 474 474 573 573 477 477 476 476 573 573 474 474 477 477 574 574 571 571 477 477 575 575 574 574 574 574 575 575 490 490 573 573 575 575 477 477 572 572 576 576 476 476 476 476 576 576 573 573 576 576 577 577 491 491 572 572 577 577 576 576 570 570 577 577 572 572 569 569 578 578 570 570 487 487 579 579 486 486 579 579 580 580 578 578 37 37 581 581 39 39 39 39 581 581 41 41 41 41 581 581 43 43 43 43 581 581 45 45 571 571 581 581 37 37 491 491 582 582 576 576 576 576 582 582 573 573 573 573 582 582 575 575 575 575 582 582 490 490 490 490 582 582 491 491 571 571 583 583 581 581 574 574 583 583 571 571 45 45 584 584 47 47 47 47 584 584 49 49 49 49 584 584 51 51 51 51 584 584 53 53 490 490 584 584 574 574 581 581 584 584 45 45 574 574 584 584 583 583 583 583 584 584 581 581 492 492 584 584 490 490 53 53 584 584 493 493 493 493 584 584 492 492 487 487 585 585 579 579 579 579 585 585 580 580 487 487 586 586 585 585 488 488 586 586 487 487 489 489 586 586 488 488 586 586 587 587 585 585 489 489 588 588 586 586 439 439 588 588 489 489 440 440 588 588 439 439 586 586 589 589 587 587 500 500 590 590 501 501 494 494 590 590 496 496 496 496 590 590 500 500 588 588 591 591 586 586 586 586 591 591 589 589 498 498 592 592 440 440 509 509 592 592 498 498 593 593 592 592 509 509 520 520 592 592 593 593 588 588 592 592 591 591 440 440 592 592 588 588 443 443 594 594 520 520 589 589 594 594 444 444 591 591 594 594 589 589 520 520 594 594 592 592 592 592 594 594 591 591 444 444 594 594 443 443 504 504 595 595 505 505 505 505 595 595 510 510 510 510 595 595 512 512 512 512 595 595 513 513 513 513 595 595 514 514 590 590 595 595 501 501 501 501 595 595 504 504 590 590 596 596 595 595 514 514 597 597 522 522 595 595 597 597 514 514 596 596 597 597 595 595 598 598 597 597 596 596 442 442 599 599 444 444 598 598 599 599 597 597 526 526 600 600 515 515 515 515 600 600 508 508 508 508 600 600 441 441 600 600 601 601 441 441 526 526 601 601 600 600 601 601 602 602 441 441 441 441 602 602 509 509 602 602 603 603 509 509 509 509 603 603 593 593 601 601 604 604 602 602 526 526 604 604 601 601 540 540 604 604 538 538 538 538 604 604 526 526 604 604 605 605 602 602 540 540 605 605 604 604 602 602 605 605 603 603 540 540 606 606 605 605 605 605 606 606 603 603 603 603 607 607 593 593 606 606 607 607 603 603 540 540 607 607 606 606 593 593 607 607 520 520 520 520 607 607 519 519 519 519 607 607 521 521 522 522 608 608 536 536 442 442 608 608 599 599 597 597 608 608 522 522 599 599 608 608 597 597 539 539 609 609 540 540 540 540 609 609 607 607 607 607 610 610 521 521 609 609 610 610 607 607 447 447 611 611 547 547 610 610 611 611 521 521 521 521 611 611 447 447 539 539 612 612 609 609 611 611 612 612 547 547 547 547 612 612 543 543 609 609 612 612 610 610 610 610 612 612 611 611 543 543 612 612 539 539 608 608 613 613 536 536 536 536 613 613 87 87 442 442 613 613 608 608 87 87 613 613 89 89 89 89 613 613 91 91 91 91 613 613 93 93 93 93 613 613 96 96 96 96 613 613 98 98 98 98 613 613 442 442 537 537 614 614 538 538 542 542 614 614 122 122 122 122 614 614 448 448 539 539 614 614 542 542 448 448 614 614 537 537 538 538 614 614 539 539 207 207 615 615 205 205 133 133 615 615 207 207 541 541 615 615 544 544 544 544 615 615 549 549 549 549 615 615 131 131 131 131 615 615 133 133 205 205 615 615 541 541 4 4 616 616 7 7 146 146 616 616 4 4 148 148 616 616 146 146 616 616 617 617 618 618 148 148 617 617 616 616 618 618 617 617 555 555 555 555 617 617 152 152 150 150 617 617 148 148 152 152 617 617 150 150 7 7 619 619 9 9 618 618 619 619 616 616 9 9 619 619 553 553 616 616 619 619 7 7 553 553 619 619 557 557 557 557 619 619 618 618 555 555 620 620 618 618 618 618 620 620 557 557 557 557 620 620 556 556 558 558 620 620 621 621 556 556 620 620 558 558 154 154 622 622 555 555 156 156 622 622 154 154 158 158 622 622 156 156 560 560 622 622 158 158 561 561 622 622 560 560 561 561 623 623 622 622 622 622 623 623 555 555 555 555 624 624 620 620 621 621 624 624 449 449 620 620 624 624 621 621 561 561 624 624 623 623 623 623 624 624 555 555 449 449 624 624 561 561 449 449 625 625 621 621 451 451 625 625 449 449 621 621 625 625 558 558 559 559 625 625 451 451 558 558 625 625 559 559 566 566 626 626 564 564 169 169 626 626 167 167 170 170 626 626 169 169 564 564 626 626 170 170 627 627 626 626 566 566 628 628 629 629 566 566 566 566 629 629 627 627 464 464 630 630 471 471 27 27 631 631 29 29 29 29 631 631 31 31 571 571 631 631 475 475 473 473 631 631 468 468 31 31 631 631 33 33 33 33 631 631 35 35 35 35 631 631 571 571 475 475 631 631 473 473 468 468 631 631 27 27 471 471 632 632 568 568 569 569 632 632 628 628 568 568 632 632 569 569 628 628 632 632 629 629 630 630 632 632 471 471 629 629 632 632 630 630 479 479 633 633 565 565 566 566 633 633 628 628 565 565 633 633 566 566 479 479 634 634 633 633 628 628 634 634 569 569 486 486 634 634 479 479 578 578 634 634 579 579 579 579 634 634 486 486 569 569 634 634 578 578 633 633 634 634 628 628 635 635 636 636 585 585 580 580 636 636 578 578 585 585 636 636 580 580 578 578 636 636 570 570 636 636 637 637 570 570 577 577 638 638 491 491 570 570 638 638 577 577 494 494 638 638 590 590 491 491 638 638 494 494 637 637 638 638 570 570 636 636 639 639 637 637 590 590 639 639 635 635 638 638 639 639 590 590 637 637 639 639 638 638 635 635 639 639 636 636 585 585 640 640 635 635 587 587 640 640 585 585 444 444 640 640 589 589 589 589 640 640 587 587 444 444 641 641 640 640 640 640 641 641 635 635 598 598 642 642 599 599 590 590 642 642 596 596 444 444 642 642 641 641 641 641 642 642 635 635 635 635 642 642 590 590 599 599 642 642 444 444 596 596 642 642 598 598 626 626 643 643 167 167 163 163 643 643 644 644 627 627 643 643 626 626 165 165 643 643 163 163 167 167 643 643 165 165 644 644 643 643 627 627 629 629 645 645 627 627 630 630 645 645 629 629 464 464 645 645 630 630 627 627 645 645 644 644 464 464 646 646 645 645 457 457 646 646 460 460 460 460 646 646 464 464 644 644 647 647 163 163 645 645 647 647 644 644 457 457 647 647 646 646 646 646 647 647 645 645 161 161 647 647 560 560 163 163 647 647 161 161 560 560 647 647 457 457</p>
        </triangles>
      </mesh>
    </geometry>
    <geometry id="geometry_57759889_6266_4fa2_b138_aa2b5b4bec01-mesh" name="geometry_57759889_6266_4fa2_b138_aa2b5b4bec01">
      <mesh>
        <source id="geometry_57759889_6266_4fa2_b138_aa2b5b4bec01-mesh-positions">
          <float_array id="geometry_57759889_6266_4fa2_b138_aa2b5b4bec01-mesh-positions-array" count="1002">0 -6.17769 69.72687 13 -9.251461 69.38596 13 -6.17769 69.72687 0 -9.251461 69.38596 0 -3.091863 69.93169 13 -3.091863 69.93169 13 0 70 0 0 70 0 -150 -20 0 -149.7468 -21.5946 13 -150 -20 13 -149.7468 -21.5946 0 -149.4479 -23.03254 13 -149.4479 -23.03254 0 -149.1202 -24.32806 13 -149.1202 -24.32806 0 -148.7357 -25.62407 13 -148.7357 -25.62407 0 -148.2935 -26.91977 13 -148.2935 -26.91977 0 -147.7926 -28.21431 13 -147.7926 -28.21431 0 -147.2322 -29.50686 13 -147.2322 -29.50686 0 -146.6114 -30.79654 13 -146.6114 -30.79654 0 -145.9295 -32.08245 13 -145.9295 -32.08245 13 -145.1856 -33.36368 0 -145.1856 -33.36368 0 -144.3793 -34.63932 13 -144.3793 -34.63932 0 -143.5099 -35.9084 13 -143.5099 -35.9084 0 -142.5767 -37.16999 13 -142.5767 -37.16999 0 -141.5795 -38.42311 13 -141.5795 -38.42311 13 -140.5179 -39.66678 0 -140.5179 -39.66678 0 -139.3915 -40.90002 13 -139.3915 -40.90002 0 -138.2001 -42.12183 13 -138.2001 -42.12183 0 -136.9436 -43.33123 13 -136.9436 -43.33123 13 -135.6221 -44.5272 0 -135.6221 -44.5272 0 -134.2354 -45.70877 13 -134.2354 -45.70877 0 -132.7838 -46.87491 13 -132.7838 -46.87491 13 -131.2675 -48.02467 0 -131.2675 -48.02467 0 -129.1457 -49.53047 13 -129.1457 -49.53047 0 -126.6231 -51.1847 13 -126.6231 -51.1847 13 -123.5515 -53.02857 0 -123.5515 -53.02857 0 -120.2616 -54.82641 13 -120.2616 -54.82641 0 -116.7501 -56.57252 13 -116.7501 -56.57252 0 -113.0145 -58.26082 13 -113.0145 -58.26082 0 -109.0532 -59.88496 13 -109.0532 -59.88496 13 -104.8657 -61.43836 0 -104.8657 -61.43836 0 -100.4527 -62.91427 13 -100.4527 -62.91427 13 -95.8158 -64.30587 0 -95.8158 -64.30587 13 -90.95827 -65.60624 0 -90.95827 -65.60624 0 -85.88452 -66.80858 13 -85.88452 -66.80858 13 -80.60039 -67.90618 0 -80.60039 -67.90618 0 -75.11314 -68.89251 13 -75.11314 -68.89251 13 -69.43144 -69.76136 0 -69.43144 -69.76136 0 -63.56537 -70.50682 13 -63.56537 -70.50682 0 -57.52642 -71.1234 13 -57.52642 -71.1234 0 -51.32739 -71.60613 13 -51.32739 -71.60613 13 -44.9824 -71.95056 0 -44.9824 -71.95056 0 -38.50674 -72.1529 13 -38.50674 -72.1529 0 -31.91682 -72.20996 13 -31.91682 -72.20996 0 -25.23003 -72.11934 13 -25.23003 -72.11934 0 -18.46461 -71.87934 13 -18.46461 -71.87934 0 -11.63953 -71.48907 13 -11.63953 -71.48907 0 -4.77429 -70.94844 13 -4.77429 -70.94844 0 2.111189 -70.25817 13 2.111189 -70.25817 0 5.699925 -69.83972 13 5.699925 -69.83972 0 9.251461 -69.38596 13 9.251461 -69.38596 0 -15.54419 68.48459 13 -15.54419 68.48459 0 -21.91349 67.4443 13 -21.91349 67.4443 13 -28.12439 66.30393 0 -28.12439 66.30393 13 -34.2721 65.05004 0 -34.2721 65.05004 13 -40.34215 63.68654 0 -40.34215 63.68654 0 -46.32058 62.21784 13 -46.32058 62.21784 0 -52.19404 60.64871 13 -52.19404 60.64871 0 -57.94988 58.98429 13 -57.94988 58.98429 0 -63.5762 57.23005 13 -63.5762 57.23005 13 -69.06194 55.39174 0 -69.06194 55.39174 0 -74.39693 53.47533 13 -74.39693 53.47533 13 -79.57193 51.48694 0 -79.57193 51.48694 0 -84.5787 49.43286 13 -84.5787 49.43286 0 -89.40995 47.31943 13 -89.40995 47.31943 0 -94.05942 45.15301 13 -94.05942 45.15301 0 -98.52185 42.93996 13 -98.52185 42.93996 0 -102.793 40.68656 13 -102.793 40.68656 13 -106.8696 38.39897 0 -106.8696 38.39897 0 -110.7493 36.08323 13 -110.7493 36.08323 0 -114.4308 33.74515 13 -114.4308 33.74515 13 -117.9135 31.39034 0 -117.9135 31.39034 0 -121.1978 29.02414 13 -121.1978 29.02414 13 -124.2848 26.65162 0 -124.2848 26.65162 0 -127.1763 24.2775 13 -127.1763 24.2775 0 -129.8748 21.90621 13 -129.8748 21.90621 0 -132.3833 19.5418 13 -132.3833 19.5418 0 -134.7054 17.18795 13 -134.7054 17.18795 13 -136.8451 14.84798 0 -136.8451 14.84798 13 -138.8068 12.52481 0 -138.8068 12.52481 0 -140.5952 10.22095 13 -140.5952 10.22095 0 -142.0714 8.149935 13 -142.0714 8.149935 13 -143.4214 6.083968 0 -143.4214 6.083968 0 -144.6457 4.02561 13 -144.6457 4.02561 13 -145.7451 1.977337 0 -145.7451 1.977337 0 -146.7207 -0.05846643 13 -146.7207 -0.05846643 0 -147.5738 -2.079508 13 -147.5738 -2.079508 0 -148.3062 -4.0836 13 -148.3062 -4.0836 0 -148.8636 -5.871068 13 -148.8636 -5.871068 0 -149.2843 -7.465417 13 -149.2843 -7.465417 13 -149.6293 -9.045116 0 -149.6293 -9.045116 0 -149.9001 -10.60922 13 -149.9001 -10.60922 0 -150.0981 -12.15682 13 -150.0981 -12.15682 0 -150.2247 -13.68709 13 -150.2247 -13.68709 0 -150.2814 -15.19923 13 -150.2814 -15.19923 0 -150.2698 -16.6925 13 -150.2698 -16.6925 0 -150.1916 -18.16622 13 -150.1916 -18.16622 0 -150.1085 -19.08722 13 -150.1085 -19.08722 0 3.190302 69.92726 13 3.190302 69.92726 0 6.373973 69.7092 13 6.373973 69.7092 13 9.544399 69.34627 0 9.544399 69.34627 0 12.69499 68.83921 13 12.69499 68.83921 0 15.81919 68.1891 13 15.81919 68.1891 13 18.91053 67.39727 0 18.91053 67.39727 0 21.96256 66.46538 13 21.96256 66.46538 0 24.96894 65.39535 13 24.96894 65.39535 0 27.92344 64.18943 13 27.92344 64.18943 13 30.8199 62.85009 0 30.8199 62.85009 0 33.65232 61.38014 13 33.65232 61.38014 0 36.41479 59.78263 13 36.41479 59.78263 0 39.10159 58.06087 13 39.10159 58.06087 0 41.70713 56.21846 13 41.70713 56.21846 0 44.22599 54.25921 13 44.22599 54.25921 13 46.65293 52.1872 0 46.65293 52.1872 0 48.98292 50.00673 13 48.98292 50.00673 0 51.21112 47.72233 13 51.21112 47.72233 0 53.33289 45.33876 13 53.33289 45.33876 0 55.34382 42.86096 13 55.34382 42.86096 13 57.23973 40.29409 0 57.23973 40.29409 0 59.01668 37.64347 13 59.01668 37.64347 0 60.67098 34.91463 13 60.67098 34.91463 0 62.1992 32.11322 13 62.1992 32.11322 0 63.59815 29.24508 13 63.59815 29.24508 0 64.86494 26.31616 13 64.86494 26.31616 0 65.99691 23.33255 13 65.99691 23.33255 0 66.99173 20.30044 13 66.99173 20.30044 0 67.84733 17.22615 13 67.84733 17.22615 0 68.56192 14.11606 13 68.56192 14.11606 0 69.13403 10.97663 13 69.13403 10.97663 0 69.56246 7.814388 13 69.56246 7.814388 0 69.84632 4.635908 13 69.84632 4.635908 0 69.98503 1.447793 13 69.98503 1.447793 0 69.97829 -1.743331 13 69.97829 -1.743331 0 69.82612 -4.930831 13 69.82612 -4.930831 0 69.52884 -8.108085 13 69.52884 -8.108085 0 69.08705 -11.26849 13 69.08705 -11.26849 0 68.5017 -14.40547 13 68.5017 -14.40547 0 67.77397 -17.51252 13 67.77397 -17.51252 0 66.90541 -20.58317 13 66.90541 -20.58317 0 65.89779 -23.61105 13 65.89779 -23.61105 0 64.75322 -26.58985 13 64.75322 -26.58985 0 63.47408 -29.5134 13 63.47408 -29.5134 0 62.06303 -32.37561 13 62.06303 -32.37561 0 60.523 -35.17053 13 60.523 -35.17053 0 58.85718 -37.89237 13 58.85718 -37.89237 13 57.06906 -40.53545 0 57.06906 -40.53545 0 55.16231 -43.09429 13 55.16231 -43.09429 0 53.14094 -45.56358 13 53.14094 -45.56358 0 51.00913 -47.93817 13 51.00913 -47.93817 0 48.77131 -50.21314 13 48.77131 -50.21314 0 46.43213 -52.38375 13 46.43213 -52.38375 0 43.99645 -54.44549 13 43.99645 -54.44549 13 41.46934 -56.39409 0 41.46934 -56.39409 0 38.85605 -58.22548 13 38.85605 -58.22548 0 36.162 -59.93587 13 36.162 -59.93587 0 33.39281 -61.52171 13 33.39281 -61.52171 0 30.55421 -62.97968 13 30.55421 -62.97968 0 27.65211 -64.30677 13 27.65211 -64.30677 13 24.69255 -65.50022 0 24.69255 -65.50022 0 21.68168 -66.55754 13 21.68168 -66.55754 0 18.62574 -67.47653 13 18.62574 -67.47653 0 15.53109 -68.2553 13 15.53109 -68.2553 0 12.40416 -68.89221 13 12.40416 -68.89221</float_array>
          <technique_common>
            <accessor source="#geometry_57759889_6266_4fa2_b138_aa2b5b4bec01-mesh-positions-array" count="334" stride="3">
              <param name="X" type="float"/>
              <param name="Y" type="float"/>
              <param name="Z" type="float"/>
            </accessor>
          </technique_common>
        </source>
        <source id="geometry_57759889_6266_4fa2_b138_aa2b5b4bec01-mesh-normals">
          <float_array id="geometry_57759889_6266_4fa2_b138_aa2b5b4bec01-mesh-normals-array" count="999">0 -0.0882523 0.9960982 0 -0.1260291 0.9920266 0 -0.08825308 0.9960981 0 -0.1260291 0.9920266 0 -0.04416954 0.9990241 0 -0.04416954 0.9990242 0 3.52443e-4 1 0 3.52466e-4 1 0 -0.9905039 -0.1374847 0 -0.9836268 -0.1802176 0 -0.9905046 -0.1374793 0 -0.9836267 -0.1802183 0 -0.9744892 -0.224435 0 -0.9744892 -0.2244346 0 -0.9642783 -0.2648913 0 -0.9642751 -0.2649034 0 -0.9527471 -0.3037649 0 -0.9527413 -0.3037829 0 -0.9397066 -0.3419819 0 -0.9397045 -0.3419876 0 -0.9252412 -0.3793798 0 -0.9252367 -0.3793906 0 -0.9094429 -0.415829 0 -0.9094405 -0.4158344 0 -0.892426 -0.4511941 0 -0.8924188 -0.4512084 0 -0.8743066 -0.4853741 0 -0.8742989 -0.4853881 0 -0.8552077 -0.5182855 0 -0.8552103 -0.5182814 0 -0.835267 -0.5498446 0 -0.8352695 -0.549841 0 -0.8146041 -0.5800175 0 -0.8146043 -0.5800173 0 -0.7933578 -0.6087557 0 -0.7933498 -0.6087662 0 -0.771641 -0.6360583 0 -0.7716358 -0.6360647 0 -0.7495695 -0.6619256 0 -0.7495748 -0.6619197 0 -0.7272694 -0.6863523 0 -0.7272642 -0.6863577 0 -0.704816 -0.7093902 0 -0.7048158 -0.7093904 0 -0.6823163 -0.7310571 0 -0.6823211 -0.7310526 0 -0.6598584 -0.7513902 0 -0.6598559 -0.7513923 0 -0.637499 -0.7704512 0 -0.6374924 -0.7704567 0 -0.6153079 -0.7882869 0 -0.6153033 -0.7882905 0 -0.5915508 -0.8062677 0 -0.5915486 -0.8062694 0 -0.5636566 -0.8260092 0 -0.5636559 -0.8260098 0 -0.5316318 -0.8469757 0 -0.5316314 -0.8469758 0 -0.4972105 -0.8676301 0 -0.4972103 -0.8676301 0 -0.4624809 -0.8866294 0 -0.4624815 -0.8866289 0 -0.4286167 -0.9034865 0 -0.428619 -0.9034854 0 -0.3956613 -0.9183965 0 -0.3956622 -0.9183961 0 -0.3636333 -0.9315423 0 -0.3636327 -0.9315425 0 -0.3325313 -0.9430922 0 -0.3325313 -0.9430923 0 -0.3023465 -0.9531982 0 -0.3023469 -0.9531981 0 -0.2730531 -0.961999 0 -0.2730538 -0.9619988 0 -0.2446174 -0.9696197 0 -0.2446175 -0.9696198 0 -0.2170013 -0.9761713 0 -0.2170016 -0.9761713 0 -0.190162 -0.9817528 0 -0.1901621 -0.9817527 0 -0.1640533 -0.9864516 0 -0.1640533 -0.9864516 0 -0.1386255 -0.9903449 0 -0.1386253 -0.9903449 0 -0.1138274 -0.9935005 0 -0.1138281 -0.9935005 0 -0.08961099 -0.9959769 0 -0.08961153 -0.9959768 0 -0.06592518 -0.9978246 0 -0.06592518 -0.9978246 0 -0.04272013 -0.9990871 0 -0.04272013 -0.9990872 0 -0.01994568 -0.9998011 0 -0.01994603 -0.9998011 0 0.002446055 -0.999997 0 0.002445757 -0.999997 0 0.0245037 -0.9996998 0 0.0245034 -0.9996998 0 0.04627335 -0.9989289 0 0.04627305 -0.9989289 0 0.06780123 -0.9976989 0 0.06780093 -0.997699 0 0.0891329 -0.9960198 0 0.0891326 -0.9960198 0 0.1077861 -0.9941741 0 0.1077859 -0.9941743 0 0.1212779 -0.9926187 0 0.1212777 -0.9926186 0 0.1407439 -0.990046 0 0.1407439 -0.9900462 0 -0.1515 0.9884573 0 -0.1514997 0.9884573 0 -0.1708996 0.9852885 0 -0.1708996 0.9852885 0 -0.1902272 0.9817402 0 -0.1902269 0.9817402 0 -0.2095158 0.9778053 0 -0.2095155 0.9778054 0 -0.2288801 0.9734547 0 -0.2288802 0.9734546 0 -0.2483515 0.96867 0 -0.2483511 0.9686701 0 -0.2679615 0.9634296 0 -0.2679609 0.9634298 0 -0.2877398 0.9577087 0 -0.287739 0.9577088 0 -0.3077168 0.9514781 0 -0.3077166 0.9514781 0 -0.3279228 0.9447046 0 -0.3279229 0.9447046 0 -0.3483869 0.9373509 0 -0.348387 0.9373508 0 -0.3691356 0.9293756 0 -0.3691352 0.9293757 0 -0.3901957 0.920732 0 -0.3901966 0.9207316 0 -0.4115948 0.9113669 0 -0.4115948 0.9113671 0 -0.4333551 0.9012233 0 -0.4333541 0.9012238 0 -0.4554964 0.8902378 0 -0.4554964 0.8902376 0 -0.4780359 0.8783403 0 -0.4780366 0.8783401 0 -0.5009918 0.8654521 0 -0.5009911 0.8654525 0 -0.524369 0.8514912 0 -0.5243699 0.8514907 0 -0.5481727 0.8363653 0 -0.5481734 0.8363648 0 -0.5724002 0.8199746 0 -0.5723983 0.8199757 0 -0.5970344 0.8022158 0 -0.5970352 0.8022151 0 -0.6220555 0.7829732 0 -0.6220564 0.7829725 0 -0.647427 0.7621276 0 -0.6474286 0.7621263 0 -0.673102 0.7395497 0 -0.6731024 0.7395493 0 -0.6990098 0.7151121 0 -0.6990081 0.7151138 0 -0.7250619 0.6886838 0 -0.7250618 0.6886838 0 -0.7511545 0.6601265 0 -0.7511541 0.660127 0 -0.7771519 0.6293131 0 -0.7771533 0.6293114 0 -0.8022916 0.5969324 0 -0.8022915 0.5969324 0 -0.8258876 0.5638348 0 -0.8258875 0.563835 0 -0.8484827 0.5292232 0 -0.8484809 0.5292259 0 -0.8704911 0.4921844 0 -0.8704955 0.4921763 0 -0.8916844 0.4526576 0 -0.89168 0.4526664 0 -0.9117937 0.4106486 0 -0.9117935 0.4106492 0 -0.9305419 0.3661855 0 -0.9305406 0.3661889 0 -0.9472251 0.3205693 0 -0.9472248 0.3205701 0 -0.9610255 0.2764598 0 -0.9610229 0.2764688 0 -0.9721654 0.2342962 0 -0.9721641 0.2343011 0 -0.9813852 0.1920499 0 -0.9813831 0.1920605 0 -0.9888691 0.148788 0 -0.98887 0.1487827 0 -0.9945057 0.1046839 0 -0.9945056 0.1046836 0 -0.9982004 0.05996608 0 -0.9982004 0.05996602 0 -0.9998896 0.01486498 0 -0.9998897 0.0148589 0 -0.9995382 -0.03038901 0 -0.999538 -0.03039497 0 -0.9974463 -0.0714209 0 -0.9974481 -0.07139599 0 -0.9945819 -0.1039562 0 -0.994584 -0.103937 0 0.04557633 0.9989609 0 0.04557549 0.9989609 0 0.09105622 0.9958458 0 0.09105616 0.9958457 0 0.1363487 0.990661 0 0.1363487 0.990661 0 0.1813583 0.9834171 0 0.1813575 0.9834172 0 0.2259882 0.97413 0 0.225988 0.9741301 0 0.2701494 0.9628185 0 0.2701499 0.9628184 0 0.3137519 0.9495051 0 0.3137506 0.9495055 0 0.3566995 0.9342192 0 0.3566988 0.9342195 0 0.3989058 0.9169919 0 0.3989058 0.916992 0 0.440284 0.8978586 0 0.4402845 0.8978585 0 0.4807478 0.876859 0 0.4807465 0.8768597 0 0.5202125 0.8540368 0 0.5202113 0.8540376 0 0.5585954 0.8294402 0 0.5585942 0.8294411 0 0.5958165 0.8031206 0 0.5958162 0.803121 0 0.6318 0.7751315 0 0.6317993 0.775132 0 0.6664697 0.7455322 0 0.6664709 0.7455311 0 0.6997563 0.7143817 0 0.699755 0.7143829 0 0.7315883 0.6817468 0 0.7315865 0.6817488 0 0.7618991 0.6476958 0 0.761898 0.6476972 0 0.7906258 0.6122996 0 0.8177102 0.5756302 0 0.8177114 0.5756285 0 0.8430964 0.5377625 0 0.8430948 0.5377649 0 0.8667286 0.4987804 0 0.866728 0.4987811 0 0.88856 0.4587604 0 0.8885601 0.4587602 0 0.9085453 0.4177864 0 0.908545 0.4177872 0 0.9266425 0.3759437 0 0.9266414 0.3759467 0 0.9428133 0.3333216 0 0.9428133 0.3333213 0 0.9570246 0.2900071 0 0.9570249 0.2900056 0 0.9692479 0.2460862 0 0.9692472 0.2460894 0 0.9794562 0.2016575 0 0.979456 0.2016583 0 0.9876289 0.1568094 0 0.9876291 0.1568078 0 0.9937492 0.1116361 0 0.9937494 0.1116344 0 0.9978045 0.06622779 0 0.9978047 0.06622618 0 0.9997861 0.02068358 0 0.9997861 0.02068072 0 0.99969 -0.02490144 0 0.9996898 -0.02490681 0 0.9975161 -0.07043999 0 0.997516 -0.07044035 0 0.993269 -0.1158309 0 0.9932691 -0.1158301 0 0.986958 -0.1609787 0 0.9869579 -0.160979 0 0.9785955 -0.2057932 0 0.978596 -0.2057911 0 0.9681999 -0.250178 0 0.9681999 -0.2501784 0 0.9557918 -0.2940442 0 0.9557914 -0.2940457 0 0.9413963 -0.3373027 0 0.9413974 -0.3372997 0 0.9250449 -0.3798578 0 0.925047 -0.3798528 0 0.9067718 -0.421622 0 0.9067735 -0.4216181 0 0.8866145 -0.462509 0 0.8866155 -0.4625073 0 0.864614 -0.5024368 0 0.8646149 -0.5024351 0 0.8408172 -0.5413193 0 0.8408172 -0.5413193 0 0.8152719 -0.5790785 0 0.8152718 -0.5790785 0 0.7880321 -0.6156342 0 0.7880333 -0.6156327 0 0.7591568 -0.6509079 0 0.7591568 -0.650908 0 0.7287021 -0.6848309 0 0.7287021 -0.6848309 0 0.6967321 -0.7173314 0 0.6967334 -0.7173302 0 0.6633153 -0.7483401 0 0.6633166 -0.7483389 0 0.6285211 -0.7777926 0 0.6285212 -0.7777925 0 0.5924189 -0.8056303 0 0.5924192 -0.80563 0 0.5550859 -0.8317931 0 0.555086 -0.831793 0 0.5166008 -0.8562265 0 0.5166012 -0.8562262 0 0.4770396 -0.8788818 0 0.4770409 -0.8788812 0 0.4364879 -0.8997102 0 0.4364891 -0.8997095 0 0.3950307 -0.9186679 0 0.3950307 -0.918668 0 0.352751 -0.9357172 0 0.3527508 -0.9357174 0 0.309738 -0.950822 0 0.309739 -0.9508216 0 0.2660811 -0.9639506 0 0.2660819 -0.9639505 0 0.221872 -0.9750759 0 0.2218728 -0.9750757 0 0.1772024 -0.9841744 0 0.1772032 -0.9841743</float_array>
          <technique_common>
            <accessor source="#geometry_57759889_6266_4fa2_b138_aa2b5b4bec01-mesh-normals-array" count="333" stride="3">
              <param name="X" type="float"/>
              <param name="Y" type="float"/>
              <param name="Z" type="float"/>
            </accessor>
          </technique_common>
        </source>
        <vertices id="geometry_57759889_6266_4fa2_b138_aa2b5b4bec01-mesh-vertices">
          <input semantic="POSITION" source="#geometry_57759889_6266_4fa2_b138_aa2b5b4bec01-mesh-positions"/>
        </vertices>
        <triangles material="mat_1-material" count="334">
          <input semantic="VERTEX" source="#geometry_57759889_6266_4fa2_b138_aa2b5b4bec01-mesh-vertices" offset="0"/>
          <input semantic="NORMAL" source="#geometry_57759889_6266_4fa2_b138_aa2b5b4bec01-mesh-normals" offset="1"/>
          <p>0 0 1 1 2 2 0 0 3 3 1 1 4 4 5 5 6 6 4 4 2 2 5 5 4 4 0 0 2 2 7 7 4 4 6 6 8 8 9 9 10 10 10 10 9 9 11 11 9 9 12 12 11 11 11 11 12 12 13 13 12 12 14 14 13 13 13 13 14 14 15 15 14 14 16 16 15 15 15 15 16 16 17 17 16 16 18 18 17 17 17 17 18 18 19 19 18 18 20 20 19 19 19 19 20 20 21 21 20 20 22 22 21 21 21 21 22 22 23 23 22 22 24 24 23 23 23 23 24 24 25 25 24 24 26 26 25 25 25 25 26 26 27 27 27 27 26 26 28 28 26 26 29 29 28 28 29 29 30 30 28 28 28 28 30 30 31 31 30 30 32 32 31 31 31 31 32 32 33 33 32 32 34 34 33 33 33 33 34 34 35 35 35 35 36 36 37 37 34 34 36 36 35 35 37 37 36 36 38 38 36 36 39 39 38 38 38 38 40 40 41 41 39 39 40 40 38 38 41 41 42 42 43 43 40 40 42 42 41 41 43 43 44 44 45 45 45 45 44 44 46 46 42 42 44 44 43 43 44 44 47 47 46 46 46 46 48 48 49 49 47 47 48 48 46 46 49 49 50 50 51 51 51 51 50 50 52 52 48 48 50 50 49 49 50 50 53 53 52 52 53 53 54 54 52 52 52 52 54 54 55 55 55 55 56 56 57 57 57 57 56 56 58 58 54 54 56 56 55 55 56 56 59 59 58 58 59 59 60 60 58 58 58 58 60 60 61 61 60 60 62 62 61 61 61 61 62 62 63 63 62 62 64 64 63 63 63 63 64 64 65 65 64 64 66 66 65 65 65 65 66 66 67 67 67 67 66 66 68 68 66 66 69 69 68 68 69 69 70 70 68 68 68 68 70 70 71 71 71 71 70 70 72 72 70 70 73 73 72 72 72 72 73 73 74 74 73 73 75 75 74 74 75 75 76 76 74 74 74 74 76 76 77 77 77 77 76 76 78 78 76 76 79 79 78 78 79 79 80 80 78 78 78 78 80 80 81 81 81 81 80 80 82 82 80 80 83 83 82 82 83 83 84 84 82 82 82 82 84 84 85 85 84 84 86 86 85 85 85 85 86 86 87 87 86 86 88 88 87 87 87 87 88 88 89 89 89 89 88 88 90 90 88 88 91 91 90 90 91 91 92 92 90 90 90 90 92 92 93 93 92 92 94 94 93 93 93 93 94 94 95 95 94 94 96 96 95 95 95 95 96 96 97 97 96 96 98 98 97 97 97 97 98 98 99 99 98 98 100 100 99 99 99 99 100 100 101 101 100 100 102 102 101 101 101 101 102 102 103 103 102 102 104 104 103 103 103 103 104 104 105 105 105 105 106 106 107 107 104 104 106 106 105 105 107 107 108 108 109 109 106 106 108 108 107 107 3 3 110 110 1 1 1 1 110 110 111 111 110 110 112 112 111 111 111 111 112 112 113 113 113 113 112 112 114 114 112 112 115 115 114 114 114 114 115 115 116 116 115 115 117 117 116 116 116 116 117 117 118 118 117 117 119 119 118 118 119 119 120 120 118 118 118 118 120 120 121 121 120 120 122 122 121 121 121 121 122 122 123 123 122 122 124 124 123 123 123 123 124 124 125 125 124 124 126 126 125 125 125 125 126 126 127 127 127 127 126 126 128 128 126 126 129 129 128 128 129 129 130 130 128 128 128 128 130 130 131 131 131 131 130 130 132 132 130 130 133 133 132 132 133 133 134 134 132 132 132 132 134 134 135 135 134 134 136 136 135 135 135 135 136 136 137 137 136 136 138 138 137 137 137 137 138 138 139 139 139 139 140 140 141 141 138 138 140 140 139 139 141 141 142 142 143 143 143 143 142 142 144 144 140 140 142 142 141 141 142 142 145 145 144 144 144 144 146 146 147 147 145 145 146 146 144 144 147 147 148 148 149 149 149 149 148 148 150 150 146 146 148 148 147 147 148 148 151 151 150 150 150 150 152 152 153 153 153 153 152 152 154 154 151 151 152 152 150 150 152 152 155 155 154 154 155 155 156 156 154 154 154 154 156 156 157 157 157 157 158 158 159 159 156 156 158 158 157 157 158 158 160 160 159 159 159 159 160 160 161 161 160 160 162 162 161 161 161 161 162 162 163 163 163 163 162 162 164 164 162 162 165 165 164 164 164 164 165 165 166 166 165 165 167 167 166 166 167 167 168 168 166 166 166 166 168 168 169 169 168 168 170 170 169 169 169 169 170 170 171 171 171 171 170 170 172 172 170 170 173 173 172 172 173 173 174 174 172 172 172 172 174 174 175 175 175 175 174 174 176 176 174 174 177 177 176 176 177 177 178 178 176 176 176 176 178 178 179 179 178 178 180 180 179 179 179 179 180 180 181 181 180 180 182 182 181 181 181 181 182 182 183 183 182 182 184 184 183 183 183 183 184 184 185 185 184 184 186 186 185 185 185 185 186 186 187 187 187 187 186 186 188 188 186 186 189 189 188 188 189 189 190 190 188 188 188 188 190 190 191 191 190 190 192 192 191 191 191 191 192 192 193 193 192 192 194 194 193 193 193 193 194 194 195 195 194 194 196 196 195 195 195 195 196 196 197 197 196 196 198 198 197 197 197 197 198 198 199 199 198 198 200 200 199 199 199 199 200 200 201 201 200 200 202 202 201 201 201 201 202 202 203 203 203 203 202 202 10 10 202 202 8 8 10 10 204 204 7 7 6 6 204 204 6 6 205 205 206 206 204 204 205 205 206 206 207 207 208 208 206 206 205 205 207 207 209 209 206 206 208 208 210 210 209 209 208 208 210 210 208 208 211 211 212 212 210 210 211 211 212 212 213 213 214 214 212 212 211 211 213 213 215 215 212 212 214 214 216 216 214 214 217 217 216 216 215 215 214 214 218 218 217 217 219 219 218 218 216 216 217 217 220 220 221 221 222 222 220 220 219 219 221 221 220 220 218 218 219 219 223 223 220 220 222 222 224 224 222 222 225 225 224 224 223 223 222 222 226 226 225 225 227 227 226 226 224 224 225 225 228 228 227 227 229 229 228 228 226 226 227 227 230 230 229 229 231 231 230 230 228 228 229 229 232 232 233 233 234 234 232 232 231 231 233 233 232 232 230 230 231 231 235 235 232 232 234 234 236 236 235 235 234 234 236 236 234 234 237 237 238 238 236 236 237 237 238 238 237 237 239 239 240 240 238 238 239 239 240 240 239 239 241 241 242 242 240 240 241 241 242 242 243 242 244 243 242 242 241 241 243 242 245 244 242 242 244 243 246 245 245 244 244 243 246 245 244 243 247 246 248 247 246 245 247 246 248 247 247 246 249 248 250 249 248 247 249 248 250 249 249 248 251 250 252 251 250 249 251 250 252 251 251 250 253 252 254 253 253 252 255 254 254 253 252 251 253 252 256 255 255 254 257 256 256 255 254 253 255 254 258 257 256 255 257 256 258 257 257 256 259 258 260 259 259 258 261 260 260 259 258 257 259 258 262 261 261 260 263 262 262 261 260 259 261 260 264 263 263 262 265 264 264 263 262 261 263 262 266 265 265 264 267 266 266 265 264 263 265 264 268 267 267 266 269 268 268 267 266 265 267 266 270 269 269 268 271 270 270 269 268 267 269 268 272 271 271 270 273 272 272 271 270 269 271 270 274 273 273 272 275 274 274 273 272 271 273 272 276 275 275 274 277 276 276 275 274 273 275 274 278 277 277 276 279 278 278 277 276 275 277 276 280 279 279 278 281 280 280 279 278 277 279 278 282 281 281 280 283 282 282 281 280 279 281 280 284 283 283 282 285 284 284 283 282 281 283 282 286 285 284 283 285 284 286 285 285 284 287 286 288 287 286 285 287 286 288 287 287 286 289 288 290 289 288 287 289 288 290 289 289 288 291 290 292 291 290 289 291 290 292 291 291 290 293 292 294 293 292 291 293 292 294 293 293 292 295 294 296 295 294 293 295 294 296 295 297 296 298 297 296 295 295 294 297 296 299 298 296 295 298 297 300 299 298 297 301 300 300 299 299 298 298 297 302 301 301 300 303 302 302 301 300 299 301 300 304 303 303 302 305 304 304 303 302 301 303 302 306 305 305 304 307 306 306 305 304 303 305 304 308 307 307 306 309 308 308 307 306 305 307 306 310 309 311 310 312 311 310 309 309 308 311 310 310 309 308 307 309 308 313 312 310 309 312 311 314 313 312 311 315 314 314 313 313 312 312 311 316 315 315 314 317 316 316 315 314 313 315 314 318 317 317 316 319 318 318 317 316 315 317 316 320 319 319 318 321 320 320 319 318 317 319 318 322 321 323 322 324 323 322 321 321 320 323 322 322 321 320 319 321 320 325 324 322 321 324 323 326 325 324 323 327 326 326 325 325 324 324 323 328 327 327 326 329 328 328 327 326 325 327 326 330 329 329 328 331 330 330 329 328 327 329 328 332 331 331 330 333 332 332 331 330 329 331 330 108 108 333 332 109 109 108 108 332 331 333 332</p>
        </triangles>
      </mesh>
    </geometry>
    <geometry id="geometry_d1f4fab5_125d_4960_be12_3b1e18be1137-mesh" name="geometry_d1f4fab5_125d_4960_be12_3b1e18be1137">
      <mesh>
        <source id="geometry_d1f4fab5_125d_4960_be12_3b1e18be1137-mesh-positions">
          <float_array id="geometry_d1f4fab5_125d_4960_be12_3b1e18be1137-mesh-positions-array" count="8244">0 28.99692 -14.97514 -12 28 -15 -12 28.99692 -14.97514 0 28 -15 0 29.99136 -14.90062 -12 29.99136 -14.90062 -12 30.98085 -14.77662 0 30.98085 -14.77662 0 31.96293 -14.60345 -12 31.96293 -14.60345 -12 32.93515 -14.38155 0 32.93515 -14.38155 -12 33.89511 -14.11146 0 33.89511 -14.11146 0 34.8404 -13.79385 -12 34.8404 -13.79385 0 35.7687 -13.42952 -12 35.7687 -13.42952 -12 36.67768 -13.01938 0 36.67768 -13.01938 0 37.56508 -12.56443 -12 37.56508 -12.56443 0 38.42871 -12.06582 -12 38.42871 -12.06582 0 39.2664 -11.52478 -12 39.2664 -11.52478 0 40.07609 -10.94265 -12 40.07609 -10.94265 0 40.85575 -10.32089 -12 40.85575 -10.32089 0 41.60346 -9.661038 -12 41.60346 -9.661038 0 42.31734 -8.964736 -12 42.31734 -8.964736 0 42.99563 -8.233717 -12 42.99563 -8.233717 0 43.63663 -7.469797 -12 43.63663 -7.469797 0 44.23876 -6.674873 -12 44.23876 -6.674873 0 44.80052 -5.850925 -12 44.80052 -5.850925 -12 45.32051 -5 0 45.32051 -5 0 45.79743 -4.124213 -12 45.79743 -4.124213 -12 46.23012 -3.225742 0 46.23012 -3.225742 0 46.61748 -2.30682 -12 46.61748 -2.30682 -12 46.95855 -1.369733 0 46.95855 -1.369733 0 47.25248 -0.4168093 -12 47.25248 -0.4168093 0 47.49856 0.5495814 -12 47.49856 0.5495814 -12 47.69616 1.527036 0 47.69616 1.527036 -12 47.84479 2.513126 0 47.84479 2.513126 0 47.94408 3.505398 -12 47.94408 3.505398 -12 47.99378 4.501386 0 47.99378 4.501386 0 47.99378 5.498614 -12 47.99378 5.498614 -12 47.94408 6.494602 0 47.94408 6.494602 0 47.84479 7.486875 -12 47.84479 7.486875 -12 47.69616 8.472964 0 47.69616 8.472964 0 47.49856 9.450419 -12 47.49856 9.450419 0 47.25248 10.41681 -12 47.25248 10.41681 0 46.95855 11.36973 -12 46.95855 11.36973 0 46.61748 12.30682 -12 46.61748 12.30682 0 46.23012 13.22574 -12 46.23012 13.22574 -12 45.79743 14.12421 0 45.79743 14.12421 0 45.32051 15 -12 45.32051 15 0 44.80052 15.85093 -12 44.80052 15.85093 0 44.23876 16.67487 -12 44.23876 16.67487 0 43.63663 17.4698 -12 43.63663 17.4698 0 42.99563 18.23372 -12 42.99563 18.23372 0 42.31734 18.96474 -12 42.31734 18.96474 0 41.60346 19.66104 -12 41.60346 19.66104 0 40.85575 20.32089 -12 40.85575 20.32089 0 40.07609 20.94265 -12 40.07609 20.94265 0 39.2664 21.52478 -12 39.2664 21.52478 0 38.42871 22.06582 -12 38.42871 22.06582 0 37.56508 22.56443 -12 37.56508 22.56443 0 36.67768 23.01938 -12 36.67768 23.01938 0 35.7687 23.42952 -12 35.7687 23.42952 0 34.8404 23.79385 -12 34.8404 23.79385 0 33.89511 24.11145 -12 33.89511 24.11145 0 32.93515 24.38154 -12 32.93515 24.38154 0 31.96293 24.60345 -12 31.96293 24.60345 0 30.98085 24.77662 -12 30.98085 24.77662 0 29.99136 24.90062 -12 29.99136 24.90062 0 28.99692 24.97514 -12 28.99692 24.97514 0 28 25 -12 28 25 0 -150.1916 -18.16622 0 -149.7468 -21.5946 0 -150.1085 -19.08722 0 -150 -20 0 -150.2698 -16.6925 0 -149.4479 -23.03254 0 -149.1202 -24.32806 0 -150.2814 -15.19923 0 -148.7357 -25.62407 0 -150.2247 -13.68709 0 -148.2935 -26.91977 0 -150.0981 -12.15682 0 -147.7926 -28.21431 0 -149.9001 -10.60922 0 -147.2322 -29.50686 0 -149.6293 -9.045116 0 -146.6114 -30.79654 0 -149.2843 -7.465417 0 -145.9295 -32.08245 0 -148.8636 -5.871068 0 -145.1856 -33.36368 0 -148.3062 -4.0836 0 -144.3793 -34.63932 0 -147.5738 -2.079508 0 -143.5099 -35.9084 0 -146.7207 -0.05846643 0 -142.5767 -37.16999 0 -141.5795 -38.42311 0 -145.7451 1.977337 0 -140.5179 -39.66678 0 -139.3915 -40.90002 0 -144.6457 4.02561 0 -138.2001 -42.12183 0 -143.4214 6.083968 0 -136.9436 -43.33123 0 -135.6221 -44.5272 0 -142.0714 8.149935 0 -134.2354 -45.70877 0 -140.5952 10.22095 0 -132.7838 -46.87491 0 -138.8068 12.52481 0 -131.2675 -48.02467 0 -129.1457 -49.53047 0 -136.8451 14.84798 0 -126.6231 -51.1847 0 -134.7054 17.18795 0 -123.5515 -53.02857 0 -132.3833 19.5418 0 -120.2616 -54.82641 0 -129.8748 21.90621 0 -116.7501 -56.57252 0 -127.1763 24.2775 0 -121.1978 29.02414 0 -113.0145 -58.26082 0 -124.2848 26.65162 0 -109.0532 -59.88496 0 -117.9135 31.39034 0 -104.8657 -61.43836 0 -114.4308 33.74515 0 -110.7493 36.08323 0 -100.4527 -62.91427 0 -106.8696 38.39897 0 -95.8158 -64.30587 0 -102.793 40.68656 0 -90.95827 -65.60624 0 -98.52185 42.93996 0 -85.88452 -66.80858 0 -80.60039 -67.90618 0 -94.05942 45.15301 0 -89.40995 47.31943 0 -75.11314 -68.89251 0 -9.251461 69.38596 0 13.68267 18.96474 0 -15.54419 68.48459 0 -6.17769 69.72687 0 14.39655 19.66104 0 13.00438 18.23372 0 15.14425 20.32089 0 -3.091863 69.93169 0 12.36337 17.4698 0 15.92392 20.94265 0 0 70 0 11.76124 16.67487 0 -21.91349 67.4443 0 16.7336 21.52478 0 3.190302 69.92726 0 11.19949 15.85093 0 9.544399 69.34627 0 17.5713 22.06582 0 6.373973 69.7092 0 10.67949 15 0 -28.12439 66.30393 0 12.69499 68.83921 0 18.43492 22.56443 0 10.20257 14.12421 0 15.81919 68.1891 0 19.32233 23.01938 0 9.769886 13.22574 0 -34.2721 65.05004 0 18.91053 67.39727 0 20.23131 23.42952 0 9.382529 12.30682 0 21.96256 66.46538 0 21.1596 23.79385 0 9.041457 11.36973 0 -40.34215 63.68654 0 24.96894 65.39535 0 22.1049 24.11145 0 8.747518 10.41681 0 -46.32058 62.21784 0 27.92344 64.18943 0 23.06486 24.38154 0 8.501445 9.450419 0 30.8199 62.85009 0 24.03708 24.60345 0 8.303849 8.472964 0 -52.19404 60.64871 0 25.01916 24.77662 0 -84.5787 49.43286 0 -69.43144 -69.76136 0 8.15522 7.486875 0 -57.94988 58.98429 0 33.65232 61.38014 0 26.00864 24.90062 0 8.055928 6.494602 0 36.41479 59.78263 0 27.00309 24.97514 0 8.006219 5.498614 0 -63.5762 57.23005 0 39.10159 58.06087 0 8.006219 4.501386 0 -69.06194 55.39174 0 41.70713 56.21846 0 8.055928 3.505398 0 -74.39693 53.47533 0 44.22599 54.25921 0 8.15522 2.513126 0 -79.57193 51.48694 0 8.303849 1.527036 0 -63.56537 -70.50682 0 46.65293 52.1872 0 48.98292 50.00673 0 51.21112 47.72233 0 53.33289 45.33876 0 8.501445 0.5495814 0 -57.52642 -71.1234 0 55.34382 42.86096 0 57.23973 40.29409 0 8.747518 -0.4168093 0 -51.32739 -71.60613 0 59.01668 37.64347 0 60.67098 34.91463 0 9.041457 -1.369733 0 -44.9824 -71.95056 0 62.1992 32.11322 0 9.382529 -2.30682 0 -38.50674 -72.1529 0 9.769886 -3.225742 0 63.59815 29.24508 0 64.86494 26.31616 0 10.20257 -4.124213 0 -31.91682 -72.20996 0 10.67949 -5 0 65.99691 23.33255 0 66.99173 20.30044 0 11.19949 -5.850925 0 -25.23003 -72.11934 0 11.76124 -6.674873 0 67.84733 17.22615 0 12.36337 -7.469797 0 -18.46461 -71.87934 0 68.56192 14.11606 0 69.13403 10.97663 0 13.00438 -8.233717 0 -11.63953 -71.48907 0 13.68267 -8.964736 0 14.39655 -9.661038 0 69.56246 7.814388 0 69.84632 4.635908 0 15.14425 -10.32089 0 -4.77429 -70.94844 0 15.92392 -10.94265 0 69.98503 1.447793 0 69.97829 -1.743331 0 16.7336 -11.52478 0 2.111189 -70.25817 0 17.5713 -12.06582 0 69.82612 -4.930831 0 18.43492 -12.56443 0 5.699925 -69.83972 0 69.52884 -8.108085 0 9.251461 -69.38596 0 19.32233 -13.01938 0 69.08705 -11.26849 0 12.40416 -68.89221 0 20.23131 -13.42952 0 68.5017 -14.40547 0 15.53109 -68.2553 0 67.77397 -17.51252 0 18.62574 -67.47653 0 21.1596 -13.79385 0 66.90541 -20.58317 0 22.1049 -14.11146 0 21.68168 -66.55754 0 65.89779 -23.61105 0 23.06486 -14.38155 0 24.69255 -65.50022 0 64.75322 -26.58985 0 24.03708 -14.60345 0 27.65211 -64.30677 0 63.47408 -29.5134 0 25.01916 -14.77662 0 30.55421 -62.97968 0 62.06303 -32.37561 0 26.00864 -14.90062 0 33.39281 -61.52171 0 60.523 -35.17053 0 36.162 -59.93587 0 58.85718 -37.89237 0 27.00309 -14.97514 0 38.85605 -58.22548 0 57.06906 -40.53545 0 41.46934 -56.39409 0 55.16231 -43.09429 0 43.99645 -54.44549 0 53.14094 -45.56358 0 46.43213 -52.38375 0 51.00913 -47.93817 0 48.77131 -50.21314 -12 27.00309 24.97514 -12 26.00864 24.90062 -12 25.01916 24.77662 -12 24.03708 24.60345 -12 23.06486 24.38154 -12 22.1049 24.11145 -12 21.1596 23.79385 -12 20.23131 23.42952 -12 19.32233 23.01938 -12 18.43492 22.56443 -12 17.5713 22.06582 -12 16.7336 21.52478 -12 15.92392 20.94265 -12 15.14425 20.32089 -12 14.39655 19.66104 -12 13.68267 18.96474 -12 13.00438 18.23372 -12 12.36337 17.4698 -12 11.76124 16.67487 -12 11.19949 15.85093 -12 10.67949 15 -12 10.20257 14.12421 -12 9.769886 13.22574 -12 9.382529 12.30682 -12 9.041457 11.36973 -12 8.747518 10.41681 -12 8.501445 9.450419 -12 8.303849 8.472964 -12 8.15522 7.486875 -12 8.055928 6.494602 -12 8.006219 5.498614 -12 8.006219 4.501386 -12 8.055928 3.505398 -12 8.15522 2.513126 -12 8.303849 1.527036 -12 8.501445 0.5495814 -12 8.747518 -0.4168093 -12 9.041457 -1.369733 -12 9.382529 -2.30682 -12 9.769886 -3.225742 -12 10.20257 -4.124213 -12 10.67949 -5 -12 11.19949 -5.850925 -12 11.76124 -6.674873 -12 12.36337 -7.469797 -12 13.00438 -8.233717 -12 13.68267 -8.964736 -12 14.39655 -9.661038 -12 15.14425 -10.32089 -12 15.92392 -10.94265 -12 16.7336 -11.52478 -12 17.5713 -12.06582 -12 18.43492 -12.56443 -12 19.32233 -13.01938 -12 20.23131 -13.42952 -12 21.1596 -13.79385 -12 22.1049 -14.11146 -12 23.06486 -14.38155 -12 24.03708 -14.60345 -12 25.01916 -14.77662 -12 26.00864 -14.90062 -12 27.00309 -14.97514 13 -149.7468 -21.5946 13 -150.1916 -18.16622 13 -150.1085 -19.08722 13 -150 -20 13 -149.4479 -23.03254 13 -150.2698 -16.6925 13 -149.1202 -24.32806 13 -150.2814 -15.19923 13 -148.7357 -25.62407 13 -150.2247 -13.68709 13 -148.2935 -26.91977 13 -150.0981 -12.15682 13 -147.7926 -28.21431 13 -149.9001 -10.60922 13 -147.2322 -29.50686 13 -149.6293 -9.045116 13 -146.6114 -30.79654 13 -149.2843 -7.465417 13 -145.9295 -32.08245 13 -148.8636 -5.871068 13 -145.1856 -33.36368 13 -144.3793 -34.63932 13 -148.3062 -4.0836 13 -143.5099 -35.9084 13 -147.5738 -2.079508 13 -142.5767 -37.16999 13 -146.7207 -0.05846643 13 -141.5795 -38.42311 13 -140.5179 -39.66678 13 -145.7451 1.977337 13 -139.3915 -40.90002 13 -144.6457 4.02561 13 -138.2001 -42.12183 13 -143.4214 6.083968 13 -136.9436 -43.33123 13 -135.6221 -44.5272 13 -142.0714 8.149935 13 -134.2354 -45.70877 13 -140.5952 10.22095 13 -132.7838 -46.87491 13 -131.2675 -48.02467 13 -138.8068 12.52481 13 -129.1457 -49.53047 13 -136.8451 14.84798 13 -126.6231 -51.1847 13 -134.7054 17.18795 13 -3.091863 69.93169 13 -6.17769 69.72687 13 -9.251461 69.38596 13 -123.5515 -53.02857 13 -132.3833 19.5418 13 -120.2616 -54.82641 13 -129.8748 21.90621 13 6.373973 69.7092 13 3.190302 69.92726 13 0 70 13 -116.7501 -56.57252 13 -127.1763 24.2775 13 9.544399 69.34627 13 -113.0145 -58.26082 13 -121.1978 29.02414 13 -124.2848 26.65162 13 -109.0532 -59.88496 13 -117.9135 31.39034 13 18.91053 67.39727 13 15.81919 68.1891 13 12.69499 68.83921 13 21.96256 66.46538 13 -104.8657 -61.43836 13 -114.4308 33.74515 13 -100.4527 -62.91427 13 -110.7493 36.08323 13 30.8199 62.85009 13 27.92344 64.18943 13 24.96894 65.39535 13 -95.8158 -64.30587 13 -106.8696 38.39897 13 -90.95827 -65.60624 13 -102.793 40.68656 13 -85.88452 -66.80858 13 -98.52185 42.93996 13 41.70713 56.21846 13 39.10159 58.06087 13 36.41479 59.78263 13 33.65232 61.38014 13 -80.60039 -67.90618 13 -94.05942 45.15301 13 44.22599 54.25921 13 -75.11314 -68.89251 13 -89.40995 47.31943 13 48.98292 50.00673 13 46.65293 52.1872 13 -69.43144 -69.76136 13 -84.5787 49.43286 13 51.21112 47.72233 13 -63.56537 -70.50682 13 -79.57193 51.48694 13 53.33289 45.33876 13 -57.52642 -71.1234 13 -69.06194 55.39174 13 -74.39693 53.47533 13 57.23973 40.29409 13 55.34382 42.86096 13 -51.32739 -71.60613 13 -63.5762 57.23005 13 60.67098 34.91463 13 59.01668 37.64347 13 -44.9824 -71.95056 13 -57.94988 58.98429 13 -38.50674 -72.1529 13 -52.19404 60.64871 13 64.86494 26.31616 13 63.59815 29.24508 13 62.1992 32.11322 13 -31.91682 -72.20996 13 -46.32058 62.21784 13 65.99691 23.33255 13 -25.23003 -72.11934 13 -40.34215 63.68654 13 67.84733 17.22615 13 66.99173 20.30044 13 -18.46461 -71.87934 13 -34.2721 65.05004 13 68.56192 14.11606 13 69.13403 10.97663 13 -11.63953 -71.48907 13 -28.12439 66.30393 13 -4.77429 -70.94844 13 -21.91349 67.4443 13 69.97829 -1.743331 13 69.98503 1.447793 13 69.84632 4.635908 13 69.56246 7.814388 13 2.111189 -70.25817 13 -15.54419 68.48459 13 69.82612 -4.930831 13 5.699925 -69.83972 13 69.52884 -8.108085 13 9.251461 -69.38596 13 68.5017 -14.40547 13 69.08705 -11.26849 13 67.77397 -17.51252 13 66.90541 -20.58317 13 24.69255 -65.50022 13 18.62574 -67.47653 13 21.68168 -66.55754 13 27.65211 -64.30677 13 15.53109 -68.2553 13 12.40416 -68.89221 13 63.47408 -29.5134 13 64.75322 -26.58985 13 65.89779 -23.61105 13 30.55421 -62.97968 13 62.06303 -32.37561 13 60.523 -35.17053 13 41.46934 -56.39409 13 33.39281 -61.52171 13 36.162 -59.93587 13 38.85605 -58.22548 13 46.43213 -52.38375 13 43.99645 -54.44549 13 51.00913 -47.93817 13 53.14094 -45.56358 13 55.16231 -43.09429 13 57.06906 -40.53545 13 58.85718 -37.89237 13 48.77131 -50.21314 1.5 55 -30 1.5 45 -30 1.5 55 -40 1.5 45 -40 11.5 55 -40 11.5 55 -30 11.5 45 -30 11.5 45 -40 11.5 -100.285 -30 11.5 -90.28503 -30 11.5 -100.285 -40 11.5 -90.28503 -40 1.5 -100.285 -30 1.5 -100.285 -40 1.5 -90.28503 -30 1.5 -90.28503 -40 20.17474 -98.46768 18.68686 19.04289 -99.05375 23.07469 18.11384 -105.487 22.2154 19.25466 -104.901 17.82757 20.261 -104.3149 13.43974 19.87936 -92.62046 23.93398 21.17252 -97.8816 14.29902 21.00035 -92.03438 19.54614 22.02999 -97.29551 9.91119 21.12632 -103.7288 9.051902 21.98792 -91.4483 15.15831 21.73127 -85.60108 20.40543 20.6229 -86.18717 24.79327 22.74184 -96.70944 5.523357 21.84507 -103.1427 4.664069 22.41271 -102.5567 0.2762365 22.83611 -90.86222 10.77048 22.70712 -85.01501 16.0176 23.30374 -96.12336 1.135525 22.36736 -79.1678 21.26472 21.27327 -79.75387 25.65255 23.5399 -90.27615 6.382646 23.54479 -84.42893 11.62977 23.71231 -95.53729 -3.252308 22.82567 -101.9706 -4.111596 23.08141 -101.3845 -8.499429 23.33012 -78.58171 16.87689 24.09516 -89.69007 1.994813 22.90862 -72.7345 22.12401 21.83037 -73.32057 26.51184 24.23951 -83.84285 7.241934 23.96512 -94.9512 -7.640141 24.15615 -77.99564 12.48905 24.49869 -89.10398 -2.39302 23.85699 -72.14842 17.73618 24.78735 -83.25678 2.854101 24.06073 -94.36512 -12.02797 23.17837 -100.7984 -12.88726 23.35516 -66.3012 22.9833 22.29427 -66.88729 27.37113 24.8409 -77.40956 8.101222 24.74818 -88.51792 -6.780852 22.66522 -60.45398 28.23042 24.67033 -71.56234 13.34834 25.18529 -82.6707 -1.533731 23.99863 -93.77906 -16.41581 23.11604 -100.2123 -17.27509 24.2879 -65.71513 18.59546 25.38065 -76.82348 3.713389 24.84229 -87.93183 -11.16868 23.70726 -59.86791 23.84259 25.3443 -70.97627 8.960511 25.43115 -82.08462 -5.921564 23.77931 -93.19297 -20.80364 22.89488 -99.62627 -21.66292 22.51641 -99.04019 -26.05076 25.08756 -65.12905 14.20763 25.77253 -76.23741 -0.6744433 24.78055 -87.34576 -15.55652 24.62314 -59.28182 19.45475 25.87536 -70.39019 4.572677 25.52365 -81.49855 -10.3094 23.40421 -92.6069 -25.19147 23.96541 -53.43461 24.70187 22.94373 -54.02069 29.08971 25.74997 -64.54297 9.819799 26.01448 -75.65132 -5.062276 24.56344 -86.75967 -19.94435 25.40811 -58.69575 15.06692 26.26076 -69.80411 0.1848448 25.46238 -80.91246 -14.69723 22.87577 -92.02082 -29.57931 21.98314 -98.45411 -30.43859 24.86315 -52.84854 20.31404 26.27175 -63.95689 5.431965 26.1053 -75.06525 -9.450109 24.19236 -86.17361 -24.33218 26.05819 -58.10968 10.67909 26.49856 -69.21803 -4.202988 25.24781 -80.32639 -19.08506 22.19741 -91.43474 -33.96714 21.29863 -97.86804 -34.82642 25.63239 -52.26246 15.92621 26.65028 -63.37081 1.044133 26.0446 -74.47917 -13.83794 23.66963 -85.58753 -28.72002 26.57011 -57.5236 6.291254 26.58762 -68.63195 -8.590821 24.88128 -79.74031 -23.47289 21.37349 -90.84866 -38.35497 20.46747 -97.28195 -39.21426 26.26928 -51.67638 11.53837 26.88371 -62.78473 -3.343699 25.83285 -73.89309 -18.22577 22.99852 -85.00144 -33.10785 26.94136 -56.93752 1.903421 26.52759 -68.04588 -12.97865 24.36502 -79.15423 -27.86073 20.40939 -90.26258 -42.7428 19.49529 -96.69588 -43.60209 26.7707 -51.0903 7.150542 26.97094 -62.19865 -7.731532 25.47134 -73.30702 -22.61361 22.1832 -84.41537 -37.49568 27.17017 -56.35144 -2.484411 26.31892 -67.4598 -17.36649 23.70214 -78.56815 -32.24856 19.31149 -89.67651 -47.13063 18.38874 -96.1098 -47.98992 27.13422 -50.50422 2.762709 26.91166 -61.61258 -12.11936 24.96221 -72.72093 -27.00144 21.22879 -83.82929 -41.88351 27.25551 -55.76536 -6.872244 25.96286 -66.87372 -21.75432 22.89662 -77.98207 -36.63639 27.35817 -49.91815 -1.625123 26.70632 -61.0265 -16.5072 24.30843 -72.13486 -31.38927 20.14133 -83.24321 -46.27134 27.19709 -55.17928 -11.26008 25.46146 -66.28764 -26.14215 21.95333 -77.396 -41.02422 27.44155 -49.33207 -6.012956 26.35613 -60.44042 -20.89503 23.51379 -71.54878 -35.7771 26.99533 -54.5932 -15.64791 24.81758 -65.70156 -30.52998 20.87802 -76.80992 -45.41205 27.38408 -48.74599 -10.40079 25.86305 -59.85434 -25.28286 22.58296 -70.9627 -40.16493 26.65143 -54.00713 -20.03574 24.03484 -65.11549 -34.91781 27.1862 -48.15991 -14.78862 25.22984 -59.26826 -29.6707 21.52139 -70.37662 -44.55277 26.16728 -53.42105 -24.42358 23.11771 -64.52941 -39.30565 26.84905 -47.57383 -19.17645 24.45999 -58.68219 -34.05853 25.54552 -52.83498 -28.81141 22.07141 -63.94332 -43.69348 26.37447 -46.98775 -23.56429 23.55776 -58.09611 -38.44636 24.78954 -52.24889 -33.19924 25.76502 -46.40167 -27.95212 22.52818 -57.51003 -42.83419 23.90343 -51.66281 -37.58707 25.02396 -45.8156 -32.33995 22.89203 -51.07674 -41.9749 24.15522 -45.22952 -36.72778 23.16347 -44.64344 -41.11561 14.82062 -117.4182 25.63198 13.00002 -118.5485 30.94456 13.00008 -121.8385 28.54436 15.26523 -119.2167 22.56339 14.81786 -115.2913 27.23477 14.82398 -113.031 28.83071 12.99999 -115.0575 33.3322 14.83911 -110.6363 30.41673 13.00002 -111.3644 35.70261 15.68915 -115.208 24.17581 15.68118 -113.6628 25.37987 14.86329 -108.1082 31.98869 13.00009 -107.4732 38.04801 15.68304 -112.0178 26.57998 16.3307 -116.3605 20.77698 15.67993 -120.884 19.49424 16.32672 -114.915 21.98189 15.69496 -110.2723 27.77379 15.71709 -108.4257 28.95901 16.9214 -117.416 17.37816 16.06233 -122.4205 16.42883 16.92293 -116.0675 18.58307 15.74952 -106.4801 30.13173 15.2166 -103.3033 33.82895 13.00012 -103.3831 40.36412 17.45633 -119.5274 12.78978 16.05878 -124.0234 14.83252 16.39867 -125.3059 11.78155 17.45743 -118.3721 13.98495 17.46604 -117.123 15.18425 16.94487 -111.7724 22.05973 17.92143 -121.265 8.23133 16.39347 -126.6596 10.2052 16.68575 -127.6985 7.178577 17.92491 -120.2958 9.408499 17.93512 -119.2344 10.59587 16.23283 -103.2634 30.56137 17.73471 -112.3453 18.33123 15.5446 -98.36711 35.64741 13.00013 -99.0978 42.64414 16.2617 -101.2184 31.7194 18.33072 -120.972 6.037414 18.31649 -121.854 4.868571 16.9047 -104.0046 27.77938 18.30869 -122.6021 3.783507 16.67657 -128.7852 5.675973 16.91961 -129.4237 2.963047 15.57013 -95.44776 37.15272 18.44783 -112.8536 14.60274 18.64663 -122.3091 1.589591 18.63193 -122.8117 0.7991819 18.61899 -123.3136 -0.05256175 18.6089 -123.7836 -0.9220943 16.9082 -130.0933 1.868279 16.70908 -98.00177 32.14904 18.60214 -124.1973 -1.762272 16.89173 -131.3304 -0.4190452 17.07081 -131.6517 -2.982102 16.89869 -130.7412 0.7207613 19.07043 -114.0659 10.08121 16.73339 -95.85913 33.28906 17.54059 -98.35243 29.12426 18.83075 -124.2656 -4.76668 18.84786 -123.9042 -3.956188 16.76694 -93.62274 34.407 15.86642 -90.25807 38.91417 18.81603 -124.5952 -5.5906 18.80387 -124.8906 -6.427296 17.05727 -132.1124 -4.071711 18.79444 -125.1498 -7.27597 17.04589 -132.529 -5.178788 19.59588 -115.0289 5.579632 18.78787 -125.3706 -8.135407 17.0368 -132.8988 -6.302368 18.78434 -125.5508 -9.004325 17.02608 -133.4861 -8.593345 17.1133 -133.5025 -11.21967 17.03015 -133.2188 -7.441109 17.1631 -90.40608 34.83665 20.01705 -115.725 1.151806 18.90414 -125.2577 -11.19824 17.19049 -88.07461 35.93124 16.134 -84.94647 40.64099 18.88827 -125.3953 -12.0749 18.87657 -125.4812 -12.86886 17.10111 -133.6515 -12.33342 18.14319 -91.14421 31.20242 18.86822 -125.5269 -13.58622 17.09221 -133.7392 -13.34096 18.86201 -125.5417 -14.30485 17.08592 -133.7795 -14.29829 17.08153 -133.7785 -15.25628 18.85799 -125.5252 -15.0232 17.07903 -133.7356 -16.21304 18.85615 -125.4774 -15.73998 17.07846 -133.6507 -17.16682 17.54938 -84.85797 36.36088 18.85655 -125.3978 -16.45388 17.07985 -133.5235 -18.11586 18.8592 -125.2866 -17.16353 17.08319 -133.3544 -19.05836 17.56949 -82.43868 37.42687 16.37157 -79.52013 42.32767 18.86407 -125.1441 -17.86764 17.08844 -133.1439 -19.99267 18.65838 -85.30104 32.50501 18.87111 -124.9709 -18.56499 17.09557 -132.8928 -20.91717 18.88031 -124.7675 -19.25439 17.89072 -79.22203 37.85652 18.81206 -124.4744 -21.4483 17.04515 -132.4065 -23.29274 17.04455 -132.0772 -24.19252 18.81047 -124.2416 -22.12835 17.04579 -131.7109 -25.07791 17.04884 -131.3092 -25.94785 17.90246 -76.71845 38.89091 16.38469 -76.12242 43.68608 18.81105 -123.9804 -22.79799 17.05364 -130.8735 -26.80131 19.113 -79.39931 33.78853 18.81372 -123.6921 -23.45643 17.06013 -130.4056 -27.63752 17.92136 -74.12546 39.89413 18.81844 -123.3778 -24.10289 17.06822 -129.9073 -28.45597 18.82514 -123.0386 -24.73662 17.07783 -129.3802 -29.25621 18.83373 -122.676 -25.35721 17.0889 -128.8261 -30.03794 18.188 -70.90882 40.32377 16.58219 -70.4707 45.28466 18.84413 -122.2911 -25.9643 18.85624 -121.8854 -26.55757 18.19673 -68.24088 41.28879 16.74634 -64.7227 46.83029 19.51586 -71.71273 35.71979 18.65223 -121.1669 -29.33081 16.9322 -127.4477 -33.00814 16.93777 -126.8221 -33.73392 16.92808 -128.0511 -32.26367 16.94471 -126.1757 -34.44115 18.87 -121.4599 -27.13689 18.6565 -120.723 -29.89617 18.42477 -65.02423 41.71843 18.66248 -120.2618 -30.44752 16.95508 -125.3952 -35.24146 18.67008 -119.7845 -30.98484 18.42242 -62.28681 42.64221 16.87648 -58.88051 48.32065 18.67922 -119.2921 -31.50835 19.83646 -65.64525 36.936 18.61191 -59.07017 43.07186 18.38128 -118.3207 -34.37921 16.72801 -124.2909 -37.58119 18.69368 -118.6138 -32.1853 16.7329 -123.2886 -38.4818 16.74144 -122.1102 -39.46787 18.59774 -56.26094 43.95398 17.0004 -52.35309 49.83263 18.3853 -117.6356 -35.01794 20.0922 -59.53144 38.12471 18.39315 -116.8173 -35.73014 18.78708 -52.15284 44.50269 18.01467 -115.5751 -38.69096 16.46016 -120.6312 -41.92972 18.4058 -115.8681 -36.49705 16.46309 -119.3132 -42.88349 18.75552 -49.27905 45.33982 16.97275 -48.48564 50.91621 18.01693 -114.5988 -39.42292 16.46946 -117.9638 -43.79416 20.30636 -52.77546 39.36503 19.69712 -110.0634 -34.47756 18.02326 -113.598 -40.12162 18.72808 -46.35166 46.12806 17.03081 -41.81015 52.29938 18.03337 -112.5747 -40.78892 17.56605 -112.2816 -42.98284 16.13623 -116.3916 -46.12579 18.83902 -42.24357 46.67678 16.14062 -114.7535 -47.08504 19.19746 -107.6725 -38.80142 17.56764 -111.2398 -43.61906 18.79292 -39.26581 47.41457 17.03979 -35.0722 53.61373 20.42123 -43.43055 41.18023 17.57565 -109.8246 -44.42171 17.04705 -109.5315 -46.61563 15.76869 -112.4973 -49.66323 18.59449 -105.6437 -42.68589 18.8492 -35.15772 47.96329 17.04811 -107.8554 -47.48634 18.78443 -32.13664 48.64829 16.98096 -31.02131 54.4902 20.45446 -35.96791 42.40371 16.47091 -107.5623 -49.68026 15.36308 -109.9955 -52.26893 17.90244 -104.1355 -46.19159 18.72257 -29.08138 49.278 24.53972 -49.03348 23.05667 25.03207 -44.63235 21.41147 24.15952 -45.21842 25.7993 16.46636 -105.7788 -50.52419 14.92682 -107.3482 -54.83771 13.00006 -111.0729 -59.07691 12.99999 -107.0625 -60.64319 15.84298 -105.4858 -52.7181 17.13267 -102.5558 -49.67943 18.70382 -24.97328 49.82672 16.92529 -24.19016 55.65787 25.36225 -48.4474 18.66884 25.77951 -44.04627 17.02363 15.83451 -103.5914 -53.53341 14.92408 -104.7484 -55.90334 18.622 -21.88991 50.39981 16.81741 -17.17476 56.77261 20.3287 -26.43956 44.01181 24.64467 -40.81729 24.1541 25.04784 -36.41616 22.50889 24.20315 -37.00223 26.89673 15.83699 -101.5862 -54.31655 26.05596 -47.86132 14.281 26.39819 -43.46018 12.6358 14.93128 -101.9996 -56.92429 12.99996 -102.8266 -62.13977 18.55018 -17.78798 50.9477 15.85072 -99.46819 -55.06484 23.71086 -33.18718 29.63936 24.09811 -28.78605 27.99415 23.17128 -29.37212 32.38199 23.24131 -37.58831 31.28456 25.44251 -40.23121 19.76626 25.77123 -35.83008 18.12106 26.61747 -47.27524 9.893173 26.88514 -42.87411 8.24797 18.43836 -14.45019 51.49881 16.64678 -9.982655 57.82645 14.94855 -99.10221 -57.89603 13.00001 -98.37026 -63.55838 20.15075 -18.91063 45.12494 15.87591 -97.24004 -55.77415 17.1092 -93.1593 -53.33799 15.91273 -94.90068 -56.44168 18.30666 -10.34825 52.0467 14.97603 -96.05721 -58.81391 13.0001 -93.69165 -64.89341 25.36906 -32.01502 20.86369 25.60849 -27.61389 19.21849 24.91181 -28.19997 23.60632 16.39319 -91.68404 -56.01203 18.16077 -6.999824 52.52846 16.55792 -7.234059 58.21063 26.65961 -39.05905 10.9906 26.84093 -34.65792 9.345397 26.36987 -35.244 13.73323 19.86211 -11.21619 46.22287 18.12759 -6.22536 52.62297 16.52803 -6.200193 58.32509 18.09741 -5.449024 52.70016 16.49867 -5.018175 58.4256 17.74483 -87.23802 -53.17989 18.06299 -4.452332 52.77373 16.4699 -3.688101 58.50471 16.42673 -89.23543 -56.63417 24.40266 -24.38491 26.34895 24.62417 -19.98378 24.70375 23.84486 -20.56986 29.09158 15.3315 -90.7208 -59.38726 13.00013 -88.7943 -66.13772 18.03311 -3.453912 52.81882 26.01855 -31.42894 16.47586 26.18489 -27.02781 14.83066 27.48519 -45.51701 -3.270326 27.5361 -41.11588 -4.915528 27.45536 -41.70196 -0.5276956 16.87012 -86.01878 -56.20452 23.2419 -16.76096 31.83339 23.44174 -12.36598 30.18737 22.5965 -12.95206 34.5752 22.95701 -21.15593 33.47941 25.14269 -23.79883 21.96112 25.29129 -19.3977 20.31592 26.544 -30.84287 12.08803 26.63836 -26.44173 10.44282 27.35375 -37.8869 2.214935 27.39232 -33.48577 0.5697321 27.18226 -34.07184 4.957564 27.23806 -42.28803 3.860137 17.64952 2.948287 53.55704 16.20754 2.578089 59.02997 17.69252 1.948984 53.54048 16.17378 3.91006 58.995 15.66086 -85.2404 -59.89774 16.89921 -83.46344 -56.77775 17.61025 3.947648 53.54507 16.14346 5.240471 58.92201 24.05629 -16.17488 27.44556 24.18369 -11.7799 25.79953 25.76637 -23.21275 17.57329 25.84315 -18.81162 15.92809 17.57461 4.946244 53.50458 16.93877 -80.80526 -57.29854 18.3511 -79.47348 -53.33638 26.94301 -30.25679 7.700194 26.96685 -25.85565 6.054992 27.50038 -37.30082 -2.172898 27.47024 -32.89969 -3.8181 17.54253 5.943264 53.43558 16.11646 6.568253 58.81101 15.69108 -81.76473 -60.62709 17.51391 6.937916 53.3381 16.09264 7.892336 58.66213 22.78281 -8.557085 32.92917 22.88184 -4.16211 31.28315 22.08137 -4.748188 35.67098 24.76287 -15.5888 23.05772 24.81885 -11.19382 21.4117 17.48868 7.929391 53.21226 16.07189 9.211646 58.47553 17.32848 -77.58862 -56.8689 26.27085 -22.62668 13.18546 26.27726 -18.22554 11.54025 17.46675 8.916879 53.05819 27.21378 -29.67071 3.312362 27.16896 -25.26958 1.66716 18.86368 -73.3442 -53.074 27.10762 -43.75878 -16.43382 26.95983 -39.35764 -18.07903 27.28758 -39.94372 -13.69119 17.36173 -74.82799 -57.33461 25.35833 -15.00272 18.66989 25.3443 -10.60775 17.02387 15.98764 -76.00777 -60.99832 21.65135 0.6547081 36.39264 21.88879 6.643682 32.72646 21.14463 6.057604 37.11429 16.90645 14.31977 53.77985 15.65713 15.43354 58.47098 15.68865 14.12703 58.73249 17.71281 -71.61135 -56.90496 15.60314 18.02144 57.83659 13.00007 19.56389 67.21048 15.62864 16.73204 58.17227 13.00006 21.47469 66.62445 16.86964 15.30246 53.5977 24.22704 -7.384929 24.15351 24.18691 -2.989954 22.50748 23.58484 -3.576032 26.89531 19.31413 -67.14867 -52.7728 18.41561 11.56572 48.22467 15.58058 19.30066 57.46419 13.00005 23.36793 65.98415 16.83613 16.27955 53.38758 26.91372 -21.45452 4.40979 26.78511 -17.05339 2.764587 26.59169 -17.63946 7.15242 17.73844 -68.75134 -57.31245 16.80588 17.25022 53.14964 15.5609 20.56868 57.05541 13.00004 25.24212 65.29014 26.17209 -42.58662 -25.20949 25.90623 -38.18549 -26.85469 26.49857 -38.77156 -22.46686 16.77886 18.21364 52.88405 23.05212 -0.1694604 28.83903 16.25409 -70.11625 -61.29402 15.54405 21.82449 56.61064 24.79261 -6.798851 19.76568 24.68517 -2.403876 18.11965 16.75505 19.16905 52.59104 22.77361 1.533825 29.81089 26.20562 -13.83057 9.894227 26.05704 -9.435592 8.248203 25.75764 -10.02167 12.63603 18.05039 -65.53469 -56.88282 22.48692 3.237111 30.78275 22.54266 7.22976 28.33863 16.7344 20.11567 52.27089 19.70085 -60.89045 -52.43059 23.47702 0.2212582 25.91381 26.74502 -34.95651 -19.72423 26.46562 -30.55538 -21.36943 26.91213 -31.14146 -16.9816 16.71687 21.05276 51.92388 21.01485 9.854895 36.13279 25.25012 -6.212773 15.37784 25.07725 -1.817798 13.73182 18.06709 -62.58066 -57.2288 23.40322 2.119903 25.42306 15.01452 26.66903 56.61136 13.00003 30.7355 62.89141 13.00003 28.9274 63.7432 13.00004 27.09577 64.54297 16.48882 -64.0958 -61.50991 27.00071 -27.3264 -14.23897 26.70618 -22.92526 -15.88417 27.01177 -23.51134 -11.49634 27.22942 -31.72753 -12.59377 20.92881 11.75354 35.64204 20.55867 11.4605 37.83596 14.98866 27.89745 56.09571 13.00002 32.51861 61.98815 23.31621 4.018548 24.9323 23.10292 7.815838 23.9508 18.33947 -59.36402 -56.79915 24.19349 1.002696 20.06337 15.94707 26.45566 52.64554 25.59751 -5.626694 10.99001 25.36134 -1.231719 9.343985 20.02235 -54.57863 -52.04507 14.96578 29.1107 55.54518 17.33921 23.25824 47.94957 21.27758 12.04658 33.44812 20.82887 13.65218 35.15129 20.58799 17.44948 34.16978 19.89206 16.8634 38.55762 23.93422 2.705981 21.03523 15.91641 27.38249 52.27196 21.92591 10.63633 30.28235 23.66603 4.409267 22.00708 23.56676 8.401917 19.56297 14.94587 30.30777 54.96016 13.00003 34.2753 61.03421 15.88904 28.29829 51.87207 21.60453 12.33962 31.25421 18.34585 -56.32958 -57.08015 25.57952 -33.78435 -28.49989 25.1859 -37.59941 -31.24252 25.19487 -29.38322 -30.1451 25.89222 -29.9693 -25.75726 21.27444 14.0429 32.22607 21.19943 18.03555 29.78195 23.79287 -40.82839 -38.37298 23.37703 -36.42725 -40.01819 24.34135 -37.01333 -35.63035 15.86497 29.20234 51.44616 14.92892 31.4877 54.3411 13.00004 36.00413 60.0305 24.61116 1.588774 15.67553 16.69021 -57.95906 -61.64147 21.90926 12.63266 29.06029 24.364 3.292059 16.64739 15.84418 30.0939 50.99454 14.91488 32.64955 53.68856 13.00006 37.70367 58.97789 18.57839 -53.11293 -56.65052 22.50415 11.22241 25.89452 24.10753 4.995345 17.61925 23.93191 8.987995 15.17513 15.82665 30.97225 50.51758 22.19138 12.9257 26.86638 14.90371 33.79234 53.00312 19.86634 20.85605 36.1135 19.14465 22.2663 39.27927 15.81235 31.83667 50.01572 21.86968 14.62898 27.83823 21.72331 18.62163 25.39412 24.92395 2.174852 11.2877 19.49227 22.55933 37.08536 15.80127 32.68644 49.48942 18.57326 -49.99181 -56.86509 20.27745 -48.20902 -51.61526 14.8954 34.91513 52.28537 13.00008 39.37249 57.87727 24.69048 3.878137 12.25956 19.10937 24.26262 38.05722 18.97328 28.25527 35.6131 18.31713 27.66919 40.00093 22.98906 11.80849 21.50669 24.44728 5.581423 13.23142 24.19661 9.574072 10.7873 15.79337 33.52084 48.9391 19.81977 22.85237 34.89144 25.49989 -25.56816 -27.40247 25.05217 -21.16703 -29.04767 25.72389 -21.75311 -24.65983 14.88992 36.01694 51.53592 13.0001 41.00914 56.72954 22.6864 13.51177 22.47854 16.85688 -51.71092 -61.68543 23.91763 -32.6122 -37.27556 23.4433 -28.21106 -38.92076 24.37716 -28.79714 -34.53293 15.78865 34.33916 48.36524 20.49328 21.44213 31.72567 22.37455 15.21506 23.4504 22.15706 19.20771 21.00629 18.76582 -46.77517 -56.43544 25.13043 2.76093 6.899869 25.53617 -0.6456415 4.956152 14.88726 37.09684 50.75535 13.00012 42.6122 55.53558 20.12674 23.14541 32.69752 23.25927 12.19921 18.58146 15.7871 35.14069 47.76826 24.91213 4.464215 7.871727 26.25797 -10.90018 -12.04493 25.81921 -6.505201 -13.69096 26.09782 -7.091279 -9.303129 26.63446 -15.29515 -10.39891 26.34186 -14.70907 -14.78674 19.75122 24.8487 33.66938 19.54953 28.84135 31.22527 25.86715 -17.93805 -21.91721 25.40125 -13.53692 -23.56241 25.9301 -14.123 -19.17458 26.27616 -22.33918 -20.272 24.68366 6.167501 8.843586 24.35961 10.16015 6.39947 14.88742 38.15393 49.94425 15.7887 35.92479 47.14859 20.41281 23.43845 30.50361 23.08713 14.09785 18.09071 15.79344 36.69088 46.50676 21.03535 22.0282 27.33784 14.89036 39.18738 49.10326 13.00014 44.18038 54.29625 25.22966 3.347008 2.512036 25.60099 -0.05956339 0.5683195 20.67762 23.73149 28.30969 15.80126 37.43836 45.84332 22.90289 15.9965 17.59996 22.49858 19.79379 16.61845 25.02792 5.050293 3.483895 16.98771 -45.36119 -61.63853 18.74825 -43.58835 -56.58016 20.31073 25.43478 29.28155 20.04312 29.42742 26.83744 14.89606 40.19643 48.23308 13.00014 45.71256 53.01258 15.81214 38.16662 45.15884 16.92378 35.33514 41.50695 23.66981 12.98064 12.73102 24.81559 6.753579 4.455753 24.4202 10.74623 2.011637 23.39164 14.68393 13.70288 15.82607 38.87507 44.45387 14.90446 41.18026 47.33446 13.00013 47.20751 51.68569 21.4899 22.61428 22.95 23.10369 16.38722 14.67474 22.74624 20.37987 12.23062 25.22127 3.933086 -1.875796 25.55561 0.5265147 -3.819513 21.14223 24.31757 23.92186 14.91556 42.13807 46.40816 13.0001 48.66405 50.31673 16.16932 39.16811 42.25996 25.03739 5.636372 -0.9039378 20.7852 26.02085 24.89372 20.45175 30.0135 22.4496 16.97315 -41.06662 -61.78402 18.7363 -40.33331 -56.65368 23.86239 13.56672 8.343187 24.55226 -16.7659 -30.69287 24.26438 -20.58095 -33.4355 24.00338 -12.36476 -32.33807 24.75795 -12.95084 -27.95024 24.84251 7.339658 0.06792056 24.37818 11.33231 -2.376195 18.90349 -36.22521 -56.10497 20.46945 -39.03129 -51.10852 16.17873 39.85613 41.53507 20.59452 -31.33644 -50.37727 23.59848 15.27001 9.315046 17.38037 37.05949 37.09364 21.85474 23.20036 18.56217 16.19105 40.52312 40.79084 23.32445 16.97329 10.2869 22.8989 20.96594 7.842788 15.15785 43.2644 43.99232 13.00006 50.08094 48.9068 25.10541 4.519164 -6.263629 25.40037 1.112593 -8.207346 21.51836 24.90365 19.53403 16.20625 41.16856 40.02782 24.94061 6.22245 -5.29177 21.17239 26.60693 20.50589 20.77352 30.59958 18.06177 18.87177 -32.89912 -56.10553 15.16768 44.16775 43.01292 13.00001 51.45699 47.45704 23.95509 14.1528 3.955354 24.7644 7.925735 -4.319912 24.23385 11.91838 -6.764027 23.70669 15.85609 4.927213 16.50824 41.4616 37.83391 15.18005 45.0427 42.00808 12.99995 52.79098 45.96859 22.12814 23.78644 14.17434 23.44781 17.55937 5.899071 22.95588 21.55202 3.454956 16.51835 42.08499 37.05273 17.78253 38.65162 32.57156 24.88276 5.105242 -10.65146 25.13614 1.698671 -12.59518 21.80424 25.48972 15.1462 24.88413 -1.524148 -19.72482 25.42714 -5.919123 -18.07879 24.92359 -5.333045 -22.46662 24.28687 2.870827 -21.37084 24.76433 2.284749 -16.98301 17.0792 -33.94047 -61.4676 24.73816 6.808527 -9.679603 18.98083 -28.79103 -55.55681 24.19878 -8.555865 -29.59626 23.59261 -4.160889 -31.24229 24.31106 -4.746967 -26.85446 16.53115 42.68586 36.25408 21.47048 27.19301 16.11805 21.00696 31.18566 13.67394 20.61816 -23.61561 -49.59634 23.94756 14.73888 -0.4324783 24.58174 8.511814 -8.707745 23.98805 12.50446 -11.15186 15.39548 46.08395 39.51601 12.9999 54.08185 44.44255 16.54662 43.26372 35.43862 23.71582 16.44216 0.5393802 22.30886 24.37252 9.786505 23.47324 18.14545 1.511239 22.91699 22.1381 -0.932877 15.40593 46.90012 38.46279 12.99989 55.32864 42.8802 24.55455 5.691319 -15.03929 16.80557 43.55675 33.24471 21.99854 26.0758 10.75836 18.92884 -25.42598 -55.48285 24.43118 7.394605 -14.06744 23.409 -7.969786 -33.9841 22.77181 -3.574811 -35.63012 23.1413 -11.77868 -36.72591 15.41871 47.68594 37.38671 12.9999 56.53037 41.28289 21.67809 27.77909 11.73022 21.15103 31.77173 9.286107 16.81538 44.11112 32.41311 18.12577 40.10279 27.95267 23.83991 15.32496 -4.820311 24.29557 9.097892 -13.09558 23.64211 13.09054 -15.53969 22.37742 24.76323 6.861283 23.62592 17.02824 -3.848453 24.27795 6.082039 -17.96452 16.82771 44.64151 31.56606 17.13188 -26.74099 -61.05285 23.40071 18.73153 -2.876594 22.7825 22.72418 -5.32071 16.84256 45.14744 30.7042 18.98122 -21.31789 -54.93413 15.60511 48.63611 34.82607 12.99993 57.68608 39.65197 22.1004 26.66188 6.370531 24.02131 7.980684 -18.45527 23.63279 15.91103 -9.208144 15.61524 49.35928 33.70697 17.0569 45.44048 28.51029 21.81263 28.56052 5.879778 21.20512 32.35781 4.898273 23.43754 17.61432 -8.236286 17.06562 45.92155 27.6343 18.40635 41.40503 23.24915 23.75575 9.879329 -18.94602 23.1979 13.67662 -19.92753 18.90862 -17.91154 -54.78472 20.5415 -15.86725 -48.76512 15.62753 50.05015 32.56769 22.38943 25.54467 1.01084 23.23067 19.31761 -7.264426 22.55317 23.31025 -9.708542 23.58903 6.863476 -23.81496 23.70625 3.456905 -25.75868 17.07674 46.37742 26.7449 22.10939 27.24796 1.982698 22.94172 0.2340859 -32.88832 22.24803 4.629061 -34.53434 23.02546 4.042983 -30.14651 23.51075 8.566762 -22.8431 21.81863 28.95124 2.954557 21.16904 32.94389 0.5104411 17.0902 46.80775 25.84284 23.32735 16.49711 -13.59598 23.41943 10.27005 -21.87124 22.65779 14.2627 -24.31536 17.13211 -19.48799 -60.53812 15.78302 50.90351 29.94652 23.15171 18.2004 -12.62412 18.90575 -13.80344 -54.23601 17.25861 47.10079 23.64892 22.28905 26.13075 -3.376993 22.96407 19.90369 -11.65226 22.23022 23.89633 -14.09637 15.79212 51.52815 28.76959 22.02557 27.83404 -2.405134 17.26553 47.50522 22.73496 18.62107 42.55192 18.47421 21.75102 29.53732 -1.433276 21.04305 33.52997 -3.877392 15.80323 52.11894 27.57529 17.27471 47.88343 21.80985 22.92522 17.08319 -17.98381 17.28612 48.23505 20.87434 22.76999 18.78648 -17.01195 22.09551 26.71683 -7.764825 22.60233 20.48976 -16.04009 21.81538 24.48241 -18.48421 15.92618 52.87082 24.902 21.8494 28.42011 -6.792967 22.60446 17.47391 -20.90903 17.40757 48.52809 18.68043 17.081 -12.18701 -59.92235 18.81191 -10.36641 -54.01047 21.59189 30.1234 -5.821108 20.8278 34.11605 -8.265225 15.93356 53.39258 23.67594 17.41216 48.8528 17.73529 18.76759 43.5376 13.64149 21.91522 27.10755 -10.69005 22.29441 19.37256 -21.39978 17.41893 49.15035 16.78129 15.94283 53.87913 22.43553 17.42785 49.42053 15.81918 21.58184 29.00619 -11.1808 22.02219 19.66559 -23.5937 21.97545 21.2712 -21.89053 21.31083 25.06849 -22.87204 18.63682 -2.804636 -53.16081 20.27437 -5.795986 -47.68251 18.71956 -6.906573 -53.7087 16.99534 -7.589094 -59.57081 21.84002 18.25535 -26.75947 22.02467 14.84877 -28.70319 17.50159 49.71357 13.62526 16.03194 54.52538 19.71916 21.56894 27.69363 -15.07788 21.23889 30.90484 -11.67155 20.52442 34.70212 -12.65306 21.72749 19.95863 -25.78762 17.50346 49.95621 12.6558 18.84425 44.35802 8.764674 16.03716 54.94022 18.45307 21.60169 21.66192 -24.81576 20.71922 25.65457 -27.25987 17.50744 50.17112 11.67975 21.22428 29.59227 -15.56863 16.0442 55.31871 17.17566 21.41072 20.25167 -27.98153 17.51352 50.35812 10.69787 21.16274 18.84143 -31.14731 21.30193 15.43485 -33.09102 20.87029 31.49091 -16.05938 20.13443 35.2882 -17.04089 21.07228 20.54471 -30.17545 17.5391 50.65115 8.503956 16.09856 55.85594 14.42534 20.96859 28.47506 -20.92832 20.9681 22.248 -29.20359 20.04371 26.24065 -31.64771 17.53802 50.81005 7.516979 18.85026 45.00988 3.85772 16.87952 -0.6650299 -58.80315 18.54053 0.0196861 -52.85897 20.77857 30.17835 -19.95647 17.53905 50.94067 6.525791 16.10125 56.16098 13.12833 20.71265 20.83775 -32.36936 20.57611 31.88163 -18.98461 19.65982 35.87428 -21.42872 17.54218 51.04287 5.531359 16.10571 56.42891 11.82305 20.61054 28.86578 -23.85354 20.52336 30.47139 -22.15038 17.51945 51.33591 3.337443 17.51543 51.40967 2.340653 20.24701 30.76443 -24.3443 16.1247 56.85487 9.047866 17.5135 51.45495 1.34226 18.78564 45.49116 -1.063767 16.71899 5.831568 -58.0027 18.40091 4.121622 -52.31108 18.27556 6.940261 -51.96014 16.1247 57.04788 7.729089 17.51367 51.47175 0.3430447 20.00341 29.45186 -28.24138 19.94989 31.05747 -26.53821 19.87457 32.66307 -24.83505 19.10299 36.46036 -25.81656 16.12646 57.20309 6.405342 17.44284 51.76478 -1.850872 16.62643 8.773051 -57.6021 18.20884 8.533845 -51.71018 19.63238 31.3505 -28.73213 17.43596 51.75307 -2.850126 18.65736 45.84723 -5.320838 16.10995 57.51576 3.61525 17.43123 51.71283 -3.848645 16.57056 10.88899 -57.22003 18.15431 10.11417 -51.38704 19.29489 31.64354 -30.92605 16.10725 57.59512 2.285128 19.25258 33.24915 -29.22288 18.46677 37.04644 -30.20439 17.32184 52.00587 -6.042561 16.1063 57.63651 0.9533892 17.31023 51.93708 -7.039557 17.30085 51.8398 -8.034219 18.45681 46.04349 -10.23484 17.2937 51.71417 -9.025728 16.05446 57.83525 -1.841535 16.04915 57.80061 -3.173384 17.1373 52.00721 -11.21964 17.12355 51.85336 -12.20718 16.26822 18.56944 -55.71383 17.74561 17.08746 -50.26792 17.81682 15.51706 -50.66538 16.32627 16.5914 -56.25853 17.1121 51.67142 -13.18992 18.19012 46.07041 -15.125 17.103 51.46151 -14.16706 15.96858 57.92328 -5.966338 16.22509 20.22312 -55.18736 17.68974 18.48413 -49.84833 15.95915 57.81257 -7.294109 16.19425 21.56932 -54.70607 17.62114 20.50342 -49.1264 17.65114 19.56798 -49.47822 15.9516 57.66397 -8.618224 16.90065 51.75455 -16.36098 17.47149 45.62765 -24.77607 16.16917 22.80963 -54.21926 17.59449 21.42845 -48.748 16.88534 51.51683 -17.33168 16.97496 28.64716 -47.1912 18.51815 24.24305 -42.49114 17.55092 23.24426 -47.91286 16.8725 51.25144 -18.29518 17.86041 45.93049 -19.97672 16.14714 24.03555 -53.69724 17.57111 22.34231 -48.34337 16.94009 29.53645 -46.73513 16.86216 50.95859 -19.25072 15.83704 57.673 -11.4002 16.12805 25.24609 -53.14048 15.82567 57.44914 -12.71372 16.61519 51.25164 -21.44464 15.81627 57.18791 -14.0203 17.0278 45.1671 -29.50915 16.59912 50.93163 -22.39146 16.58567 50.58475 -23.32878 16.57486 50.2113 -24.25583 15.66895 57.08485 -16.78148 12.99999 67.21467 -19.54946 13.00004 67.74546 -17.62248 15.73287 30.04219 -52.06832 15.65623 56.74944 -18.07094 12.99995 66.62898 -21.46055 16.28487 50.50434 -26.44975 15.70314 31.21898 -51.44343 16.26889 50.1046 -27.36574 15.64565 56.37728 -19.3503 12.99992 65.98897 -23.3542 16.25574 49.67887 -28.26992 15.67636 32.37741 -50.78518 16.90843 30.41235 -46.25386 16.24544 49.22743 -29.16153 15.65249 33.51649 -50.09409 13.00006 38.00128 -58.78676 13.00005 39.66402 -57.67785 16.87997 31.27409 -45.74775 15.63147 34.63532 -49.37078 13.00005 41.29443 -56.52199 16.85468 32.12097 -45.21723 16.01541 39.96884 -42.76226 17.43894 35.39278 -39.05741 16.79734 34.56594 -43.48392 15.46725 56.16408 -22.08115 12.99991 65.29522 -25.22884 15.98648 40.74979 -42.13879 15.61324 35.73304 -48.61586 13.00004 42.89123 -55.32012 16.81339 33.76754 -44.08486 16.83249 32.95233 -44.66278 15.45391 55.71949 -23.33725 12.99991 64.54833 -27.08294 15.91427 49.52047 -31.35545 15.59777 36.80878 -47.82995 15.89941 49.04372 -32.23382 15.88754 48.54209 -33.09825 15.44285 55.23928 -24.58017 12.99994 63.74884 -28.91493 15.87869 48.01601 -33.94804 15.87286 47.46593 -34.78247 15.23525 54.91918 -27.27148 13 62.89738 -30.72328 15.22212 54.36886 -28.48493 13.00006 61.9945 -32.50651 15.21151 53.78408 -29.68211 13.0001 61.041 -34.26325 15.05905 41.46361 -46.53256 13.00004 44.45314 -54.07317 13.00004 45.97884 -52.78206 13.00003 47.46708 -51.44772 15.03476 42.4928 -45.68654 15.0134 43.49745 -44.81139 15.96079 41.51264 -41.49322 13.00004 48.91667 -50.07128 14.97692 53.36066 -32.32472 13.00013 60.03773 -35.99211 14.99495 44.47673 -43.9078 13.00005 50.32645 -48.65396 15.93834 42.25676 -40.82606 14.96496 52.7084 -33.48659 13.00015 58.98558 -37.69168 14.97938 45.42985 -42.97655 13.00007 51.69527 -47.19699 15.91911 42.98156 -40.13784 14.95564 52.02326 -34.6294 13.00015 57.88541 -39.36055 14.96666 46.35606 -42.01845 13.00008 53.02199 -45.70162 15.90307 43.68645 -39.42918 15.89019 44.37087 -38.7007 14.94899 51.30582 -35.75221 13.00014 56.73809 -40.99732 14.95675 47.25458 -41.03434 15.88047 45.03422 -37.95301 14.94503 50.55665 -36.85409 15.8701 46.89227 -35.60085 14.94965 48.12463 -40.02503 13.0001 54.30545 -44.16907 15.87388 45.67594 -37.18673 14.9438 49.77634 -37.93409 13.00012 55.54449 -42.60058 15.87043 46.29546 -36.40248 14.94533 48.96546 -38.99135 14.18672 -133.1448 13.6286 12.99985 -135.326 16.52765 12.99988 -137.4489 14.15293 14.19958 -131.667 15.21695 12.99989 -133.0155 18.91801 14.0643 -129.1853 18.35571 13 -130.5171 21.31659 14.29252 -136.4413 8.97849 12.99991 -139.3873 11.79859 12.99994 -141.1514 9.460907 14.30585 -135.2071 10.5425 14.06785 -126.9192 20.49061 13.0001 -127.82 23.72643 14.38995 -137.9641 6.206654 12.99997 -142.6476 7.290779 14.38953 -139.2102 4.193898 12.99999 -143.6528 5.709959 14.37841 -139.8799 3.099129 13.00002 -144.6565 4.006474 14.37066 -140.5278 1.951611 13.00006 -145.5966 2.2674 14.57231 -128.5195 16.87527 14.76173 -130.9928 13.36643 14.75194 -132.0543 12.17906 14.58197 -127.2703 18.07456 14.78117 -129.8376 14.5616 14.57526 -126.4688 18.87271 14.76783 -129.1607 15.34978 14.44651 -141.3776 -0.4057501 13.0001 -146.4239 0.5870499 14.91665 -134.0863 8.737282 14.92517 -132.5737 10.66575 14.90603 -134.9683 7.568439 14.93635 -133.117 9.914451 14.58772 -125.1203 20.07762 14.38279 -122.9065 22.81523 13.00013 -124.929 26.13622 14.44027 -142.0332 -1.875222 13.00013 -147.1468 -1.033931 15.05888 -135.6223 5.664592 14.4354 -142.6171 -3.339357 13.00015 -147.8058 -2.681772 15.0419 -136.3704 4.579528 15.04693 -136.6944 4.00577 15.05619 -136.989 3.435867 15.04167 -137.4916 2.645457 14.43148 -143.1404 -4.826014 13.00017 -148.3967 -4.355165 15.03049 -137.9934 1.793714 15.08467 -125.6537 17.52598 15.20572 -127.4483 15.17736 15.02386 -138.4635 0.9241811 14.95699 -123.7082 19.88316 15.33354 -128.327 13.63492 15.42468 -130.6023 10.51223 14.42857 -143.5993 -6.333673 13.00018 -148.9151 -6.052513 15.5357 -131.3108 9.002493 15.14008 -138.8545 -0.9021515 14.42153 -143.9193 -7.472414 13.00017 -149.3567 -7.771384 15.12674 -139.2682 -1.742329 15.61109 -133.3433 5.668385 15.13103 -139.4765 -2.295867 15.11897 -139.8379 -3.106359 15.12406 -140.0228 -3.66815 15.68555 -134.494 3.293273 15.69015 -134.9064 2.530831 15.11251 -140.3523 -4.49207 14.4604 -144.1921 -9.500094 13.00015 -149.717 -9.509226 15.11844 -140.5123 -5.06144 15.10746 -140.8077 -5.898136 15.11424 -140.9414 -6.474253 14.45412 -144.4535 -11.03506 13.00011 -149.9921 -11.26254 15.73967 -136.3464 -0.7411161 15.1039 -141.2006 -7.322928 15.09816 -141.4214 -8.182366 14.44868 -144.6318 -12.48465 13.00008 -150.1639 -12.85046 15.79343 -137.0218 -2.887815 15.78457 -137.5249 -4.171696 15.16061 -141.4296 -9.49553 14.44484 -144.7329 -13.8113 13.00004 -150.2553 -14.28516 15.77743 -137.9745 -5.475082 15.15069 -141.6098 -10.36445 15.15143 -141.6843 -10.92132 15.77211 -138.3672 -6.796539 14.44239 -144.7729 -15.08796 13.00001 -150.2849 -15.72243 15.14255 -141.8218 -11.79798 15.14344 -141.8657 -12.30175 14.44077 -144.7575 -16.36487 12.99998 -150.252 -17.15915 15.13654 -141.9516 -13.09571 15.80027 -138.7817 -9.194802 15.1378 -141.9717 -13.57437 14.43873 -144.7146 -17.32163 12.99997 -150.1563 -18.5927 15.13239 -142.0174 -14.29173 15.13414 -142.0169 -14.77073 15.82532 -138.957 -11.02077 14.43851 -144.6014 -18.59334 12.99996 -149.9972 -20.0205 15.1294 -142.0317 -15.48936 15.13164 -142.0102 -15.96774 15.81568 -139.1276 -12.31231 15.12758 -141.9938 -16.68609 14.43915 -144.4319 -19.85872 12.99997 -149.7748 -21.4398 15.80876 -139.2276 -13.49657 15.12703 -141.9459 -17.40287 15.1269 -141.9035 -17.87976 15.8041 -139.2711 -14.61325 14.44064 -144.2063 -21.1154 12.99998 -149.4898 -22.84801 15.12706 -141.824 -18.59366 15.80088 -139.2663 -15.73058 15.12741 -141.7604 -19.06818 14.32509 -95.03638 41.01638 13.00014 -94.625 44.88003 16.95671 -106.9564 25.5872 14.44293 -143.9257 -22.36114 13.00001 -149.1434 -24.24272 15.12832 -141.6492 -19.77783 15.12915 -141.5646 -20.24909 15.79736 -139.1808 -17.32419 14.44601 -143.5909 -23.5938 13.00004 -148.7365 -25.62153 15.13076 -141.4221 -20.95319 15.79769 -139.0571 -18.43439 15.13206 -141.3169 -21.42034 14.45017 -143.3 -24.50676 13.00008 -148.2708 -26.9816 15.13434 -141.1436 -22.1177 15.79955 -138.8842 -19.53801 14.47809 -90.11006 42.99169 13.00015 -89.96205 47.06921 15.13609 -141.0181 -22.57995 15.13907 -140.8146 -23.26934 15.80288 -138.6627 -20.63302 14.42685 -142.8086 -26.19841 13.00011 -147.7485 -28.32087 14.08902 -86.67733 45.63713 13.00014 -85.12347 49.20121 15.14551 -140.5818 -23.94939 14.61037 -87.45426 43.8551 15.80764 -138.3933 -21.71752 14.43077 -142.4423 -27.08379 13.00014 -147.1719 -29.63776 15.04275 -88.38887 42.20812 15.10835 -140.3386 -25.13717 15.11115 -140.0775 -25.80681 14.43147 -141.9308 -28.25366 13.00016 -146.5432 -30.93069 14.61686 -85.03498 44.9211 15.79776 -137.8567 -23.73051 15.11727 -139.7892 -26.46525 15.11164 -139.6246 -26.91514 14.17384 -81.58664 47.59962 13.00007 -80.11631 51.26997 14.43294 -141.373 -29.40225 13.00018 -145.8649 -32.19815 19.51184 -119.7023 -1.604404 20.30988 -116.593 -4.00799 14.73689 -82.3218 45.76444 15.11831 -139.3102 -27.56161 15.21683 -83.19669 44.05662 15.11322 -139.1271 -28.0043 19.97363 -110.9412 8.237582 15.77875 -137.2186 -25.70768 14.43513 -140.7712 -30.52844 13.00018 -145.1396 -33.43932 15.12042 -138.7879 -28.63803 19.396 -122.2619 -7.438844 14.74059 -79.81822 46.79882 15.77999 -136.7771 -26.73371 15.11587 -138.587 -29.073 18.56104 -94.03903 28.08689 14.43801 -140.1277 -31.63138 13.00018 -144.3699 -34.6535 14.17938 -77.05636 49.41083 12.99994 -74.93035 53.27642 15.12355 -138.2244 -29.69358 14.74378 -78.11937 47.47802 15.7826 -136.295 -27.74131 19.66789 -121.0953 -8.362967 20.45307 -117.3 -10.29864 19.68076 -120.9476 -7.944618 15.11954 -138.0066 -30.12032 14.44641 -139.6006 -32.43162 13.00017 -143.5584 -35.84004 19.90661 -119.4961 -6.632409 20.538 -111.2989 3.798502 20.40323 -109.3789 7.315767 15.30075 -78.58629 45.76124 15.12766 -137.6217 -30.72741 15.78651 -135.7741 -28.72949 14.74943 -75.52639 48.48125 20.76747 -109.0858 5.12185 15.13865 -137.216 -31.32068 14.45027 -138.8905 -33.49208 13.00015 -142.7075 -36.99869 15.13273 -136.982 -31.73878 20.90366 -107.3002 6.431868 20.98281 -109.4338 2.907938 15.80043 -134.9458 -30.09296 14.24977 -71.66517 51.25584 12.99993 -69.59449 55.20649 15.14404 -136.5566 -32.31811 20.42055 -116.9465 -7.153314 14.45474 -138.1448 -34.52802 13.00013 -141.8197 -38.1294 14.84945 -72.70053 49.28054 20.98008 -111.6249 -0.8599826 15.13869 -136.3074 -32.72733 15.37716 -73.84116 47.41571 19.59124 -89.98394 26.64322 19.18531 -87.54414 29.50024 19.42931 -88.6657 27.99784 15.80712 -134.3402 -31.03073 15.15029 -135.8635 -33.29269 21.27247 -109.1408 0.7140215 15.1455 -135.6 -33.69281 14.85161 -70.03259 50.24555 15.81492 -133.7024 -31.9472 21.48205 -107.1415 2.030704 14.3827 -136.9227 -36.54173 13.0001 -140.8973 -39.23211 13.00007 -139.9427 -40.30674 19.9911 -119.8025 -14.63882 21.42868 -109.5748 -1.865877 19.68384 -85.7441 28.64914 19.70283 -121.0538 -16.80891 19.69565 -121.0299 -17.1673 20.45784 -116.5824 -18.59462 15.04388 -134.9354 -35.19654 14.30886 -66.14561 53.03025 13.00005 -64.11967 57.0541 14.38718 -136.297 -37.26751 15.75611 -133.0837 -33.21643 14.93834 -67.15859 51.01837 15.04772 -134.4742 -35.74789 15.50229 -68.26263 49.10713 14.39391 -135.6506 -37.97473 13.00005 -138.958 -41.35377 21.38115 -111.7592 -7.602018 15.05417 -133.9969 -36.28521 20.52693 -116.9412 -14.44663 19.73135 -81.48474 30.6487 20.23348 -83.74736 27.65027 20.0202 -82.52745 29.07878 21.9182 -107.0401 -2.61445 21.63564 -109.2818 -4.059793 15.0631 -133.5046 -36.80872 14.93677 -64.42118 51.94215 14.39859 -134.669 -39.0232 13.00001 -137.6013 -42.70767 15.05753 -133.2029 -37.18096 15.70531 -131.4856 -35.54186 19.67673 -119.9801 -21.34876 15.07033 -132.5245 -37.85791 14.35647 -60.50044 54.73097 13.00013 -58.50119 58.81827 19.68572 -119.8105 -21.66563 19.41459 -120.7657 -22.89615 20.24161 -79.57659 29.72054 19.69638 -119.6292 -21.97591 15.01008 -61.50008 52.68733 22.15903 -106.6494 -5.539672 21.80309 -108.9888 -6.253709 14.40451 -133.5515 -40.14224 15.06462 -132.2117 -38.2208 12.99999 -136.231 -43.98514 15.71281 -130.6237 -36.48325 21.845 -109.3422 -9.399033 15.60471 -62.57429 50.73498 15.07835 -131.5266 -38.85953 15.07259 -131.2033 -39.21314 15.72138 -129.7429 -37.38673 15.00461 -58.69085 53.56945 19.93643 -117.8135 -23.08802 20.53426 -76.35994 30.15019 20.79352 -77.49125 28.65097 20.21388 -74.81088 32.00672 15.63837 -128.8992 -38.66915 14.3084 -131.7055 -42.32528 12.99996 -134.5945 -45.40953 14.93365 -130.261 -40.78316 14.40369 -54.53596 56.38113 12.99999 -52.75359 60.4925 20.45567 -115.3822 -21.95343 20.35254 -114.182 -25.31224 22.32612 -106.4943 -10.56177 21.91724 -109.0492 -11.59295 15.08148 -55.42714 54.32543 15.69553 -56.57826 52.32384 14.93954 -129.4427 -41.49536 14.31671 -130.5271 -43.31135 12.99992 -132.696 -46.94333 20.73162 -72.51666 31.11582 21.91264 -108.6904 -15.74094 21.48197 -111.5603 -13.92684 14.95203 -128.4934 -42.26226 15.07034 -52.55334 55.16256 15.56194 -126.7585 -41.00211 14.94515 -127.9923 -42.71257 19.55667 -116.7371 -28.41029 20.08852 -112.0893 -30.14045 21.41492 -110.3256 -20.39398 14.39054 -49.37936 57.8259 12.99987 -46.89884 62.06901 14.32168 -128.9093 -44.61079 12.9999 -130.7434 -48.40725 20.61181 -68.08176 33.34231 15.06311 -50.61962 55.70436 21.27571 -70.6402 29.86759 20.97457 -69.30001 31.54546 14.95921 -127.016 -43.44453 22.33811 -105.8644 -16.25233 21.86912 -108.3974 -17.93486 15.72448 -51.19744 53.74711 15.56986 -125.3807 -42.11898 14.95194 -126.4268 -43.93756 15.05242 -47.69224 56.4926 21.12808 -66.26627 32.15356 15.46547 -124.4949 -43.26828 21.84036 -107.1972 -21.29367 14.78771 -125.6873 -45.16849 14.20853 -126.7055 -46.71387 12.99987 -128.7419 -49.80464 14.41385 -43.21744 59.30432 13.00007 -40.94332 63.54458 14.79368 -124.6866 -45.86718 15.09978 -44.35449 57.18419 20.93225 -61.87689 34.43037 21.69386 -106.9042 -23.48758 15.739 -45.73155 55.09486 21.32703 -63.04961 32.5832 14.21603 -125.3561 -47.62454 12.99987 -126.6952 -51.13926 21.6657 -64.32884 30.84585 19.28663 -113.9787 -33.31875 22.20826 -104.6736 -21.41675 14.80507 -123.6632 -46.53449 21.05682 -108.4372 -27.16782 15.37104 -122.2132 -45.31749 21.50776 -106.6111 -25.6815 14.79659 -123.0042 -47.01138 15.08277 -41.37673 57.92198 21.44524 -59.99271 33.17756 14.21848 -123.54 -48.81148 12.99992 -124.6115 -52.4117 21.99369 -104.2828 -24.34197 14.80869 -121.9623 -47.64759 15.37589 -120.6295 -46.36311 14.42079 -36.97222 60.69097 13.00009 -34.90116 64.91459 14.80149 -121.2876 -48.10293 21.3627 -105.5647 -28.09561 15.11177 -38.00775 58.57915 15.7651 -39.27522 56.4859 21.1865 -55.44253 35.52648 21.60033 -56.77606 33.60721 15.25448 -119.6556 -47.44388 21.97184 -58.00204 31.81494 20.64628 -106.8689 -31.68554 14.6132 -120.5015 -49.26874 21.09306 -105.2717 -30.28952 14.09107 -120.9281 -50.8515 13.00003 -121.7811 -54.017 15.08859 -34.98668 59.26417 21.59007 -103.1945 -28.8766 14.62118 -119.0863 -50.0714 21.69416 -53.39807 34.22737 14.39297 -31.57104 61.85961 12.99993 -28.79066 66.17411 15.13754 -117.6421 -49.07595 15.07323 -32.96123 59.70241 20.88965 -104.2588 -32.45808 14.61677 -118.2673 -50.55102 15.74232 -33.66489 57.67285 14.09658 -118.3211 -52.28682 13.00013 -118.4288 -55.75842 20.11047 -105.2013 -36.03514 20.54291 -103.9657 -34.65199 15.05023 -29.90597 60.33211 14.62977 -116.5911 -51.42173 22.21951 -50.86688 32.88062 21.82999 -49.28998 34.77608 23.16621 -45.8045 30.18713 21.04328 -102.1285 -33.24752 15.0151 -115.2265 -50.83557 14.37668 -25.20156 63.0507 13.00073 -22.6239 67.32022 15.05112 -26.49039 60.91595 15.70538 -28.0007 58.77404 21.86663 -44.61753 35.68368 21.38159 -47.33684 36.9108 14.43056 -113.6795 -53.55476 13.00013 -114.8618 -57.44626 23.7858 -51.52708 26.07319 20.36038 -100.9408 -37.61404 15.02182 -23.40703 61.48904 23.59247 -49.61956 27.4445 22.35928 -42.27445 34.21731 21.45327 -38.99559 38.2895 21.92655 -40.50943 36.23239 14.34282 -18.58232 64.17175 12.99911 -15.94832 68.42243 15.00442 -19.89933 62.0464 15.65396 -21.3296 59.9169 21.9214 -36.77811 36.84413 14.96456 -16.56154 62.59751 23.94908 -43.3109 27.17061 23.72561 -41.40337 28.54193 14.28807 -11.72748 65.21161 12.9998 -9.251461 69.38596 14.92645 -12.96549 63.12443 15.56371 -14.36858 61.00716 22.37508 -34.30945 35.35675 21.91473 -32.67002 37.39285 21.40485 -30.5932 39.59917 14.24241 -8.062685 65.72385 12.99899 -7.702581 69.57492 14.87492 -9.617058 63.6062 14.22841 -6.684195 65.87648 12.99992 -6.149838 69.72933 14.84859 -8.242761 63.79829 17.16011 -97.78899 -51.52739 21.82181 -27.90584 38.19689 14.83576 -7.468296 63.89279 15.4567 -8.822726 61.80768 14.82795 -6.951363 63.95003 16.74457 -97.60601 -52.94297 14.21606 -5.10817 66.01049 13.00042 -4.156476 69.87649 17.17921 -96.67491 -51.88204 14.81718 -6.175027 64.02722 14.81011 -5.584018 64.07748 15.41605 -7.045595 62.03689 14.20361 -3.334738 66.11596 13.00026 -2.159636 69.96668 14.7985 -4.587325 64.15105 22.23604 -25.65587 36.6244 15.39327 -5.78941 62.16002 21.226 -22.16871 40.87205 21.74099 -23.79775 38.74561 14.79144 -3.922288 64.1906 26.91736 -48.88973 6.32794 26.01236 -41.11218 15.92683 14.78176 -2.923869 64.2357 24.75421 -33.87279 24.33732 15.3702 -4.287584 62.26893 26.26451 -41.55266 14.00712 24.5986 -32.6011 25.25153 14.14081 -0.35834 66.33113 13.00004 -0.1610295 69.9998 24.4373 -31.32941 26.16573 26.11523 -39.64513 15.37843 26.00721 -38.37345 16.29264 27.04406 -46.68917 5.50534 14.69544 -0.4569955 64.4968 14.12915 0.9741029 66.33419 12.99991 1.837692 69.97586 21.62346 -20.03328 39.30218 26.97307 -44.78164 6.876655 15.2965 -1.53403 62.49943 16.24489 1.245646 59.02692 23.8297 -26.87852 29.36547 14.68029 0.5423085 64.51335 23.54976 -24.97099 30.73679 14.11335 2.750222 66.30023 12.99989 3.834885 69.89488 14.66946 1.541669 64.50138 14.65713 2.20789 64.50291 27.35497 -48.01062 -0.2538082 21.98615 -17.67288 37.72652 20.95158 -14.35963 41.97433 27.33373 -46.10308 1.117507 14.0993 4.524623 66.21558 12.99995 5.828925 69.75685 21.47577 -15.93134 39.85007 14.64777 3.206487 64.46243 15.19588 1.887142 62.67757 18.98377 -85.24062 -49.72562 26.98902 -40.67354 7.425368 14.63643 3.872472 64.44494 15.16915 3.441011 62.63995 14.62844 4.869493 64.37593 14.08689 6.295875 66.08026 13.00001 7.818226 69.56188 14.61801 5.534698 64.33943 17.11955 -0.8695583 56.0226 27.13565 -39.74466 5.688558 27.40421 -43.90253 0.2949056 19.12503 -5.908318 48.80994 18.7902 -83.31824 -50.92921 15.14524 4.993152 62.55796 27.07308 -38.47298 6.602766 21.29568 -12.08412 40.39903 14.61131 6.52935 64.24195 27.00305 -37.20129 7.516976 14.60176 7.19324 64.18646 14.07211 8.503915 65.84475 13.00005 9.801174 69.31018 19.28977 -81.35835 -49.80386 19.83725 -79.8422 -48.33993 19.60111 -5.749797 46.90342 18.73515 -3.254383 50.10347 19.26204 -0.2834069 47.58398 14.59583 7.855282 64.11202 27.47905 -47.1315 -6.835557 15.11152 7.426272 62.34502 14.58754 8.846758 63.98617 27.13745 -36.27241 5.780166 14.06299 10.26299 65.59595 13.00008 11.77615 69.00205 14.58239 9.506412 63.89287 21.5979 -9.638813 38.82301 21.07537 -7.982187 40.94692 19.66511 -78.1417 -49.37422 15.09427 8.968387 62.14929 14.57524 10.4939 63.73881 27.49782 -44.93093 -7.658158 20.49024 -5.415927 43.15927 27.5263 -43.02341 -6.286843 27.48003 -40.5298 -9.303361 13.93986 13.2149 65.45745 13.0001 15.69569 68.21754 13.0001 13.74153 68.63775 19.41281 -76.54254 -50.60748 19.91999 -75.07706 -49.24303 14.39864 12.95159 63.86729 14.96653 11.70494 62.07004 20.47429 -73.51025 -47.6796 27.28867 -46.25238 -13.41731 14.38611 13.93428 63.68513 13.00009 17.63703 67.74168 14.37027 -84.46204 -63.59095 13.00014 -83.68369 -67.28417 27.37171 -44.34486 -12.04599 20.72909 -2.515797 41.62748 27.53347 -38.91531 -5.738129 20.25128 -71.86042 -48.81338 18.45539 5.741858 49.74807 21.05825 -1.458962 39.88253 20.52348 0.1856505 41.98831 27.33849 -42.14429 -12.86859 27.5124 -36.71474 -6.56073 18.89451 5.641156 47.90433 19.95448 -70.28983 -50.13319 27.38311 -31.2852 -0.2528692 20.47256 -68.76264 -48.66278 26.65739 -23.50764 9.346024 27.50054 -34.80722 -5.189415 27.4158 -32.31361 -8.205933 23.77052 -9.240639 27.6274 21.02835 -67.15621 -47.00635 23.55605 -7.971007 28.54134 20.29792 2.887099 42.34914 14.3906 -80.06603 -64.47642 13.00014 -78.36731 -68.32575 26.81847 -23.94813 7.426307 14.93415 -78.71327 -63.31705 23.22467 -6.066558 29.91224 20.76224 2.142968 40.36364 26.65386 -22.0406 8.797623 26.76187 -44.63974 -20.27326 19.69539 5.779972 44.30765 23.57513 -6.506015 27.99267 27.35515 -29.08463 -1.07547 20.75957 -65.546 -48.23314 26.47335 -20.13307 10.16894 26.55077 -45.08023 -22.19297 25.84988 -15.88164 14.83073 27.27082 -27.1771 0.2958446 27.24385 -24.6835 -2.720673 26.6417 -20.57355 8.249222 26.70703 -43.1727 -20.82166 26.06608 -16.32109 12.91116 26.84336 -41.26517 -19.45034 25.83997 -14.41664 14.28206 20.42296 -63.99415 -49.63229 26.64482 -41.70565 -21.37006 20.94644 -62.41689 -48.06204 21.49874 -60.78127 -46.31942 25.59927 -12.5122 15.65296 27.05656 -37.45011 -16.70771 19.82994 8.811661 42.66948 14.03908 -75.74038 -66.19374 13.00015 -72.84606 -69.25717 14.54398 -74.42691 -65.12775 27.1184 -23.06901 0.8445585 25.82126 -12.95165 13.73338 27.13365 -35.54259 -15.3364 15.12753 -72.99002 -63.84984 20.08898 9.694608 41.05831 21.18904 -59.20024 -47.63239 19.53735 11.51311 43.03031 25.64303 -44.20111 -28.77472 27.24836 -29.82 -11.22245 27.04935 -20.86844 0.02195721 27.03119 -33.34202 -16.159 14.6741 -71.48117 -65.2756 17.54722 17.99767 49.58842 27.24821 -27.91248 -9.851136 26.92582 -18.96092 1.393272 26.85675 -16.46731 -1.623245 17.93299 17.41198 48.08712 19.22376 14.21456 43.39114 20.81705 -57.6597 -49.10329 21.34074 -56.04433 -47.43963 19.68023 13.29654 41.53941 25.50562 -42.00054 -29.59732 21.88492 -54.38847 -45.61806 26.37017 -36.571 -23.28946 14.13353 -70.02946 -66.87445 13.00011 -67.12606 -70.07215 18.62176 17.22912 44.91062 14.68222 -68.62115 -65.68309 26.45369 -13.24449 5.506395 27.13846 -25.71191 -10.67374 27.19132 -24.09742 -7.108505 15.30036 -67.1127 -64.29203 26.26338 -11.34004 6.877298 26.24123 -8.849514 3.86037 21.5389 -52.82768 -47.00999 26.12841 -35.64212 -25.02627 26.22608 -34.37043 -24.11206 26.77676 -28.94089 -17.8042 26.31482 -33.09875 -23.19785 24.71115 -41.41447 -33.98515 14.79923 -65.61093 -65.79103 18.65518 20.06082 43.25359 21.13581 -51.28813 -48.54508 21.65483 -49.64288 -46.79508 22.18661 -47.9764 -44.90193 26.06664 -32.16986 -24.93466 26.62541 -26.74032 -18.6268 24.53319 -39.2139 -34.80775 14.21735 -64.14662 -67.44873 13.00002 -61.21802 -70.76412 14.80431 -62.6569 -66.13702 15.45134 -61.09095 -64.63851 21.80864 -46.42623 -46.36544 25.83322 -5.040616 6.602177 24.94063 -34.66532 -32.33932 25.60514 -3.136168 7.97308 17.87252 25.46372 43.97525 17.20914 27.29989 46.15602 18.30554 24.39791 42.40993 26.12429 -26.15424 -23.01463 14.90768 -59.58852 -66.2028 24.80871 -33.19828 -32.88772 24.94645 -31.92659 -31.97352 21.38557 -43.96125 -47.94646 21.89272 -41.83737 -46.11207 17.11602 29.32072 45.25926 22.4209 -40.034 -44.08077 26.48493 -11.48625 -7.657104 26.80641 -15.88123 -6.011078 25.93129 -23.95368 -23.83724 14.28976 -58.10873 -67.91057 12.99991 -55.14914 -71.32614 17.10512 29.75293 45.00833 26.34842 -18.52413 -17.52937 14.90919 -56.5541 -66.48381 24.59953 -30.99771 -33.71033 15.57927 -54.9397 -64.88435 24.98178 -27.18265 -30.9677 26.29943 -9.288767 -8.480115 26.26153 -7.677357 -4.915296 22.01752 -37.72927 -45.56335 26.14666 -16.32356 -18.35198 14.99853 -53.43003 -66.50578 26.13536 -12.51159 -15.60976 24.75539 -24.98208 -31.7903 21.56291 -35.59833 -47.16799 14.35024 -51.92231 -68.25561 13.00001 -48.90689 -71.75536 25.42563 -18.81902 -25.75664 22.06318 -33.88185 -45.19773 22.55899 -31.99159 -43.10541 14.99609 -50.30891 -66.72035 15.68321 -48.65966 -65.02642 25.91386 -10.3141 -16.43277 25.26743 -17.35197 -26.30504 25.32108 -16.08029 -25.39083 15.07107 -47.13404 -66.6969 22.11942 -29.77375 -44.64902 25.01913 -15.15141 -27.12764 14.39833 -45.60044 -68.47951 13.00013 -42.53324 -72.04475 15.71962 -42.98702 -65.15576 15.06446 -43.94721 -66.84162 24.0006 -18.38039 -34.2581 23.36448 -19.99487 -37.82333 21.63754 -27.72104 -46.29813 22.10877 -25.91334 -44.25856 22.56542 -23.94052 -42.11348 25.32061 -2.110226 -15.33699 15.06055 -41.79993 -66.91437 24.88169 -9.141942 -25.20843 23.72521 -16.17982 -35.0807 22.09767 -21.80524 -43.70984 25.04955 0.08726125 -16.16 19.57915 33.18124 25.74657 24.6026 -6.944454 -26.03145 14.39116 -39.87435 -68.6735 13.00004 -36.02317 -72.19175 15.05515 -38.5449 -66.98789 15.75588 -37.01009 -65.14779 24.63836 -3.135558 -23.28964 19.32905 35.05815 25.20114 21.59613 -19.82591 -45.39493 22.03094 -17.93106 -43.29422 22.44151 -15.88027 -41.10478 15.12165 -34.98183 -66.82968 19.92018 34.00604 21.25351 24.34024 -0.9380702 -24.11265 19.47068 35.70927 22.84938 19.03675 37.17377 24.55047 21.95312 -13.82297 -42.74551 19.63424 36.0023 20.65546 14.43064 -33.11155 -68.6174 12.99987 -29.371 -72.19288 15.10938 -31.65574 -66.83023 15.81263 -30.01749 -64.90444 20.18002 34.77905 16.73664 23.69168 -0.3519921 -28.50048 19.74296 36.57575 18.26799 19.31281 38.18551 19.92838 21.41164 -11.14731 -44.39118 15.15555 -28.05599 -66.62286 21.7805 -8.787335 -42.20421 22.1488 -7.049827 -40.01285 19.86136 36.86879 16.07407 23.36432 1.845495 -29.3235 20.35692 35.49833 12.20051 19.93594 37.36163 13.65771 14.45176 -26.25096 -68.43022 13.00008 -22.6409 -72.04493 15.1363 -24.69095 -66.5489 19.51381 39.09173 15.26321 15.83347 -22.95663 -64.54531 21.62546 -4.685398 -41.65631 20.00856 37.65467 11.4638 22.85595 6.979472 -29.25805 21.81292 10.03196 -33.81268 20.44966 36.16252 7.649684 15.16267 -21.06444 -66.29154 22.76114 8.447717 -28.81382 21.44982 -1.009333 -41.19044 20.04813 38.06488 9.02539 21.09426 -2.604884 -43.35446 19.98869 1.556144 -46.75076 21.7563 0.8701314 -38.97174 19.63795 39.88912 10.56409 22.52621 10.5814 -28.77694 20.07463 38.35791 6.831473 14.45502 -19.31903 -68.10973 13.00006 -15.8282 -71.7461 15.13654 -17.6581 -66.14212 15.81935 -15.8344 -64.06887 20.45767 36.77053 3.088811 21.22369 3.092603 -40.64255 20.07875 38.68385 4.377996 19.68412 40.57524 5.840222 14.50511 57.80608 27.97109 13.00015 63.60198 29.23606 13.00013 62.74133 31.04018 13.0001 61.8296 32.81899 15.14366 -14.0076 -65.83423 14.50433 58.23641 27.06903 20.05903 38.97689 2.18408 14.50885 58.49729 26.45601 13.00016 64.41086 27.40813 19.35191 -0.6242461 -49.95579 21.22013 8.849583 -37.87846 20.38097 37.32167 -1.476906 17.85561 -5.196866 -56.36581 20.63701 6.024312 -42.19116 14.50875 58.90172 25.54204 20.88907 8.258396 -39.91135 19.40744 11.88773 -45.28836 20.02771 39.21752 -0.2766631 15.7655 -9.576747 -63.59607 14.44064 -12.32312 -67.65451 13.00016 -8.954125 -71.29521 19.65197 41.14831 1.101464 15.1107 -10.57057 -65.6087 15.03419 58.09168 21.9472 14.51429 59.52321 23.99673 14.51371 59.145 24.92184 19.96191 39.51056 -2.470579 20.92189 12.45151 -37.39736 20.68203 10.95984 -39.55052 14.51815 59.87482 23.06122 20.22284 37.83108 -5.821151 15.06431 58.44538 20.61972 15.08865 -8.271616 -65.43292 14.02168 61.63898 23.89345 13.00014 65.87053 23.68691 13.00016 65.16727 25.55791 19.89773 39.6886 -4.599115 14.56129 60.19795 21.70304 14.56525 60.40538 21.06999 15.06856 58.9263 19.14179 19.265 6.794712 -47.99976 20.4553 13.66129 -39.1897 19.54207 41.62279 -3.420665 14.56433 60.73009 20.12485 19.78944 39.98164 -6.793031 15.69566 -3.429529 -63.02182 14.56873 60.91933 19.48615 15.055 -4.811778 -65.13116 14.05434 62.44357 21.31221 13.00012 66.51997 21.79664 14.40103 -6.192564 -67.18579 13.00039 -2.034462 -70.69151 19.98012 38.28722 -10.38437 15.09268 59.61002 16.52181 14.56846 61.21688 18.53215 18.88628 9.413995 -48.62425 19.68705 40.07977 -9.250031 14.05695 62.98457 19.62031 13.0001 67.11505 19.88863 14.57145 61.48706 17.57004 20.22813 20.17189 -35.98384 19.36055 42.00226 -7.9403 19.83741 17.18855 -40.29018 15.11023 60.05254 14.52639 15.03217 -1.349746 -64.74732 14.05818 63.36305 18.3429 13.00007 67.65541 17.96441 14.59755 61.75568 16.19488 19.96221 19.83895 -37.79108 19.53365 40.37281 -11.44395 14.59828 61.99831 15.22542 15.11304 60.3868 13.00826 19.65622 38.68691 -14.93965 14.59898 62.15083 14.57692 19.39822 40.38627 -13.88903 14.07699 63.88402 16.13842 13.00005 68.14068 16.0255 15.60791 2.926907 -62.29789 19.81572 23.77382 -35.50273 14.99753 1.474577 -64.44548 19.66605 22.5404 -37.43025 14.60034 62.36574 13.60087 14.36179 0.3048971 -66.52749 12.99925 3.614184 -70.08782 19.10016 42.27201 -12.67097 19.02599 18.06539 -43.88975 15.12316 60.74276 10.99352 14.60145 62.49971 12.94822 14.07824 64.29073 14.40908 13.00003 68.5705 14.0734 19.20058 40.67931 -16.08295 14.60342 62.6867 11.96634 19.34916 25.24185 -37.06942 15.12755 61.05501 8.97088 18.56879 18.87807 -45.6353 14.96103 4.722876 -64.04526 14.61221 62.89968 10.57875 14.0802 64.64797 12.6687 13.00001 68.94449 12.10963 17.23687 13.20303 -53.94271 15.12821 61.25816 7.429247 14.6119 63.05858 9.591775 15.50936 7.952026 -61.66358 18.76706 42.4297 -17.38087 14.61191 63.15509 8.932387 14.08664 65.02056 10.43106 13 69.26229 10.13571 14.91592 7.541514 -63.69432 14.61222 63.2857 7.941199 15.12515 61.48226 5.395012 14.3127 6.232404 -65.8255 12.9998 9.251461 -69.38596 14.61264 63.36331 7.279325 18.73951 28.62549 -37.73208 18.78276 30.81671 -35.35256 15.4529 10.70022 -61.23605 14.89058 9.012255 -63.49403 14.08664 65.2779 8.672695 13 69.52353 8.15328 14.61359 63.46551 6.284893 15.11635 61.66211 3.357081 14.86575 10.60584 -63.24406 14.60503 63.62184 4.889847 14.08738 65.48485 6.907699 13.00001 69.72793 6.164451 15.11488 61.73255 1.804198 14.60369 63.6956 3.893058 14.85172 11.66381 -63.05302 14.26857 10.15438 -65.29136 12.99997 12.43864 -68.886 14.603 63.73528 3.227996 15.36357 14.35989 -60.57277 18.03343 29.81792 -40.77428 15.09865 61.82379 -0.2374991 14.8335 13.24413 -62.72988 14.60228 63.78057 2.229603 14.08144 65.70639 4.650187 13.00003 69.87544 4.170864 14.602 63.80126 1.563734 17.9955 36.21961 -34.6309 14.24368 12.97563 -64.78193 13.00035 15.59928 -68.23975 14.60189 63.81805 0.5645188 17.64013 30.86273 -42.07044 14.08022 65.8122 2.87669 13.00005 69.96601 2.174077 15.07643 61.84385 -2.94494 14.74519 16.09534 -62.24914 14.57605 63.91743 -0.8329434 14.07971 65.86738 1.101039 13.00008 69.9996 0.1756489 15.24155 18.89808 -59.526 15.04929 61.87319 -4.319874 14.57369 63.90572 -1.832198 14.72004 17.66574 -61.85168 14.57458 63.86547 -2.830717 14.5706 63.84814 -3.496642 15.20574 20.83122 -58.92221 14.17309 16.97692 -63.98103 12.99999 18.74008 -67.44485 14.707 19.0624 -61.43208 14.06141 65.93701 -1.162916 13.00011 69.97618 -1.822862 17.31756 38.70856 -36.23032 17.22966 40.36644 -34.81678 17.21979 40.70865 -34.45254 17.21228 41.04033 -34.0787 14.68566 20.05142 -61.15974 14.53205 63.90948 -4.893118 15.17929 22.45481 -58.35174 14.06072 65.90238 -2.494765 13.00013 69.89569 -3.819898 14.15551 18.95496 -63.43633 12.99989 21.5334 -66.60565 14.67676 21.13527 -60.78963 14.52814 63.84069 -5.890114 15.16542 23.31698 -58.02903 14.66118 21.96211 -60.52639 14.52752 63.74342 -6.884776 15.14717 24.75574 -57.44049 14.52252 63.68807 -7.548662 14.65417 22.89755 -60.17456 14.03115 65.85903 -5.200042 13.00015 69.75811 -5.81389 14.13246 21.26798 -62.7283 12.99995 23.7011 -65.86543 14.64326 23.57065 -59.93392 14.52256 63.56244 -8.540171 15.13129 26.17714 -56.81115 14.63702 24.1908 -59.69052 14.51801 63.48814 -9.202228 14.02912 65.74832 -6.527814 13.00016 69.56356 -7.803213 14.62824 25.11583 -59.31212 14.51872 63.33428 -10.18976 14.11605 23.1654 -62.07152 13.00001 25.57198 -65.16176 14.62278 25.72879 -59.05112 14.02546 65.56282 -8.294519 13.00014 69.00458 -11.7613 13.00015 69.31229 -9.786229 14.61514 26.64266 -58.64649 14.99947 28.78065 -55.98117 14.45806 63.3388 -11.58075 13.00008 68.2209 -15.68106 13.00012 68.6407 -13.72679 14.61042 27.24793 -58.36811 14.09999 25.26788 -61.262 13.00006 27.42203 -64.40496 14.60388 28.14988 -57.93759 14.0903 26.90245 -60.56599 13.00009 29.24975 -63.5957 14.08192 28.51651 -59.82363 13.0001 31.05366 -62.73467 14.41921 30.54793 -57.40151 14.4074 31.43722 -56.94544 13.00008 36.30753 -59.8478 13.95352 31.30937 -58.87519 13.00011 32.83225 -61.82255 13.0001 34.58404 -60.86003 19.25064 -111.8974 11.42016 19.60322 -109.3699 12.09335 19.87171 -120.4489 -11.50089 21.22562 -111.692 -4.231 21.47231 -111.6597 -10.76443 21.15734 -112.8228 -17.63848 21.49289 -110.9429 -17.16041 20.18757 -49.79711 40.53855 20.12139 -48.30794 41.1253 20.22747 -46.68214 41.14361 19.39231 -105.4225 -39.36051 19.5237 -101.0935 -41.30067 19.96745 -98.81835 -40.60806 20.25542 -32.89925 43.55039 20.14975 -31.36492 44.12373 20.21585 -29.72314 44.08642 27.4439 -38.32923 -10.12596 27.36436 -37.40035 -11.86277 27.38991 -36.12866 -10.94856 27.4275 -30.69912 -4.640702 27.41234 -34.22113 -9.577248 27.34413 -34.66162 -11.49696 27.39126 -29.77024 -6.377513 27.3666 -28.49855 -5.463303 27.33377 -27.22687 -4.549093 27.28779 -26.29799 -6.285904 27.16097 -22.48293 -3.543274 27.06025 -20.28236 -4.365875 26.69322 -14.8559 1.941575 26.96744 -18.37484 -2.99456 26.58316 -12.65841 1.118562 26.4206 -10.75396 2.489466 26.30945 -8.263436 -0.5274629 26.709 -13.97678 -4.640174 26.59354 -12.07233 -3.26927 26.70882 -19.11021 -13.14154 26.436 -9.874846 -4.092283 25.95627 -4.454538 2.214344 26.53318 -16.90964 -13.96414 20.17664 -45.25287 -52.0473 20.11999 -43.77479 -52.26331 20.24254 -42.19363 -51.87838 24.14204 -26.59658 -35.35553 25.69925 -11.92551 -19.99759 23.89459 -24.39601 -36.17813 25.64748 -2.696304 -10.94915 25.44559 -10.99765 -21.73454 25.45433 -9.728021 -20.8206 25.28339 -8.26303 -21.36928 25.3993 -0.4988168 -11.77217 20.29825 -12.46032 -49.05558 20.17025 -10.75686 -49.20082 20.21242 -9.103235 -48.69472 14.42117 55.90394 32.27782 13.00006 60.86745 34.57097 13.00001 59.85559 36.29467 12.99997 58.79481 37.98878 18.70892 -110.8576 15.21229 27.07747 -21.89685 -7.931107 26.97666 -20.96797 -9.667919 26.94652 -19.69629 -8.753708 26.90805 -18.4246 -7.839498 26.79875 -17.49572 -9.57631 25.96619 -3.86846 -2.173488 25.86305 -3.282382 -6.56132 25.63961 -1.084895 -7.384334</float_array>
          <technique_common>
            <accessor source="#geometry_d1f4fab5_125d_4960_be12_3b1e18be1137-mesh-positions-array" count="2748" stride="3">
              <param name="X" type="float"/>
              <param name="Y" type="float"/>
              <param name="Z" type="float"/>
            </accessor>
          </technique_common>
        </source>
        <source id="geometry_d1f4fab5_125d_4960_be12_3b1e18be1137-mesh-normals">
          <float_array id="geometry_d1f4fab5_125d_4960_be12_3b1e18be1137-mesh-normals-array" count="7620">-0.7127565 0.03496223 -0.7005397 -0.7015371 0 -0.7126329 -0.7015368 0.03552198 -0.7117475 -0.7127566 -1.33949e-7 -0.7014115 -0.7127575 0.06983816 -0.6979251 -0.7015396 0.07095527 -0.7090893 -0.7015342 0.1062126 -0.7046763 -0.7127582 0.1045399 -0.6935757 -0.7127529 0.1389823 -0.6875081 -0.7015348 0.1412059 -0.6985054 -0.7015364 0.1758475 -0.6905971 -0.7127555 0.173079 -0.679723 -0.7015345 0.2100529 -0.6809751 -0.7127581 0.206744 -0.6702485 -0.7127555 0.2398966 -0.6591125 -0.701537 0.2437348 -0.669656 -0.7127528 0.2724546 -0.6463374 -0.7015399 0.2768096 -0.656672 -0.7015345 0.3092001 -0.6420629 -0.7127633 0.3043292 -0.6319434 -0.7127543 0.3354548 -0.6159963 -0.7015375 0.3408191 -0.6258494 -0.7127544 0.3657411 -0.5985104 -0.7015369 0.3715931 -0.6080827 -0.7127543 0.3951188 -0.5795364 -0.7015181 0.4014528 -0.5888193 -0.7127612 0.4235119 -0.5591146 -0.7015371 0.4302921 -0.5680621 -0.7127531 0.4508603 -0.5373157 -0.7015368 0.4580714 -0.5459091 -0.7127532 0.4770835 -0.5141734 -0.7015374 0.484712 -0.5223979 -0.7127612 0.5021142 -0.4897477 -0.7015373 0.5101508 -0.4975859 -0.7127531 0.5259081 -0.464116 -0.7015365 0.5343214 -0.4715371 -0.7127515 0.54839 -0.4373257 -0.7015381 0.5571587 -0.4443181 -0.7127617 0.5694966 -0.4094441 -0.7015298 0.5786196 -0.4159993 -0.7127497 0.5892086 -0.380554 -0.7015396 0.5986284 -0.3866347 -0.7015343 0.6171622 -0.3563153 -0.7127638 0.6074338 -0.3507021 -0.71275 0.6241712 -0.3199966 -0.7015405 0.6341493 -0.3251087 -0.701525 0.6495789 -0.2931038 -0.712755 0.6393423 -0.2884818 -0.7127578 0.6529262 -0.2562494 -0.7015401 0.6633681 -0.2603543 -0.701534 0.6755272 -0.2269648 -0.7127569 0.664888 -0.2233868 -0.7127504 0.6752011 -0.1899749 -0.7015377 0.6859974 -0.1930088 -0.7127584 0.6838236 -0.1560798 -0.701539 0.6947637 -0.1585769 -0.7015331 0.7018101 -0.1237502 -0.712754 0.6907584 -0.1217978 -0.7015348 0.7071041 -0.08861631 -0.7127611 0.6959637 -0.08721333 -0.7127567 0.6994504 -0.05241245 -0.7015414 0.7106359 -0.05325794 -0.7015346 0.712414 -0.0177648 -0.7127575 0.7011927 -0.01748496 -0.7127608 0.7011893 0.0174849 -0.7015361 0.7124125 0.01776456 -0.7015337 0.710644 0.0532512 -0.7127612 0.6994454 0.05241882 -0.7127529 0.6959711 0.08722108 -0.70154 0.7070998 0.08860886 -0.7015054 0.7018369 0.1237549 -0.7127661 0.6907463 0.1217958 -0.7127538 0.6838288 0.1560775 -0.7015365 0.6947652 0.1585808 -0.7127613 0.6751914 0.1899685 -0.7015381 0.6859962 0.1930122 -0.7127572 0.6648877 0.2233865 -0.7015365 0.6755249 0.2269641 -0.7127563 0.6529266 0.2562527 -0.7015368 0.6633722 0.2603526 -0.7127609 0.6393356 0.2884823 -0.7015391 0.6495675 0.2930957 -0.7015358 0.6341511 0.3251153 -0.7127581 0.6241652 0.3199902 -0.712757 0.6074414 0.3507027 -0.7015369 0.6171585 0.3563165 -0.7127599 0.5892013 0.380546 -0.7015277 0.5986365 0.3866437 -0.712753 0.5695052 0.4094471 -0.7015355 0.5786129 0.4159989 -0.7127599 0.5483835 0.4373201 -0.7015382 0.5571585 0.4443183 -0.7127518 0.5259113 0.4641144 -0.7015348 0.5343212 0.4715398 -0.7127529 0.5021205 0.4897534 -0.7015368 0.5101509 0.4975865 -0.7127612 0.4770762 0.514169 -0.7015365 0.4847139 0.5223973 -0.7127512 0.4508618 0.537317 -0.7015373 0.4580708 0.5459089 -0.7127527 0.4235186 0.5591204 -0.7015368 0.4302902 0.5680638 -0.7127611 0.3951181 0.5795285 -0.7015372 0.4014385 0.5888062 -0.7127521 0.3657447 0.598511 -0.7015361 0.3715922 0.6080842 -0.7127617 0.3354501 0.6159904 -0.7015212 0.3408279 0.6258629 -0.7127527 0.3043321 0.6319538 -0.7015374 0.3091995 0.6420599 -0.7127533 0.2724531 0.6463375 -0.7015366 0.2768105 0.6566752 -0.7127527 0.239898 0.659115 -0.7015374 0.2437338 0.6696559 -0.7127614 0.2067447 0.6702446 -0.7015132 0.2100583 0.6809954 -0.7127537 0.1730798 0.6797247 -0.7015373 0.1758476 0.6905962 -0.7127539 0.1389829 0.6875069 -0.7015372 0.1412066 0.6985029 -0.7127609 0.1045396 0.6935729 -0.7015408 0.1062121 0.7046698 -0.7127552 0.06983798 0.6979275 -0.7015369 0.07095456 0.709092 -0.712755 0.03496271 0.7005413 -0.7015306 0.0355221 0.7117535 -0.7127553 0 0.7014129 -0.701537 -1.36938e-7 0.7126331 -1 0 0 -0.7127522 -0.50212 0.4897547 -0.7127575 -0.4770795 0.5141712 -0.7127597 -0.5259031 0.4641116 -0.7127572 -0.4508572 0.5373128 -0.712761 -0.5483822 0.4373201 -0.7127597 -0.4235134 0.5591154 -0.7127569 -0.5695021 0.409445 -0.7127567 -0.3951194 0.5795331 -0.7127554 -0.5892047 0.3805492 -0.7127509 -0.3657437 0.598513 -0.7127599 -0.6074372 0.3507043 -0.712757 -0.3354521 0.6159947 -0.7127576 -0.6241656 0.3199905 -0.7127568 -0.3043301 0.6319502 -0.7127575 -0.6393401 0.2884806 -0.7127567 -0.2724518 0.6463342 -0.7127573 -0.6529249 0.256254 -0.7127589 -0.2398955 0.6591092 -0.7127547 -0.6648889 0.223391 -0.7127537 -0.2067455 0.6702526 -0.7127577 -0.6751946 0.1899705 -0.7127588 -0.173078 0.6797197 -0.7127597 -0.6838227 0.1560774 -0.7127536 -0.1389831 0.6875072 -0.7127576 -0.6907547 0.1217979 -0.7127631 -0.1045393 0.6935707 -0.7127576 -0.695967 0.0872153 -0.7127528 -0.06983774 0.6979299 -0.7127544 -0.6994525 0.0524159 -0.7127549 -0.03496235 0.7005413 -0.7127602 -0.7011899 0.01748621 -0.7127552 -0.701195 -0.01748722 -0.7127602 -0.6994466 -0.05241715 -0.7127597 -0.6959648 -0.08721643 -0.7127546 -0.6907575 -0.1217991 -0.71276 -0.6838223 -0.1560773 -0.7127574 -0.6751949 -0.1899706 -0.7127575 -0.6648862 -0.2233901 -0.7127571 -0.652925 -0.2562542 -0.7127577 -0.6393396 -0.2884814 -0.7127545 -0.6241682 -0.3199925 -0.7127605 -0.6074366 -0.3507041 -0.7127572 -0.5892032 -0.380548 -0.7127574 -0.5695024 -0.4094434 -0.7127575 -0.5483854 -0.4373217 -0.7127549 -0.5259072 -0.4641145 -0.7127609 -0.5021147 -0.4897478 -0.7127567 -0.4770812 -0.5141706 -0.7127586 -0.4508577 -0.5373104 -0.7127558 -0.4235165 -0.559118 -0.7127593 -0.3951181 -0.5795307 -0.7127571 -0.3657407 -0.5985074 -0.7127543 -0.3354542 -0.6159966 -0.71276 -0.3043299 -0.6319467 -0.7127515 -0.2724555 -0.6463385 -0.7127599 -0.2398954 -0.6591081 -0.7127568 -0.2067441 -0.6702498 -0.7127572 -0.1730782 -0.6797214 -0.7127568 -0.1389819 -0.6875041 -0.7127538 -0.1045408 -0.69358 -0.7127559 -0.06983822 -0.6979267 -0.7127565 -0.03496235 -0.7005397 -0.7015379 -0.03552162 0.7117463 -0.7015396 -0.07095456 0.7090894 -0.701534 -0.1062137 0.7046763 -0.7015398 -0.1412062 0.6985003 -0.7015142 -0.1758534 0.6906181 -0.7015397 -0.210052 0.6809701 -0.7015346 -0.2437357 0.6696583 -0.7015371 -0.2768115 0.6566743 -0.7015372 -0.3091998 0.6420601 -0.7015356 -0.3408207 0.6258507 -0.7015399 -0.3715912 0.6080803 -0.7015371 -0.4014402 0.5888053 -0.701533 -0.4302934 0.5680662 -0.7015348 -0.4580736 0.54591 -0.7015371 -0.4847137 0.5223968 -0.7015251 -0.5101593 0.4975942 -0.7015369 -0.5343195 0.4715387 -0.7015329 -0.5571622 0.4443219 -0.701536 -0.5786148 0.4159954 -0.7015388 -0.5986286 0.3866358 -0.7015342 -0.6171606 0.3563181 -0.7015371 -0.6341519 0.3251107 -0.7015368 -0.6495692 0.2930972 -0.7015371 -0.6633713 0.2603541 -0.7015408 -0.6755207 0.2269636 -0.701537 -0.6859979 0.1930099 -0.7015087 -0.6947929 0.1585822 -0.7015372 -0.7018063 0.1237481 -0.7015365 -0.7071028 0.08861231 -0.7015462 -0.7106312 0.05325633 -0.7015289 -0.7124196 0.01776689 -0.7015396 -0.712409 -0.01776599 -0.7015433 -0.7106342 -0.0532552 -0.7015373 -0.7071024 -0.0886107 -0.7015329 -0.7018105 -0.123748 -0.7015308 -0.6947721 -0.1585758 -0.7015364 -0.6859985 -0.19301 -0.7015116 -0.6755536 -0.2269558 -0.7015399 -0.663368 -0.2603551 -0.7015371 -0.6495695 -0.2930963 -0.7015292 -0.6341594 -0.3251135 -0.7015342 -0.6171607 -0.3563181 -0.7015373 -0.5986297 -0.3866366 -0.7015364 -0.5786144 -0.4159954 -0.7015194 -0.5571722 -0.4443308 -0.7015394 -0.5343165 -0.4715384 -0.7015349 -0.5101516 -0.4975885 -0.7015366 -0.4847131 -0.5223979 -0.7015373 -0.4580705 -0.5459094 -0.7015317 -0.4302937 -0.5680676 -0.7015353 -0.4014413 -0.5888065 -0.7015365 -0.3715916 -0.6080841 -0.7015397 -0.3408179 -0.6258476 -0.7015346 -0.3092007 -0.6420625 -0.7015399 -0.2768105 -0.6566717 -0.7015337 -0.2437362 -0.669659 -0.7015371 -0.210052 -0.6809727 -0.7015361 -0.1758477 -0.6905974 -0.7015372 -0.1412053 -0.6985032 -0.7015321 -0.1062139 -0.7046782 -0.7015074 -0.07095837 -0.7091208 -0.7015369 -0.03552162 -0.7117473 1 0 0 1 -1.46919e-5 0 1 0 0 1 6.83487e-6 0 1 0 0 1 3.46436e-7 0 1 -3.14583e-6 0 1 3.90314e-6 0 1 6.88682e-6 0 1 -5.32225e-6 0 1 1.24134e-6 0 1 -6.31215e-7 0 1 1.1433e-6 0 1 0 0 1 0 0 1 0 0 1 0 0 1 1.95087e-6 0 1 4.1697e-7 0 1 3.72792e-7 0 1 -3.48824e-7 0 1 0 0 1 -1.94114e-6 0 1 2.0491e-6 0 1 -2.08447e-6 0 1 2.27664e-6 0 1 0 0 1 -1.17356e-6 0 1 9.78357e-7 0 1 -5.36056e-7 0 1 4.23178e-7 0 1 -8.77737e-7 0 1 1.19017e-6 0 1 3.75885e-7 0 1 1.20814e-7 0 1 -5.90956e-7 0 1 5.51751e-7 0 1 -6.62702e-7 0 1 5.58934e-7 0 1 0 0 1 -5.56584e-7 0 1 5.14741e-7 0 1 -4.90192e-7 0 1 2.99547e-7 0 1 -1.44199e-7 0 1 0 0 1 0 0 1 -2.81135e-7 0 1 -1.56027e-7 0 1 0 0 1 -1.42728e-7 0 1 3.84985e-7 0 1 0 0 1 -1.34218e-7 0 1 2.31896e-7 0 1 0 0 1 -5.08357e-7 0 1 2.67456e-7 0 1 -1.84742e-7 0 1 1.86994e-7 0 1 0 0 1 1.99476e-7 0 1 0 0 1 1.47575e-7 0 1 -9.10454e-7 0 1 -2.21719e-7 0 1 0 0 1 2.23099e-6 0 1 -1.49789e-7 0 1 0 0 1 1.22148e-7 0 1 1.94301e-7 0 1 -1.21801e-7 0 1 1.39203e-7 0 1 -1.50197e-7 0 1 0 0 1 -9.8759e-7 0 1 0 0 1 0 0 1 0 0 1 -1.64376e-5 0 1 -1.53242e-7 0 1 0 0 1 -1.32535e-7 0 1 1.25314e-7 0 1 -1.2101e-7 0 1 -1.64393e-5 0 1 8.84228e-7 0 1 -2.83011e-7 0 1 3.03458e-7 0 1 -2.37352e-6 0 1 -2.45373e-7 0 1 0 0 1 1.32756e-7 0 1 -3.195e-7 0 1 2.98291e-6 0 1 5.91607e-7 0 1 3.79187e-7 0 1 -3.24383e-7 0 1 2.39416e-7 0 1 -2.69913e-7 0 1 0 0 1 -1.64393e-5 0 1 1.07648e-5 0 1 0 0 1 2.39703e-7 0 1 -1.54076e-7 0 1 -6.45042e-6 0 1 2.36826e-7 0 1 -2.49591e-7 0 1 0 0 1 -1.08861e-5 0 1 -1.75211e-6 0 1 -1.36324e-7 0 1 1.06882e-6 0 1 0 0 1 -1.0886e-5 0 1 5.3275e-6 0 1 0 0 1 -6.57144e-6 0 1 1.83623e-7 0 1 0 0 1 2.70405e-6 0 1 0 0 1 0 0 0.5773394 -0.5773394 -0.5773721 0.5773612 0.5773612 -0.5773285 0.5773503 -0.5773503 0.5773503 0.5773503 0.5773503 0.5773503 -0.5773503 -0.5773503 0.5773503 -0.5773612 -0.5773612 -0.5773285 -0.5773394 0.5773394 -0.5773721 -0.5773503 0.5773503 0.5773503 -0.5773503 0.5773503 -0.5773503 -0.5773503 -0.5773503 -0.5773503 -0.5773612 0.5773612 0.5773285 -0.5773394 -0.5773394 0.5773721 0.5773503 0.5773503 -0.5773503 0.5773394 0.5773394 0.5773721 0.5773503 -0.5773503 -0.5773503 0.5773612 -0.5773612 0.5773285 0.9640938 -0.1592001 0.2125523 0.95687 -0.1639693 0.2398205 0.9553184 -0.1753082 0.2379789 0.9618176 -0.1722876 0.212659 0.9685059 -0.1678332 0.1839247 0.9597658 -0.1502355 0.2372319 0.970564 -0.1548859 0.1844343 0.9663411 -0.1450062 0.2125046 0.9764935 -0.1505604 0.1542468 0.9742895 -0.1637794 0.1547139 0.9726801 -0.1404552 0.1848404 0.9682475 -0.1315386 0.2125898 0.962301 -0.1358025 0.2356572 0.981615 -0.1457655 0.1232255 0.9797752 -0.1582208 0.1225024 0.9840486 -0.1539555 0.08914107 0.9785494 -0.1358754 0.1548516 0.9747099 -0.1265707 0.1841753 0.9859251 -0.1409519 0.08991205 0.9701669 -0.1171305 0.2122653 0.9642786 -0.1220417 0.2351015 0.9836495 -0.1310505 0.123529 0.980437 -0.1210936 0.1551767 0.9890747 -0.1361662 0.05648076 0.9872917 -0.1490454 0.05514109 0.9891958 -0.1451652 0.02046805 0.9766399 -0.1118228 0.1834949 0.9878367 -0.1260505 0.09104973 0.9719907 -0.1028591 0.2113155 0.9660984 -0.1080943 0.234456 0.9854608 -0.116189 0.1239653 0.9911037 -0.1313129 0.02169084 0.9821762 -0.1066011 0.1548099 0.9909615 -0.1211972 0.05750358 0.9783415 -0.09727203 0.1827189 0.9895564 -0.1111938 0.0917294 0.9918757 -0.1265357 -0.01308649 0.989936 -0.1407387 -0.01481562 0.9738417 -0.08847171 0.2092965 0.9678092 -0.09449613 0.2332725 0.9870214 -0.1014099 0.1245184 0.9929529 -0.1161959 0.02330845 0.9695531 -0.07959359 0.2315852 0.983726 -0.09185123 0.1544235 0.9926269 -0.1060904 0.05862301 0.9913856 -0.1218608 -0.04800605 0.989471 -0.135734 -0.05023396 0.9798357 -0.08231335 0.1820617 0.9911061 -0.09614044 0.0920099 0.9936984 -0.1115264 -0.01119863 0.9753944 -0.07399666 0.2076787 0.988477 -0.08626854 0.124383 0.9945465 -0.1013134 0.02475655 0.9896403 -0.1172981 -0.08278506 0.9878663 -0.1301581 -0.08473068 0.9848931 -0.1258937 -0.1188965 0.9850341 -0.07736635 0.1540203 0.9940425 -0.09111613 0.05981254 0.9932131 -0.1069224 -0.04577422 0.9811733 -0.06843018 0.1806001 0.9924046 -0.08093237 0.09264475 0.9952901 -0.09649509 -0.009301006 0.9867483 -0.1130012 -0.1164409 0.976742 -0.06233423 0.2051571 0.9708389 -0.06685674 0.2302222 0.9897226 -0.07175815 0.1236932 0.9959344 -0.08620357 0.02614724 0.9914882 -0.102589 -0.08016657 0.986243 -0.06196391 0.1532488 0.9952532 -0.07605135 0.06072342 0.9948166 -0.09189242 -0.04354125 0.9827377 -0.1086827 -0.1497159 0.9808775 -0.1213435 -0.1521687 0.9823341 -0.05532509 0.1787709 0.9934346 -0.06630623 0.09322673 0.996645 -0.08150625 -0.007454752 0.9886292 -0.09845077 -0.1136656 0.9907234 -0.05649012 0.1235962 0.9970927 -0.07104849 0.02753794 0.9931514 -0.08750045 -0.07742023 0.9778459 -0.1046422 -0.1812944 0.9759266 -0.1170515 -0.1840274 0.987205 -0.04974794 0.1514974 0.9962547 -0.06099921 0.06128531 0.9961724 -0.07708221 -0.04121738 0.9846566 -0.09459584 -0.1466389 0.9943357 -0.05112487 0.09318226 0.997778 -0.06639575 -0.005553364 0.9903438 -0.08360058 -0.1105899 0.9721618 -0.1012542 -0.2113033 0.9704553 -0.1120159 -0.213703 0.9914483 -0.04368793 0.12297 0.9980125 -0.05595761 0.02898001 0.9945306 -0.07290989 -0.07478839 0.9797835 -0.09121733 -0.1780552 0.9970346 -0.04565364 0.06194913 0.9973179 -0.0620855 -0.03876113 0.9864624 -0.08003056 -0.143133 0.9658015 -0.097844 -0.2401125 0.9634257 -0.110585 -0.2440941 0.9948638 -0.0393148 0.09327632 0.9986687 -0.05145156 -0.003675222 0.991822 -0.06888061 -0.1074469 0.9741871 -0.08751511 -0.2080879 0.9987015 -0.04089748 0.03037518 0.9957162 -0.05802696 -0.07198745 0.981684 -0.07669728 -0.174396 0.958769 -0.09568917 -0.2675924 0.9571617 -0.1070176 -0.2690515 0.9974988 -0.0334357 0.06227612 0.9982271 -0.04715055 -0.03632605 0.98807 -0.06544995 -0.139406 0.967969 -0.08460044 -0.2363873 0.9993383 -0.03633362 -0.00176841 0.9930613 -0.05461049 -0.1041496 0.9760484 -0.07360166 -0.2047251 0.999113 -0.02905648 0.03048247 0.9966774 -0.04339313 -0.06893002 0.9833473 -0.06221342 -0.170756 0.9618754 -0.08283555 -0.2606416 0.9989076 -0.03222352 -0.03384387 0.9894142 -0.0513904 -0.1357156 0.9701058 -0.07113343 -0.2320232 0.9996947 -0.02471071 3.47217e-4 0.9941131 -0.03972977 -0.1008009 0.9779055 -0.05948024 -0.2004072 0.9974274 -0.02831244 -0.06585752 0.984783 -0.04825472 -0.166955 0.9639272 -0.06912308 -0.2570343 0.9993023 -0.01980751 -0.03166568 0.9905942 -0.03630036 -0.1319301 0.9720286 -0.05758321 -0.2276946 0.9949446 -0.02525651 -0.09719878 0.9795981 -0.04627287 -0.1955668 0.9978145 -0.01691693 -0.06387555 0.9861716 -0.03423154 -0.1621536 0.9658415 -0.05590891 -0.2530305 0.9915171 -0.02287846 -0.127947 0.9737283 -0.04432028 -0.2233586 0.995563 -0.01355254 -0.09311705 0.9810399 -0.03200566 -0.1911451 0.9873305 -0.02039659 -0.1573615 0.9676654 -0.04268813 -0.2485986 0.9921398 -0.01095783 -0.1246533 0.9754239 -0.03010362 -0.218271 0.9822282 -0.01814031 -0.1868117 0.9882479 -0.008696913 -0.1526128 0.9693896 -0.02948963 -0.2437506 0.9769772 -0.01700836 -0.2126649 0.9833098 -0.006563305 -0.1818211 0.9710067 -0.0163474 -0.2384929 0.9781922 -0.005428016 -0.2076313 0.9722654 -0.003208041 -0.2338586 0.9418287 -0.2058627 0.2656679 0.9377067 -0.2021428 0.2825679 0.9403141 -0.2068651 0.2702153 0.9457968 -0.206557 0.2506046 0.9407227 -0.2008594 0.2733064 0.9394266 -0.1961938 0.2810442 0.9357142 -0.1958474 0.2933989 0.9381381 -0.1919515 0.2881867 0.9343005 -0.1890925 0.3022031 0.9465953 -0.1977059 0.2546954 0.9461562 -0.1935729 0.2594574 0.9368901 -0.1868032 0.2955359 0.933201 -0.182185 0.3097492 0.9454132 -0.1909626 0.2640591 0.9511131 -0.1984523 0.2366447 0.9503449 -0.2075691 0.2318615 0.9501078 -0.196404 0.242324 0.9439968 -0.1882605 0.2709761 0.9433836 -0.1843191 0.2757788 0.9554542 -0.1996333 0.2173797 0.9541253 -0.2088322 0.2145557 0.9545798 -0.1968913 0.2236323 0.9422817 -0.1818549 0.2811297 0.9364568 -0.1786158 0.3019026 0.9321842 -0.1749518 0.3168981 0.9607227 -0.2025392 0.1897103 0.9555993 -0.2125434 0.2040962 0.9588676 -0.2135511 0.1869998 0.9601457 -0.1988188 0.1964468 0.9591678 -0.1971499 0.2028033 0.9519805 -0.1882371 0.241454 0.9657528 -0.2042271 0.1600403 0.9601657 -0.2168797 0.1761962 0.9633381 -0.2169227 0.1578746 0.9651212 -0.2010496 0.1676905 0.9641703 -0.1996397 0.1746991 0.9431304 -0.1761299 0.2819277 0.9569753 -0.1885489 0.2205622 0.9361495 -0.1706975 0.3073869 0.9301784 -0.1712943 0.3246947 0.9423947 -0.1719529 0.2869228 0.9686892 -0.2015702 0.1449512 0.9696292 -0.2023835 0.1373324 0.9483229 -0.1748924 0.264757 0.9702694 -0.2046431 0.129223 0.9644513 -0.2197736 0.1467426 0.967073 -0.2193851 0.1289965 0.9358006 -0.1654098 0.3113146 0.9616857 -0.1909399 0.1967298 0.9721608 -0.2032829 0.1165311 0.9725412 -0.205021 0.1101369 0.9727031 -0.2074121 0.1040623 0.9729928 -0.208773 0.0984832 0.9680066 -0.2197983 0.1210452 0.9438951 -0.1652467 0.2859295 0.9737544 -0.2094008 0.08918374 0.9693126 -0.2229281 0.1036154 0.9715552 -0.22025 0.08700871 0.9687252 -0.2210488 0.1127339 0.9668101 -0.1919331 0.1686419 0.9435193 -0.1619822 0.2890211 0.9490617 -0.1646856 0.2686273 0.9765608 -0.2039469 0.06880933 0.9755101 -0.2070311 0.07428419 0.9422552 -0.1581473 0.2952024 0.9367422 -0.1550317 0.3138141 0.9763972 -0.206799 0.06231284 0.976338 -0.2087026 0.0566343 0.9722891 -0.2207509 0.07696211 0.9765897 -0.2092596 0.04983049 0.9726968 -0.2214888 0.06930834 0.9717842 -0.1910899 0.1382762 0.9770376 -0.208758 0.04263663 0.9731885 -0.2217754 0.0609911 0.9776695 -0.2075182 0.03314262 0.973986 -0.2227621 0.04157334 0.9750452 -0.2205176 0.02567052 0.9735752 -0.2221892 0.05275928 0.9434661 -0.1522487 0.2944355 0.9762418 -0.1886553 0.1065887 0.9787974 -0.2038602 0.01992136 0.9429372 -0.1478173 0.2983615 0.9371914 -0.144936 0.3172788 0.9788133 -0.204469 0.01082307 0.9789991 -0.2038152 0.004515647 0.975366 -0.2200992 0.01475369 0.9488656 -0.1521161 0.2766131 0.9792145 -0.2028228 -0.001393258 0.9755532 -0.2196599 0.006746828 0.9794412 -0.2015903 -0.007511734 0.9756767 -0.2192134 -8.20817e-4 0.9757689 -0.2186392 -0.008497059 0.9796839 -0.2001548 -0.01255345 0.9758605 -0.2178019 -0.01608806 0.9794788 -0.2006914 -0.01855158 0.9759216 -0.2168247 -0.02375346 0.9441811 -0.1416828 0.2974023 0.9793307 -0.2007611 -0.02462404 0.975934 -0.2157973 -0.03137683 0.979248 -0.2003273 -0.03069901 0.9759119 -0.2146564 -0.03897196 0.9437464 -0.1372901 0.3008225 0.9376609 -0.1357381 0.319949 0.9792128 -0.1994969 -0.03665041 0.9758549 -0.2134056 -0.04653286 0.9498541 -0.1397683 0.2797178 0.9792222 -0.1982746 -0.04255807 0.9757506 -0.2114009 -0.05674791 0.9793751 -0.1955756 -0.05074191 0.9449779 -0.1310061 0.2997572 0.9787563 -0.1952075 -0.06269299 0.9752061 -0.2096866 -0.07074487 0.9749043 -0.2075304 -0.08057785 0.9783591 -0.1939967 -0.07196432 0.9746763 -0.2056493 -0.08783304 0.9744306 -0.2037698 -0.09467309 0.9452935 -0.1260915 0.3008674 0.9374496 -0.1284987 0.3235372 0.978033 -0.1935021 -0.07751482 0.9740682 -0.2020545 -0.101809 0.9511159 -0.1264738 0.2817497 0.9776988 -0.1926989 -0.08350038 0.9736828 -0.2003926 -0.1085566 0.9443469 -0.1217155 0.305605 0.9774867 -0.191235 -0.08915692 0.9733185 -0.1984463 -0.1151961 0.9773989 -0.1891604 -0.09439128 0.9730406 -0.1962499 -0.1211536 0.9774265 -0.1865707 -0.09914004 0.9725686 -0.1932426 -0.1294899 0.9456568 -0.1157994 0.3038483 0.9381333 -0.119497 0.3250021 0.9776383 -0.1833879 -0.1029189 0.9778299 -0.1796199 -0.1076354 0.9456708 -0.1109524 0.3056082 0.9390566 -0.1092051 0.3259555 0.9521203 -0.1147987 0.283352 0.9748741 -0.1817442 -0.1288004 0.9702398 -0.188696 -0.151752 0.9698567 -0.1861127 -0.1572897 0.9707421 -0.1920264 -0.1441722 0.9694597 -0.1840567 -0.1620834 0.9764071 -0.1835043 -0.1138214 0.9743027 -0.1794096 -0.1361851 0.9470012 -0.104133 0.3038836 0.9740667 -0.1770692 -0.1408566 0.9687027 -0.1805371 -0.1703568 0.9738965 -0.1749653 -0.1446129 0.9470182 -0.09976404 0.3052929 0.9402524 -0.09876751 0.325838 0.9737318 -0.1718919 -0.1493304 0.9535859 -0.1009778 0.2836858 0.9481664 -0.09325802 0.303782 0.9707574 -0.1702571 -0.1692416 0.9662283 -0.1783047 -0.1860387 0.9732717 -0.1702965 -0.1540827 0.9655026 -0.1735932 -0.1940885 0.9645761 -0.169721 -0.2019599 0.9484541 -0.08787047 0.3044894 0.9419959 -0.08804869 0.3238691 0.9700173 -0.1669714 -0.176599 0.9550744 -0.0886451 0.2827983 0.9695775 -0.1632286 -0.1824169 0.9497488 -0.08084744 0.302392 0.9668903 -0.1572359 -0.2009981 0.9616343 -0.1660733 -0.2183557 0.9691377 -0.158963 -0.1884227 0.9607878 -0.1606752 -0.2259876 0.949985 -0.07527369 0.3030883 0.9429032 -0.07996094 0.3233263 0.9663872 -0.1536593 -0.2061183 0.9597717 -0.1569236 -0.2328374 0.9570381 -0.07554155 0.2799494 0.9731056 -0.1474925 -0.1769503 0.9661097 -0.1492125 -0.2106368 0.950734 -0.06936722 0.3021475 0.944836 -0.06914383 0.320163 0.9653313 -0.1468676 -0.2157905 0.9617634 -0.1467043 -0.2312774 0.9566325 -0.1528999 -0.2479433 0.9527313 -0.06096535 0.2976347 0.9553805 -0.1470779 -0.2561565 0.9679968 -0.1420178 -0.2069137 0.9613589 -0.1417322 -0.2360106 0.9534808 -0.05673515 0.296067 0.9472689 -0.05818325 0.3151133 0.9592277 -0.05517804 0.2771961 0.9605041 -0.1386257 -0.2412778 0.9569223 -0.1372601 -0.2558507 0.9517217 -0.1414907 -0.2724085 0.9631599 -0.1324234 -0.2340662 0.9545459 -0.04904282 0.2940017 0.9560216 -0.1328994 -0.2614584 0.9551245 -0.04364001 0.2929726 0.94919 -0.04942274 0.3107985 0.9612962 -0.04300922 0.2721398 0.9526092 -0.1309371 -0.2745747 0.9471484 -0.1354056 -0.2908183 0.9587873 -0.1248927 -0.2552037 0.9558924 -0.03664457 0.2914221 0.9804297 -0.04703944 0.1911674 0.9836134 -0.03471261 0.1769174 0.9784955 -0.04192262 0.2019633 0.9515908 -0.1272757 -0.2797784 0.9431418 -0.1304966 -0.3057031 0.9415103 -0.1302536 -0.3107931 0.9388313 -0.1220538 -0.3220229 0.9480965 -0.1252526 -0.2922754 0.953607 -0.1195299 -0.2763087 0.9580067 -0.03024268 0.2851466 0.9516612 -0.03973811 0.3045683 0.9854797 -0.04095834 0.1647797 0.9881878 -0.02931743 0.1504175 0.9476476 -0.1197659 -0.2960071 0.9419927 -0.1233798 -0.3121336 0.9596467 -0.02517366 0.2800794 0.9547458 -0.02678787 0.2962141 0.9639768 -0.02168536 0.2651014 0.9817548 -0.02851337 0.1880016 0.9847109 -0.01652193 0.1734113 0.9797698 -0.0230605 0.1987951 0.9467204 -0.1162226 -0.3003544 0.989967 -0.03491389 0.1369175 0.992338 -0.02327013 0.1213428 0.9406394 -0.1164108 -0.3188198 0.9367445 -0.112578 -0.3314152 0.9606695 -0.01676529 0.2771878 0.9449765 -0.1114688 -0.3075618 0.9776297 -0.01768994 0.2095882 0.9810299 -0.004755795 0.1937987 0.9757533 -0.01285892 0.2184956 0.9742321 -0.03040337 0.2234898 0.9863578 -0.0221852 0.1631146 0.9889293 -0.008942186 0.1481181 0.9936501 -0.0291925 0.1086617 0.9953995 -0.0170772 0.09427756 0.9621297 -0.009435832 0.2724288 0.9586131 -0.0130313 0.2844139 0.9392912 -0.110044 -0.324996 0.9352681 -0.1031834 -0.338566 0.966247 -0.008520305 0.2574768 0.9442726 -0.1063261 -0.3115191 0.950055 -0.09851998 -0.2961238 0.9433311 -0.101224 -0.3160383 0.9638943 3.19691e-4 0.2662849 0.9379892 -0.102723 -0.3310956 0.9341117 -0.09395879 -0.3443939 0.9872624 -0.003177642 0.1590692 0.9894188 0.009478569 0.1447783 0.9854809 0.002786874 0.1697638 0.9444543 -0.09581542 -0.3143654 0.9646902 0.005771934 0.263324 0.9602389 -0.005848228 0.2791185 0.9941198 -0.009744942 0.1078473 0.9956482 0.003212511 0.09313648 0.9927279 -0.003086388 0.1203407 0.9688054 0.008713483 0.2476693 0.9648836 0.01002812 0.2624862 0.9607802 -0.001522243 0.2773072 0.9652644 0.01300871 0.2609515 0.9613515 0.002249777 0.2753151 0.9503144 -0.08844083 -0.2984644 0.9657709 0.01516687 0.2589531 0.9619718 0.008570075 0.2730143 0.9436903 -0.09017831 -0.3183023 0.9837276 0.008539855 0.1794637 0.9859965 0.02152359 0.1653713 0.9819934 0.01396906 0.1883984 0.9375134 -0.09268724 -0.3353774 0.9323585 -0.08714973 -0.3508742 0.9661706 0.02043443 0.2570933 0.9910976 0.003196001 0.1330996 0.9928129 0.01589643 0.1186161 0.9997614 -0.01392745 0.01683187 0.9999901 -0.002307772 0.003823459 0.9994563 -0.005312919 0.03254038 0.9452348 -0.0837866 -0.3154536 0.9801238 0.01924949 0.1974506 0.9826865 0.03298079 0.1823169 0.9785673 0.0242356 0.2044965 0.9773099 0.005467295 0.2117441 0.9877059 0.01558107 0.1555458 0.9895588 0.0286169 0.1412605 0.9943259 0.00929749 0.1059699 0.9955373 0.02094721 0.09201496 0.9988583 7.5611e-4 0.04776608 0.9993211 0.01152867 0.03499436 0.9979579 0.009143769 0.06321728 0.9979603 -0.01173037 0.06275075 0.9687129 0.03868234 0.2451512 0.9639412 0.02921432 0.2645069 0.9679625 0.0350812 0.2486326 0.9644643 0.03370594 0.2620548 0.9379631 -0.0841701 -0.336364 0.9448271 -0.07963532 -0.317742 0.9685751 0.04220199 0.2451152 0.964924 0.03882271 0.2596431 0.984324 0.02733844 0.1742383 0.9863049 0.04045367 0.1598945 0.9912112 0.02233171 0.1303905 0.9925869 0.03431838 0.1165922 0.9684076 0.04617089 0.2450609 0.9435017 -0.07383507 -0.3230375 0.950153 -0.0733006 -0.303045 0.9968369 0.01492875 0.07806074 0.9976499 0.0263397 0.06325286 0.9997968 0.005241692 0.01947069 0.9998292 0.01741182 0.006193518 0.9683684 0.04961585 0.2445423 0.9653673 0.04379028 0.2571937 0.9378626 -0.07499891 -0.3388054 0.9685426 0.05339813 0.2430512 0.9656373 0.04855346 0.2553178 0.9808993 0.03868776 0.19063 0.9827598 0.0551024 0.176485 0.9794928 0.04411786 0.1965897 0.9878908 0.03477102 0.1512047 0.9893662 0.04808777 0.1372664 0.9688329 0.05713039 0.2410374 0.9662136 0.05691272 0.2513806 0.9447032 -0.06837117 -0.3207198 0.9940425 0.02844542 0.1052165 0.9950513 0.04124462 0.09039837 0.9693913 0.06445956 0.2369084 0.9985376 0.01996386 0.05024027 0.9988068 0.03181689 0.03705072 0.9513406 -0.06035208 -0.3021737 0.9971321 -0.002844274 -0.07562845 0.9960469 0.007947623 -0.08847296 0.998228 0.00524491 -0.05927449 0.9441969 -0.06268972 -0.3233612 0.9909003 0.04156196 0.1280205 0.9919266 0.05549019 0.114029 0.9380834 -0.06475883 -0.3403027 0.9803435 0.06055039 0.1877776 0.9824841 0.08025091 0.1681814 0.9798253 0.07248663 0.1862476 0.9693194 0.07375526 0.2344788 0.9655881 0.07629501 0.2486339 0.9661663 0.06818252 0.248745 0.9454435 -0.05692756 -0.3207737 0.9660636 0.08512741 0.2438741 0.9633218 0.07659709 0.2571851 0.965775 0.08030945 0.2466361 0.9639924 0.08193761 0.252992 0.969832 0.08140397 0.2297814 0.9878149 0.05454134 0.1457638 0.9887103 0.06886827 0.1330761 0.9860808 0.06122869 0.1545826 0.952521 -0.04830539 -0.3006168 0.9728249 0.07621407 0.2186394 0.9663468 0.08980315 0.2410588 0.9643054 0.08874958 0.2494767 0.9702731 0.08343297 0.2271767 0.9979695 0.03945833 0.04999953 0.9979605 0.05112618 0.03822189 0.9968514 0.04747104 0.06351381 0.9450101 -0.05144423 -0.3229699 0.9700403 0.08726584 0.22673 0.9666173 0.09442645 0.2381905 0.9650108 0.09606987 0.2439772 0.9907118 0.002437829 -0.1359577 0.9890791 0.01110047 -0.1469678 0.9929791 0.01000219 -0.1178664 0.9699211 0.09107232 0.2257409 0.9847146 0.06711769 0.1607246 0.9383075 -0.0540902 -0.3415455 0.9670303 0.1016035 0.2335151 0.9904208 0.06141191 0.123674 0.9910874 0.07449984 0.1104345 0.9699351 0.09477835 0.2241497 0.984023 0.07081985 0.1633504 0.9956488 0.05361604 0.07621544 0.9956792 0.06692498 0.06437402 0.9941729 0.06157511 0.08848077 0.9462866 -0.04548597 -0.3201138 0.9834604 0.0740447 0.1652965 0.9850531 0.08791577 0.1481261 0.9700458 0.0984863 0.2220622 0.9537634 -0.03624439 -0.2983652 0.9868671 0.07297366 0.1441121 0.9948014 0.01831507 -0.1001742 0.9933589 0.02890378 -0.111368 0.9961832 0.02646124 -0.08317971 0.9703385 0.1044864 0.2180042 0.9804899 0.08475852 0.1773573 0.9926745 0.06766897 0.1000921 0.9929529 0.08030194 0.08715647 0.9459718 -0.04018378 -0.3217495 0.9870197 0.07779115 0.1405019 0.9667799 0.1098883 0.2307842 0.9651448 0.1151648 0.2350164 0.965142 0.1079035 0.2384488 0.9656519 0.09985619 0.2398857 0.9387258 -0.04342007 -0.3419189 0.9971804 0.03479224 -0.06648981 0.995985 0.04483002 -0.07748675 0.9977957 0.04300385 -0.05054342 0.9982008 0.02384883 -0.05501389 0.9805396 0.09274452 0.1730337 0.9790109 0.08918637 0.1832585 0.9669445 0.117889 0.2260988 0.9654601 0.1214778 0.2304993 0.9869227 0.0836935 0.1377649 0.9871561 0.0958451 0.1278148 0.9472652 -0.03402662 -0.3186391 0.9897699 0.08073532 0.1176325 0.9696282 0.1135933 0.2166048 0.9944184 0.07304686 0.07613295 0.9942144 0.08627635 0.06398606 0.9550988 -0.02434289 -0.2952858 0.9670517 0.1223915 0.2232295 0.9725483 0.112151 0.2038922 0.9819245 0.09444391 0.1640263 0.9803075 0.1003349 0.1700891 0.9806924 0.1113056 0.1607903 0.9782631 0.1042516 0.1792568 0.989186 0.08365905 0.1204675 0.9699645 0.1198256 0.2116857 0.9838421 0.09377455 0.1525157 0.9885641 0.08878809 0.1218928 0.989133 0.1006929 0.1071304 0.9671701 0.1264947 0.220411 0.9657477 0.1272538 0.2261369 0.9701903 0.1220804 0.2093495 0.9829074 0.09963637 0.1548091 0.9470881 -0.02895027 -0.3196656 0.9874091 0.02118116 -0.1567631 0.984784 0.01247656 -0.1733344 0.9858002 0.03005677 -0.165211 0.9897164 0.03050005 -0.1397546 0.9821305 0.1054602 0.1558781 0.9828116 0.1169596 0.1428351 0.9758689 0.005274355 -0.2182932 0.973906 0.01350778 -0.2265497 0.9795495 0.01424318 -0.2006984 0.9701401 0.1254491 0.2075829 0.9673548 0.1306211 0.2171702 0.9659459 0.1332929 0.2217692 0.9917998 0.08671128 0.09388482 0.9393681 -0.03275537 -0.3413423 0.9840288 0.1028054 0.1453218 0.9910773 0.09078609 0.09758967 0.9701558 0.1286998 0.2055097 0.9675281 0.1346937 0.2138856 0.9662134 0.1391557 0.2169504 0.9482617 -0.02290785 -0.3166624 0.9859662 0.1015086 0.13254 0.9903345 0.09487998 0.1011705 0.9905235 0.1074705 0.08551818 0.9702732 0.1318102 0.2029684 0.98525 0.1067873 0.1337125 0.9676737 0.1388725 0.2105286 0.9794391 0.1162472 0.1648808 0.9771924 0.1173722 0.1769714 0.9703464 0.134693 0.2007128 0.9841498 0.111613 0.1378105 0.9846702 0.1227667 0.1239076 0.9932415 0.09199422 0.07077085 0.9783797 0.1221966 0.1668565 0.9703798 0.1377267 0.1984807 0.9482665 -0.01753717 -0.3169907 0.9566621 -0.01332962 -0.2908952 0.9678161 0.1426241 0.2073413 0.966453 0.1446 0.2122722 0.9925499 0.09611004 0.07488393 0.977362 0.1280161 0.1684502 0.9774361 0.1422415 0.1561608 0.9756301 0.1359298 0.1722473 0.987671 0.1077826 0.1135299 0.9918343 0.100224 0.07886612 0.9917572 0.1114258 0.06326228 0.9704998 0.140604 0.195859 0.9794238 0.1251483 0.1583254 0.9880875 0.03858917 -0.1489765 0.9863245 0.04709863 -0.1579419 0.9901227 0.04744726 -0.1319317 0.9679805 0.1464914 0.2038483 0.9666232 0.150249 0.2075206 0.9869233 0.1127038 0.1152404 0.9402506 -0.02215081 -0.3397619 0.9774392 0.02184528 -0.2100842 0.9754979 0.02946579 -0.2180271 0.9809538 0.03052049 -0.1918287 0.9706725 0.1433531 0.1929897 0.9814916 0.1223289 0.1473426 0.9861983 0.1163163 0.1178292 0.9863753 0.1273263 0.1041716 0.9493225 -0.01204472 -0.3140729 0.9942047 0.09658354 0.04721099 0.9951802 0.09005498 0.03881442 0.9681333 0.1503068 0.2003145 0.9668442 0.1557047 0.2024065 0.9803978 0.1281888 0.1496254 0.9888929 0.1122439 0.0974273 0.9709117 0.1458718 0.1898737 0.9935664 0.1007557 0.05171221 0.9958977 0.07165974 -0.05525195 0.9945322 0.08165585 -0.06509989 0.9959049 0.08111006 -0.03993475 0.9970606 0.0620346 -0.04496711 0.9954612 0.06291431 -0.07140612 0.9792959 0.1339316 0.1517961 0.9791043 0.1484252 0.1390141 0.9919028 0.05539959 -0.1142796 0.990219 0.06466567 -0.123632 0.9930878 0.06467217 -0.09795033 0.9934183 0.04643911 -0.1047062 0.9928994 0.1049095 0.05607753 0.9924655 0.1155471 0.04075837 0.968268 0.1541694 0.1966952 0.971172 0.1482605 0.1866651 0.9813525 0.1309778 0.140685 0.9885821 0.1170899 0.0948438 0.9712104 0.150646 0.1845432 0.9832549 0.1292292 0.12849 0.9684005 0.1576897 0.1932214 0.9670362 0.1608421 0.1974102 0.994668 0.1004493 0.02335715 0.9955102 0.09352183 0.01459652 0.9823787 0.1344889 0.1297881 0.9711173 0.1539082 0.1823282 0.9881166 0.1225256 0.09280705 0.9874825 0.1335022 0.08399796 0.9941045 0.1046894 0.02822214 0.9414721 -0.01224309 -0.3368685 0.9493471 -0.006282448 -0.3141666 0.9811567 0.1393851 0.1338037 0.9807791 0.1516677 0.1227571 0.968544 0.1612922 0.1894924 0.9671773 0.1660878 0.1923098 0.9711076 0.1569369 0.1797804 0.9738942 0.1505152 0.1699272 0.9904559 0.1179267 0.07134735 0.993506 0.1089041 0.03295004 0.9927329 0.1189814 0.01802444 0.9898214 0.1210774 0.07479286 0.9710935 0.1609095 0.1763111 0.9686769 0.1648399 0.1857224 0.967337 0.1711173 0.1870239 0.9847911 0.1346911 0.1097493 0.9890071 0.1263015 0.07689654 0.9884943 0.1372969 0.06347119 0.9946217 0.1035726 -6.35726e-4 0.9952775 0.09658896 -0.009660899 0.983829 0.1390653 0.1128777 0.9688022 0.1695902 0.1807255 0.9676252 0.175785 0.1811109 0.9721 0.1617533 0.1698752 0.9941521 0.1078922 0.004566967 0.9828455 0.1434313 0.1159411 0.9826076 0.1547765 0.1025989 0.9422647 -0.003638684 -0.3348494 0.9496611 5.47807e-4 -0.3132787 0.9913351 0.1221759 0.04824805 0.9846292 0.05538147 -0.1656453 0.9821665 0.04593068 -0.1823168 0.9829607 0.06315416 -0.1726262 0.9867048 0.06509035 -0.1489188 0.9936406 0.1121851 0.009632468 0.9925546 0.121707 -0.004795491 0.9515866 0.00611633 -0.3073201 0.9585808 0.005720257 -0.2847636 0.9722679 0.1644839 0.1662535 0.960347 0.01812928 -0.2782179 0.9905853 0.1264322 0.05249655 0.9754419 0.1589491 0.1524742 0.9861035 0.1395547 0.0901364 0.9722988 0.1671327 0.1634072 0.9898051 0.1306844 0.05663567 0.9891515 0.1406009 0.0425511 0.9695003 0.1728483 0.1737606 0.9678421 0.1800876 0.1756418 0.9940688 0.1059321 -0.02461159 0.9944458 0.09933054 -0.03480374 0.9851591 0.1438894 0.09358209 0.9722685 0.1709159 0.1596301 0.9937105 0.1103398 -0.0191006 0.9841908 0.1482189 0.09695273 0.983687 0.1592652 0.0836336 0.9523984 0.0112977 -0.304647 0.9695286 0.176967 0.1694021 0.9679732 0.1846783 0.1700645 0.9917197 0.125743 0.02609056 0.9933021 0.1147291 -0.01372408 0.991936 0.123709 -0.02755469 0.991034 0.1300435 0.03066521 0.9732091 0.1715534 0.1530801 0.9696194 0.1814241 0.164084 0.9682008 0.1889169 0.1640053 0.9871071 0.1439188 0.07005095 0.9903129 0.1343388 0.03512388 0.9891919 0.145038 0.02152574 0.9733546 0.1741349 0.1491909 0.9766913 0.1666677 0.1352632 0.9930239 0.1075149 -0.04841542 0.9931644 0.1006878 -0.05904775 0.9861933 0.1482415 0.07380527 0.990911 0.09162074 -0.09849452 0.99251 0.08254998 -0.09005337 0.9900048 0.08228057 -0.1145442 0.9892275 0.1013283 -0.1056488 0.9914048 0.1010669 -0.08307957 0.9439311 0.006039261 -0.3300875 0.9927909 0.1120224 -0.04262745 0.9539808 0.0192629 -0.2992487 0.9851316 0.07218134 -0.1559032 0.9835693 0.08002728 -0.1618247 0.9868173 0.08228141 -0.139361 0.9733855 0.1765636 0.1461032 0.9852529 0.152559 0.0774753 0.9844859 0.1632689 0.06427204 0.9624841 0.03110182 -0.2695496 0.991685 0.1286332 0.003804922 0.9924995 0.1165246 -0.03696984 0.9908933 0.1249782 -0.05010998 0.9702664 0.184335 0.1568559 0.9683691 0.192874 0.1583067 0.9733425 0.1801038 0.1420111 0.9910771 0.1330063 0.00868535 0.9877142 0.1478703 0.05054837 0.9904287 0.1373692 0.01344227 0.9891731 0.1467543 7.8813e-5 0.9702654 0.1882395 0.1521543 0.9684702 0.1970065 0.1524919 0.9915725 0.1084508 -0.07086896 0.9741963 0.1806118 0.1353554 0.9867964 0.1530415 0.05302006 0.9547359 0.02318304 -0.2965501 0.9912439 0.1140324 -0.06657433 0.981112 0.07071632 -0.1800513 0.9795548 0.07751524 -0.1856446 0.9783627 0.06107455 -0.197677 0.9703308 0.1923606 0.1464778 0.9686541 0.2007792 0.146277 0.9860677 0.1564513 0.05651313 0.9851323 0.1659534 0.04442811 0.9743273 0.1829742 0.1311744 0.9773144 0.1756773 0.118297 0.9912331 0.1308283 -0.01846808 0.9911762 0.1175791 -0.0611962 0.9895517 0.1245202 -0.07267832 0.9879904 0.1506091 0.03452229 0.990716 0.1352949 -0.01330739 0.9901001 0.1086283 -0.08889216 0.9743526 0.1851508 0.127892 0.9460282 0.01729905 -0.3236224 0.9901521 0.1397512 -0.008275091 0.9886609 0.1486736 -0.02111607 0.9742987 0.1883827 0.1235069 0.9558187 0.03026884 -0.2923944 0.9709209 0.1949357 0.1389703 0.9688372 0.2042656 0.1401076 0.9873011 0.1553559 0.03318321 0.9896152 0.1131531 -0.088647 0.9903758 0.1323194 -0.04058825 0.9709143 0.1984633 0.1339322 0.9750407 0.1888327 0.1167809 0.9865643 0.1602128 0.03198146 0.985109 0.1701422 0.02473908 0.9899595 0.1369059 -0.03517413 0.9751634 0.1909024 0.1123063 0.978026 0.1837545 0.09848594 0.9891104 0.117646 -0.08843094 0.9876428 0.1253591 -0.09405845 0.9568123 0.03576058 -0.2884989 0.9647935 0.04370248 -0.2593526 0.9712448 0.2006153 0.1282079 0.988076 0.153686 0.009310245 0.98949 0.1414783 -0.02989256 0.9878474 0.1496019 -0.04215228 0.9870749 0.1088315 -0.1176383 0.9866499 0.09992128 -0.1285996 0.9751793 0.1927992 0.1088758 0.9874913 0.1571003 0.01343482 0.9817671 0.08768433 -0.1686563 0.9804061 0.09491187 -0.1726142 0.9834323 0.09898048 -0.1518676 0.9874264 0.1114773 -0.1120799 0.9865835 0.1624416 0.01630318 0.9850671 0.1721015 0.004881322 0.9751161 0.1956673 0.1042255 0.989135 0.1331014 -0.06241762 0.9875289 0.1172239 -0.1050964 0.9855669 0.1234206 -0.1158685 0.9484978 0.02773725 -0.3155671 0.9721306 0.2019236 0.1191183 0.9888271 0.1378307 -0.05677926 0.958307 0.04190337 -0.2826516 0.975725 0.1961198 0.09745639 0.9877084 0.1557971 -0.01263254 0.9884593 0.1425442 -0.05127739 0.9865881 0.1507319 -0.06264162 0.9721074 0.2053467 0.113314 0.9870351 0.160315 -0.007798254 0.9758422 0.1978349 0.09270107 0.9787459 0.1893512 0.07875722 0.986319 0.1648197 -0.00307554 0.9846565 0.1738604 -0.01497828 0.9721827 0.2079951 0.1076989 0.9758474 0.1994293 0.08916205 0.9876025 0.1333047 -0.08289307 0.9757767 0.2018813 0.08428448 0.9871578 0.1390608 -0.07862406 0.9869693 0.1575965 -0.03247952 0.987001 0.1429646 -0.07341903 0.9850945 0.1505913 -0.08313316 0.9726678 0.2098514 0.09939759 0.9861915 0.1630365 -0.02907627 0.9863163 0.1326031 -0.09796184 0.9762336 0.2023914 0.0774976 0.9513042 0.03716099 -0.3060056 0.959194 0.04627573 -0.2789367 0.9857378 0.1664974 -0.02448916 0.9840615 0.1743639 -0.03493458 0.9726511 0.2126777 0.09337085 0.9763517 0.2036719 0.07249283 0.9792459 0.194032 0.05855882 0.9862772 0.158227 -0.04713362 0.9856726 0.1385456 -0.09620112 0.9763468 0.2049509 0.06886279 0.9727961 0.2144193 0.08770585 0.976265 0.2069633 0.06382054 0.9853563 0.1637429 -0.04755163 0.9847269 0.135531 -0.1092905 0.9848873 0.1432104 -0.09740549 0.9833123 0.1500912 -0.1028092 0.9620849 0.05841755 -0.266421 0.9677687 0.06235015 -0.2440006 0.9613926 0.05276036 -0.2700756 0.9529857 0.04452806 -0.2997257 0.9836142 0.1302515 -0.1246505 0.9832388 0.1220057 -0.1354854 0.9765558 0.2075729 0.0570296 0.9733046 0.2155583 0.07882064 0.9850322 0.1586164 -0.0674712 0.9845886 0.1677283 -0.049524 0.982926 0.1758025 -0.05431455 0.9834783 0.1365876 -0.1188035 0.9766799 0.208352 0.05182474 0.9795138 0.1977554 0.03802323 0.973314 0.2176945 0.07258814 0.9831277 0.1429004 -0.1141912 0.9813129 0.1490895 -0.1216444 0.9766699 0.2092834 0.04812967 0.9842808 0.1625198 -0.0691272 0.9733756 0.2194219 0.06628775 0.982358 0.135796 -0.128578 0.9765796 0.2108216 0.04297161 0.9811849 0.1283358 -0.1442438 0.980365 0.1196742 -0.1567252 0.9833146 0.1682881 -0.06907647 0.9813561 0.1774145 -0.0739212 0.9811984 0.134845 -0.1380822 0.9766914 0.2115809 0.03615915 0.9735504 0.2209664 0.05808174 0.9834102 0.1571817 -0.09054511 0.9810902 0.1413146 -0.1322588 0.9789409 0.1475252 -0.141107 0.9768157 0.2118499 0.03083395 0.9795435 0.200488 0.01729363 0.9561564 0.05298829 -0.2880231 0.962508 0.06309497 -0.2638133 0.9830805 0.1620182 -0.08545643 0.9768058 0.2124026 0.02712553 0.9735469 0.2225695 0.05166625 0.9797247 0.1340597 -0.1488877 0.9822684 0.1681217 -0.08296918 0.9796136 0.1787737 -0.09163641 0.9767012 0.2134881 0.02185839 0.9736007 0.2237302 0.0452398 0.981865 0.1566286 -0.1068115 0.9815952 0.1646261 -0.09679406 0.976627 0.2144117 0.0150786 0.9767501 0.2141619 0.009696066 0.9809305 0.1625931 -0.1064836 0.9736599 0.2249953 0.03692561 0.9767425 0.2143328 0.005984663 0.9793344 0.2022262 -0.002953112 0.9596921 0.06308448 -0.2738824 0.9647343 0.07208925 -0.2531619 0.9655337 0.07572448 -0.2490192 0.9736414 0.2260451 0.03043192 0.9766268 0.2149414 6.72999e-4 0.9800473 0.1551644 -0.1242229 0.979999 0.1619624 -0.115629 0.9798333 0.1686633 -0.1071423 0.9779787 0.1779248 -0.1090904 0.9736772 0.2266756 0.02389353 0.9763705 0.2160179 -0.00607717 0.961382 0.0695526 -0.2662839 0.9660177 0.08090174 -0.2454893 0.9789983 0.1613721 -0.1245851 0.9764512 0.2154409 -0.01132786 0.978912 0.2031027 -0.02192264 0.9736322 0.227594 0.01553535 0.9763886 0.2154014 -0.01636004 0.9623406 0.07727229 -0.2606334 0.9668138 0.08602893 -0.2405623 0.9776917 0.1600554 -0.1360193 0.9735966 0.2280971 0.009018659 0.9779372 0.1674423 -0.1249085 0.9763273 0.175545 -0.1263692 0.9759812 0.2166363 -0.02300965 0.9736133 0.2281916 0.002434253 0.9760565 0.2156564 -0.02838957 0.9760633 0.2150818 -0.03225493 0.9782949 0.2029354 -0.04191201 0.9759546 0.2147629 -0.03727656 0.9734516 0.2288159 -0.005936086 0.97345 0.2284834 -0.01380026 0.9753926 0.2160639 -0.0438835 0.9754604 0.2146165 -0.04916054 0.9649771 0.09878754 -0.243023 0.9697031 0.1019088 -0.2220149 0.9687082 0.09846246 -0.2278373 0.9640053 0.09100508 -0.2498235 0.9754556 0.2137213 -0.05300557 0.977447 0.2018556 -0.06206285 0.9753443 0.2129728 -0.05784702 0.9729863 0.2297523 -0.02261734 0.9654812 0.1042518 -0.2387002 0.9694533 0.1068807 -0.2207647 0.9728466 0.2296823 -0.0285592 0.9659234 0.1090944 -0.2347136 0.9692871 0.1146245 -0.2175861 0.9692894 0.1113482 -0.219271 0.9728767 0.2286384 -0.03514915 0.9746457 0.2142856 -0.06440287 0.9759877 0.1933555 -0.1003078 0.9663094 0.1129263 -0.2312874 0.9694924 0.1177751 -0.2149735 0.9747045 0.2124089 -0.06952482 0.9701462 0.1348642 -0.2015638 0.9736298 0.132143 -0.185966 0.9703539 0.1263896 -0.2060074 0.9746894 0.2112038 -0.0733053 0.9769047 0.1967778 -0.08328181 0.9666415 0.1170572 -0.2278196 0.969805 0.1207262 -0.2119046 0.9706354 0.1407619 -0.1950724 0.9745728 0.2100823 -0.07793194 0.9725046 0.2287925 -0.04346102 0.9671882 0.1239024 -0.2217997 0.9722283 0.2285583 -0.05033081 0.9737592 0.2113416 -0.0844267 0.971859 0.2285697 -0.05697256 0.9744718 0.190212 -0.1192655 0.9738078 0.209082 -0.08934879 0.9737855 0.2075824 -0.09301304 0.9736591 0.2061566 -0.09740322 0.9712601 0.2291029 -0.06454414 0.9691607 0.2366396 -0.06877046 0.9691945 0.2383164 -0.06218785 0.9670512 0.1340038 -0.2164607 0.9712261 0.2272198 -0.0713526 0.9690988 0.234807 -0.07558619 0.9727557 0.2072876 -0.1038187 0.9665421 0.1415479 -0.2139176 0.9727925 0.2047017 -0.1084987 0.9712579 0.225147 -0.0772472 0.9689877 0.233025 -0.08223319 0.9727685 0.202925 -0.1119952 0.9660433 0.1469728 -0.2125072 0.9710066 0.1421651 -0.1921856 0.9726257 0.201269 -0.1161476 0.9667558 0.1484635 -0.2081876 0.9643316 0.1449346 -0.2214913 0.9648833 0.1491358 -0.2162381 0.9707891 0.1456897 -0.1906383 0.9671988 0.1524734 -0.2031708 0.9651812 0.1545987 -0.2110086 0.970681 0.1490352 -0.1885923 0.9703336 0.1679919 -0.1738723 0.9732317 0.1626833 -0.1623401 0.9710999 0.1595656 -0.1774935 0.9707109 0.2246675 -0.08511763 0.968833 0.2311099 -0.08916765 0.9706508 0.1725152 -0.167558 0.9674884 0.1561005 -0.1989945 0.96581 0.1599482 -0.2040286 0.9707665 0.1550206 -0.1832517 0.9706477 0.1523584 -0.1860913 0.9706556 0.2223074 -0.09169179 0.9687485 0.2287749 -0.09585708 0.9716537 0.2021996 -0.1224932 0.9678932 0.1613265 -0.1927602 0.971675 0.1993449 -0.1269233 0.9716844 0.1971708 -0.1302043 0.9706744 0.2198269 -0.09730142 0.9686086 0.2265248 -0.1023913 0.9717736 0.1946859 -0.1332426 0.9717112 0.1930884 -0.1359934 0.97007 0.2189602 -0.1049795 0.9684145 0.2241253 -0.1092764 0.9699916 0.2161727 -0.1112912 0.9683006 0.2212896 -0.1158657 0.9699849 0.2133789 -0.1166136 0.9681149 0.2186336 -0.1222826 0.9674904 0.1689324 -0.1882133 0.9663085 0.1629068 -0.1992716 0.9658777 0.1699668 -0.1954269 0.9659925 0.1757132 -0.1896929 0.9675999 0.1754649 -0.1815562 0.9677028 0.1786666 -0.177847 0.9708418 0.1741486 -0.1647383 0.9662779 0.1800855 -0.184055 0.9693307 0.2121196 -0.1241102 0.9678623 0.2157925 -0.1291368 0.9678795 0.1817877 -0.1736738 0.9664483 0.1848177 -0.1783821 0.9707982 0.176857 -0.1620879 0.969219 0.208967 -0.1301822 0.9677173 0.2124763 -0.135562 0.9680449 0.1848449 -0.1694742 0.9666364 0.1893196 -0.1725462 0.9708172 0.179367 -0.1591905 0.9691042 0.2065959 -0.1347413 0.9675897 0.2089118 -0.1418668 0.9682225 0.1878221 -0.1651305 0.966874 0.1935532 -0.1664096 0.9708897 0.1817849 -0.1559729 0.970955 0.1838109 -0.1531669 0.9689796 0.2041614 -0.1392727 0.9674287 0.2053421 -0.1480416 0.9683566 0.1907509 -0.160934 0.9710346 0.1860269 -0.1499528 0.9688609 0.2017155 -0.143595 0.9714611 0.1916573 -0.1397527 0.9684616 0.1936122 -0.1568326 0.9670816 0.1975103 -0.1604466 0.9711378 0.1880425 -0.146736 0.9687391 0.1990522 -0.1480636 0.9672393 0.2015572 -0.154347 0.9712667 0.1899912 -0.1433337 0.9686061 0.1963627 -0.1524599 0.9508704 -0.234429 0.2022094 0.9480903 -0.2338451 0.2155023 0.9503947 -0.2375387 0.2008117 0.9492428 -0.2303963 0.2141396 0.9463537 -0.2297061 0.2272663 0.9464977 -0.2264867 0.2298824 0.9439258 -0.2255086 0.2411431 0.95484 -0.2406179 0.1743093 0.9521209 -0.2409549 0.1881664 0.9541744 -0.2439163 0.1733667 0.9533916 -0.2370817 0.1866459 0.9446651 -0.2211301 0.2423003 0.942313 -0.2196085 0.252623 0.95713 -0.2427523 0.1580302 0.955947 -0.245675 0.1606525 0.9586265 -0.2447185 0.1454242 0.9571257 -0.2475261 0.1504704 0.9595384 -0.2460718 0.1368754 0.9581265 -0.2498603 0.1398695 0.9604501 -0.2477176 0.1271685 0.95952 -0.2510108 0.1277303 0.9496551 -0.2231402 0.2199175 0.9534853 -0.2267627 0.1986065 0.9537769 -0.2310432 0.1921684 0.9486752 -0.2210029 0.2262148 0.952152 -0.2254465 0.2063504 0.9477224 -0.2194906 0.2316164 0.9511957 -0.2241421 0.2121022 0.9620809 -0.2482636 0.1129855 0.9606951 -0.2518102 0.1168614 0.957705 -0.2321972 0.1699584 0.9552356 -0.2307222 0.1851823 0.9584857 -0.233809 0.1632132 0.9564051 -0.2313518 0.1782295 0.9468259 -0.2162579 0.2382297 0.943781 -0.211408 0.2541343 0.9413014 -0.2114995 0.2630965 0.9630936 -0.2492146 0.1016994 0.9616761 -0.2529543 0.1057987 0.9601221 -0.2349931 0.1514729 0.9639704 -0.249953 0.09101927 0.9626046 -0.2539057 0.09446835 0.9605748 -0.2371609 0.1450889 0.9610378 -0.2376654 0.1411442 0.9617111 -0.2378458 0.1361661 0.9621281 -0.2389216 0.1312482 0.9648014 -0.250495 0.08006554 0.9634832 -0.2546532 0.08277708 0.9631847 -0.2384462 0.1241719 0.9508881 -0.2160487 0.2216637 0.95318 -0.2185612 0.2089948 0.963681 -0.2395093 0.1181283 0.948475 -0.2124359 0.2350877 0.9551848 -0.2203369 0.197671 0.9576039 -0.2235211 0.1817498 0.9655371 -0.2507846 0.06960797 0.9642381 -0.2553664 0.07094329 0.9595488 -0.2253286 0.1687996 0.9648969 -0.239882 0.1069138 0.9661138 -0.2513318 0.05879265 0.9650683 -0.2554598 0.05816859 0.9652039 -0.2413148 0.1007404 0.9620283 -0.2282381 0.1496967 0.9656735 -0.2413998 0.09592169 0.9660099 -0.242023 0.09082871 0.9664573 -0.2420284 0.0859223 0.9639067 -0.2293152 0.1352714 0.9647955 -0.2314574 0.1248887 0.9667687 -0.2425811 0.08070224 0.9670067 -0.2507083 0.04520601 0.9657892 -0.2552702 0.04569828 0.9671964 -0.2424994 0.07566481 0.9674858 -0.2429635 0.07028633 0.967774 -0.2431304 0.06558394 0.9675671 -0.2504398 0.03307479 0.9663543 -0.2550712 0.03313678 0.9666986 -0.2326772 0.1065607 0.9684197 -0.2423394 0.05860882 0.9687578 -0.2424645 0.0521481 0.9679874 -0.2500587 0.02170276 0.9668055 -0.2546187 0.02136558 0.9681416 -0.2334188 0.09065008 0.9688553 -0.234229 0.08035027 0.9693651 -0.2418512 0.04288673 0.9683316 -0.2494208 0.01110422 0.967146 -0.2540119 0.01031959 0.9695008 -0.234644 0.07078492 0.9695052 -0.2423602 0.03634876 0.9697561 -0.242093 0.03105264 0.970202 -0.2348673 0.05954498 0.9685928 -0.2486507 8.80191e-4 0.9674015 -0.2532472 -5.72754e-4 0.9700407 -0.2415901 0.02560132 0.9702368 -0.2413257 0.02006709 0.968793 -0.2477183 -0.008718669 0.9675682 -0.2523496 -0.01146596 0.970368 -0.2411454 0.01532959 0.9712288 -0.2341472 0.0434733 0.9705234 -0.2407906 0.0102232 0.9689126 -0.2467796 -0.01756197 0.9676738 -0.2512021 -0.02247184 0.9706166 -0.2405627 0.005761921 0.9706979 -0.2403017 9.58901e-4 0.9719086 -0.2334939 0.02957034 0.9689796 -0.2456382 -0.02721303 0.9677146 -0.2498158 -0.03347331 0.970764 -0.2400053 -0.003868699 0.9708696 -0.2394562 -0.008549273 0.9721876 -0.2334435 0.01885247 0.9709669 -0.2388122 -0.01385527 0.9689857 -0.2442611 -0.03746074 0.9676777 -0.2482422 -0.04444974 0.9724478 -0.2329257 0.009538412 0.9709721 -0.2384267 -0.01912939 0.9710006 -0.2378897 -0.02380132 0.9726756 -0.2321679 7.24529e-4 0.9689253 -0.2427209 -0.04764991 0.9675654 -0.2464878 -0.05532652 0.9710237 -0.2372556 -0.02868354 0.9728621 -0.2312101 -0.00901699 0.9710236 -0.2366442 -0.03335678 0.9306211 -0.1670945 0.325613 0.9270124 -0.1639944 0.3372742 0.9493423 -0.1803429 0.2573434 0.9687961 -0.2410299 -0.05778068 0.9673798 -0.2445496 -0.06612098 0.9710032 -0.2359836 -0.03826886 0.9709886 -0.2352479 -0.04288858 0.9729563 -0.2301205 -0.02002012 0.9686051 -0.2393308 -0.06726759 0.967145 -0.2423213 -0.07688289 0.9709442 -0.2344925 -0.04775696 0.9729803 -0.2289687 -0.02970969 0.9708939 -0.233714 -0.0523712 0.9683696 -0.2374712 -0.07660233 0.9668072 -0.2401537 -0.08723586 0.9708201 -0.2328893 -0.05719321 0.9729615 -0.227721 -0.0385881 0.9294883 -0.1587634 0.3329351 0.925796 -0.1576883 0.3435639 0.9707418 -0.2320445 -0.06177377 0.9707269 -0.2306977 -0.06684297 0.9728899 -0.2263617 -0.0473895 0.9679126 -0.2355292 -0.08758652 0.9663576 -0.2378465 -0.0978887 0.9266121 -0.1526588 0.3436354 0.9250647 -0.1494369 0.3491761 0.9705235 -0.2296035 -0.07325553 0.930074 -0.1522468 0.3343399 0.9728189 -0.2242535 -0.05774062 0.967579 -0.2332881 -0.09678679 0.9659311 -0.2352074 -0.1079564 0.9330571 -0.1526359 0.3257403 0.9702479 -0.2280808 -0.0812304 0.9700725 -0.2267012 -0.08698183 0.9671576 -0.2310962 -0.1058349 0.9654128 -0.2325217 -0.117949 0.9296099 -0.1482708 0.3374037 0.9724694 -0.221538 -0.07227993 0.9697775 -0.2258247 -0.09238481 0.9696035 -0.2246537 -0.09695357 0.9262668 -0.1444886 0.3480702 0.9245329 -0.1418402 0.3537236 0.9666926 -0.2286224 -0.1150534 0.9648403 -0.2297224 -0.1277144 0.9771095 -0.1940954 0.08708709 0.9799486 -0.1866487 0.06973618 0.9297662 -0.1441482 0.3387569 0.9693659 -0.2237434 -0.1013346 0.9330176 -0.1436126 0.3299297 0.9691014 -0.2228783 -0.1056777 0.9714392 -0.180462 0.1540758 0.9718548 -0.2189734 -0.08688598 0.966152 -0.226111 -0.1241945 0.96422 -0.2268248 -0.1372238 0.9689247 -0.2215117 -0.1100798 0.9789839 -0.1981793 0.04811954 0.9288392 -0.1400413 0.342996 0.9714417 -0.21671 -0.09663271 0.9686408 -0.2205949 -0.1143366 0.9520364 -0.1567822 0.2627663 0.9655672 -0.2237598 -0.132709 0.9636124 -0.2235727 -0.1465138 0.9259518 -0.1371327 0.3518634 0.9246045 -0.1336441 0.3567155 0.9684447 -0.2191832 -0.1186327 0.9293352 -0.1367306 0.3429884 0.9710566 -0.2146465 -0.1047668 0.9806663 -0.1930825 0.03182655 0.9830468 -0.1825336 0.01733618 0.9807392 -0.1911794 0.04001456 0.9681415 -0.2182193 -0.1228104 0.9650139 -0.2215141 -0.1402846 0.9629886 -0.2203687 -0.1552118 0.9801069 -0.1915563 0.05192947 0.9758682 -0.1811869 0.1218711 0.9730764 -0.1748153 0.1502062 0.9328709 -0.1344149 0.3341924 0.9679474 -0.2166247 -0.1270887 0.9706466 -0.2121374 -0.1133279 0.9293327 -0.1326455 0.3445954 0.9761743 -0.1739326 0.1297355 0.9676583 -0.2151324 -0.1317409 0.964347 -0.2191076 -0.1484147 0.9622606 -0.2172192 -0.163922 0.9673086 -0.2141116 -0.1359062 0.9754719 -0.1695336 0.1404032 0.9780393 -0.174951 0.1132752 0.9701805 -0.2090164 -0.1227282 0.9261779 -0.1285945 0.3544828 0.9249463 -0.1252556 0.3588671 0.9670894 -0.2126076 -0.1397722 0.9819666 -0.1843102 0.04209089 0.9636701 -0.2154034 -0.1579288 0.9613454 -0.2147949 -0.1722739 0.9297886 -0.1278898 0.3451629 0.9797219 -0.1793214 0.08938103 0.9667263 -0.2115448 -0.1438376 0.9330336 -0.1279281 0.336278 0.9565578 -0.146592 0.2520081 0.9527727 -0.1432006 0.2678017 0.9551158 -0.1454453 0.2580692 0.969685 -0.2063547 -0.1308779 0.966494 -0.2100191 -0.1475855 0.980372 -0.1717076 0.09688907 0.9659388 -0.2084929 -0.1532745 0.929794 -0.1235488 0.3467261 0.9691466 -0.2037838 -0.1386625 0.9805214 -0.1656047 0.1056076 0.9623396 -0.2118293 -0.1703847 0.960429 -0.2111376 -0.1816508 0.9597501 -0.2081525 -0.1885535 0.9824361 -0.1860483 -0.01433461 0.9821675 -0.1704432 0.07934814 0.9558886 -0.1376877 0.2594595 0.9823943 -0.184841 -0.02711766 0.982019 -0.1847534 -0.03879249 0.9832608 -0.1757965 -0.04789429 0.964982 -0.2067066 -0.1615002 0.9267406 -0.1198999 0.3560563 0.9256315 -0.1167268 0.359974 0.9616019 -0.2092311 -0.1776065 0.9679805 -0.2010601 -0.1502952 0.930378 -0.1187452 0.346838 0.9647472 -0.2041942 -0.1660352 0.9336946 -0.1182932 0.3379663 0.9610644 -0.2060847 -0.1840771 0.9587157 -0.2047748 -0.1973109 0.9841089 -0.1739138 0.03582787 0.9641091 -0.2027695 -0.1714008 0.9837618 -0.1788294 -0.01526308 0.954261 -0.1309973 0.2687485 0.9592871 -0.13199 0.249694 0.9570069 -0.1311272 0.2587345 0.9840291 -0.162284 0.0731489 0.9837693 -0.1687527 0.06099545 0.9636285 -0.2012492 -0.1758379 0.9305601 -0.114315 0.3478365 0.9602141 -0.2030024 -0.1917786 0.9576786 -0.2006215 -0.2064048 0.9633044 -0.1999693 -0.1790447 0.9664869 -0.1965403 -0.1651519 0.9813137 -0.1822548 -0.06169861 0.9629483 -0.1979081 -0.1832021 0.9276427 -0.111065 0.3565723 0.9267199 -0.107944 0.3599146 0.981457 -0.1787695 -0.06916362 0.9798062 -0.1818104 -0.08321541 0.9575436 -0.1249067 0.2598242 0.9815413 -0.1769068 -0.07266801 0.9312767 -0.1094794 0.3474736 0.9862968 -0.1588629 0.04451364 0.9852561 -0.1658823 0.04187619 0.9591686 -0.198588 -0.2013913 0.9624549 -0.1966396 -0.1871194 0.9564247 -0.1967924 -0.2156957 0.9656357 -0.1929707 -0.1740984 0.9863209 -0.1633909 0.02178913 0.9346281 -0.1085266 0.3386628 0.9623191 -0.1943848 -0.1901488 0.9614151 -0.192578 -0.1964557 0.9649859 -0.1897929 -0.181055 0.9316684 -0.1047944 0.3478681 0.9809439 -0.1741449 -0.08615463 0.9585645 -0.1178441 0.2593585 0.961076 -0.1186514 0.2495094 0.9550126 -0.1179461 0.2721027 0.9635205 -0.1859758 -0.1924611 0.9573162 -0.193821 -0.2144277 0.9547496 -0.1920509 -0.2270898 0.9602282 -0.1903821 -0.2042463 0.9289466 -0.1024135 0.3557664 0.9277781 -0.09972178 0.35956 0.9827739 -0.168878 -0.07507097 0.9810066 -0.1635556 -0.104286 0.987942 -0.1546852 0.006568372 0.9871048 -0.160053 -0.00268805 0.9325699 -0.1000812 0.3468387 0.9359728 -0.09821534 0.3380958 0.9597982 -0.186468 -0.2098027 0.9560703 -0.1885899 -0.2244179 0.953431 -0.1863425 -0.237162 0.9590194 -0.1107992 0.2607782 0.9872318 -0.1570064 -0.0268805 0.9856476 -0.1681367 -0.01513105 0.9585579 -0.1843414 -0.2172215 0.9329733 -0.09545028 0.3470596 0.9615246 -0.180397 -0.2071892 0.9580972 -0.1824291 -0.2208383 0.9780897 -0.1667371 -0.1246569 0.9776572 -0.1559716 -0.1409235 0.9845592 -0.1601953 -0.07057374 0.9302528 -0.09379994 0.3547271 0.9297767 -0.09074264 0.3567648 0.9547374 -0.1836031 -0.2340227 0.9519209 -0.1810852 -0.247093 0.957222 -0.103651 0.2701528 0.9327501 -0.09302324 0.348316 0.9627822 -0.1043651 0.2493163 0.9601933 -0.10365 0.2593945 0.9577974 -0.1796323 -0.2244026 0.9881293 -0.1491553 -0.03678941 0.9867926 -0.1532998 -0.05234044 0.9372248 -0.09005564 0.3368971 0.960527 -0.1752425 -0.2160511 0.9567077 -0.1774464 -0.230702 0.9343322 -0.08667451 0.3457035 0.9607942 -0.09726727 0.2596414 0.9589206 -0.1715834 -0.225899 0.9857013 -0.151265 -0.07424306 0.9554405 -0.1759659 -0.2370009 0.9526523 -0.1779558 -0.2465471 0.9501345 -0.1753786 -0.2578507 0.9323582 -0.08444255 0.3515363 0.9320459 -0.08176505 0.3529942 0.955096 -0.171642 -0.2415176 0.9357016 -0.08188557 0.3431579 0.9587885 -0.09092128 0.2691804 0.9839226 -0.1514544 -0.09464704 0.9387968 -0.08015072 0.3350172 0.9618088 -0.09048718 0.2583333 0.9514274 -0.1724503 -0.2550431 0.9488585 -0.1695934 -0.2662814 0.9644852 -0.09075939 0.2480548 0.9741786 -0.1572819 -0.1619831 0.9868092 -0.1432778 -0.07536059 0.9538632 -0.1691384 -0.2480669 0.9808214 -0.1515468 -0.1225689 0.9567871 -0.1660839 -0.2386937 0.9828308 -0.147083 -0.111401 0.9533801 -0.1671338 -0.2512626 0.9366597 -0.07692617 0.3416887 0.9624184 -0.08405637 0.258235 0.950055 -0.1675337 -0.2633023 0.9473435 -0.1641814 -0.2749267 0.9848012 -0.1385807 -0.1047001 0.9530652 -0.1644342 -0.2542205 0.9557319 -0.1609704 -0.246303 0.9348495 -0.07545167 0.3469344 0.9343527 -0.0734986 0.3486877 0.9522095 -0.1619282 -0.2589908 0.9813161 -0.1418271 -0.1300152 0.9380095 -0.0721395 0.3390196 0.9410746 -0.06924158 0.3310352 0.9603916 -0.07768309 0.2676067 0.9633617 -0.0771526 0.2568694 0.9540612 -0.1574857 -0.2548833 0.9661237 -0.07709312 0.2462964 0.9769828 -0.144377 -0.1570349 0.950784 -0.159426 -0.2656942 0.9791238 -0.1405855 -0.1468073 0.9476796 -0.160465 -0.2759609 0.9451626 -0.1572941 -0.2862276 0.9389401 -0.0674417 0.3374068 0.9815511 -0.1331457 -0.1372213 0.9498265 -0.1562221 -0.2709693 0.9641659 -0.06982427 0.2559468 0.9372202 -0.06699001 0.3422436 0.9374563 -0.0645613 0.3420638 0.9520728 -0.1523246 -0.2652445 0.9390388 -0.06533247 0.337547 0.9773162 -0.1349751 -0.1632025 0.9489745 -0.1536282 -0.2754012 0.943163 -0.06235963 0.3264274 0.945917 -0.1524121 -0.2863767 0.9435352 -0.1483114 -0.2962179 0.9724816 -0.1365183 -0.1887922 0.9744263 -0.133635 -0.180652 0.9409289 -0.05856531 0.3335013 0.9480331 -0.148617 -0.2813294 0.9681154 -0.0615139 0.2428349 0.9651215 -0.0611934 0.2545502 0.9723956 -0.04847609 0.2282478 0.9770658 -0.1276904 -0.1704046 0.9497745 -0.1455019 -0.2770518 0.9404351 -0.057846 0.335016 0.9408926 -0.05545252 0.334135 0.9430693 -0.05411231 0.3281649 0.9456011 -0.05029487 0.3214173 0.9661189 -0.05222123 0.2527596 0.9625225 -0.06165701 0.2641004 0.9450277 -0.139374 -0.2958003 0.9424992 -0.1371337 -0.3047781 0.9757741 -0.05655103 0.2113457 0.9716042 -0.1242454 -0.2013664 0.9446193 -0.04909408 0.3244752 0.9744442 -0.0530489 0.2182762 0.9700515 -0.04341578 0.2389878 0.964456 -0.04418623 0.2605232 0.9673219 -0.04339891 0.2498101 0.9441611 -0.04805487 0.3259612 0.9449929 -0.04601925 0.3238377 0.9464883 -0.04375189 0.319759 0.9488216 -0.04011535 0.3132546 0.9681529 -0.03540116 0.2478439 0.9483571 -0.0383737 0.3148753 0.9774103 -0.03826421 0.2078585 0.9761021 -0.03492265 0.2144883 0.9486982 -0.038751 0.3137996 0.9488528 -0.03845691 0.3133681 0.9499466 -0.03343504 0.3106181 0.9526357 -0.02965867 0.3026644 0.9718561 -0.02631366 0.2341015 0.9691193 -0.02669298 0.2451435 0.9668161 -0.02708816 0.2540332 0.9514365 -0.02716046 0.306645 0.9505155 -0.0331422 0.3089044 0.9530169 -0.02746778 0.3016694 0.9526184 -0.02130603 0.303421 0.9516066 -0.02585166 0.3062297 0.953929 -0.02153158 0.2992591 0.9517187 -0.1119022 -0.2858489 0.9701718 -0.01759696 0.2417794 0.9542477 -0.01957803 0.2983759 0.955706 -0.01971828 0.293662 0.9546862 -0.01749479 0.2970999 0.9482024 -0.1092558 -0.2982875 0.9536685 -0.01481294 0.3004948 0.9527463 -0.01699423 0.3032917 0.9518322 -0.1037683 -0.2885269 0.9551323 -0.0149151 0.295804 0.9555815 -0.01221436 0.294474 0.9567941 -0.01340097 0.2904574 0.9547984 -0.006092965 0.297192 0.9540799 -0.007530868 0.2994576 0.9560688 -0.0088225 0.2930096 0.9736695 -0.00815314 0.2278187 0.9575237 -0.00865221 0.2882252 0.968849 -0.01000469 0.2474501 0.9712653 -0.008675694 0.237841 0.9563616 -0.006091952 0.2921223 0.995877 -0.02982926 0.08566963 0.9895455 -0.02170401 0.1425786 0.9569448 1.78187e-5 0.2902699 0.9835772 -0.01208829 0.1800826 0.9584439 -0.002638101 0.2852693 0.9916271 -0.01926696 0.127689 0.9828057 -0.01013994 0.1843644 0.9560326 0.003184199 0.2932431 0.9550721 -2.01029e-5 0.2963739 0.9820155 -0.008240818 0.1886209 0.9912326 -0.0139659 0.1313883 0.9899895 -0.01238411 0.1405965 0.9967645 -0.02333116 0.07691639 0.9578055 0.006169199 0.2873509 0.9566341 0.01052665 0.291102 0.9558001 0.008588969 0.293892 0.9721469 -3.69251e-4 0.234372 0.9961104 -0.02017116 0.08577501 0.9598611 0.008116483 0.2803586 0.9629364 0.02136838 0.2688809 0.9800989 -0.001832067 0.1985013 0.9586908 0.01189351 0.2842017 0.9789072 0.001261055 0.2043016 0.9573982 0.01768183 0.288229 0.9565871 0.01674783 0.2909649 0.9589982 0.01507347 0.283011 0.9591652 0.01869183 0.2822282 0.9989628 -0.02218741 0.03976345 0.975301 0.009519875 0.2206745 0.9709363 0.006805002 0.2392414 0.9986209 -0.01883888 0.04900366 0.958154 0.02472579 0.2851835 0.9573271 0.02479475 0.2879413 0.9731013 0.008519947 0.2302203 0.9593506 0.02247071 0.2813211 0.9610068 0.01866805 0.2758939 0.9555732 -0.08799648 -0.2813123 0.9962037 -0.0117563 0.08625507 0.9597551 0.02521038 0.2797048 0.9614662 0.02635413 0.2736573 0.9600926 0.02868658 0.2782073 0.9588137 0.03217625 0.2822074 0.9580974 0.03284502 0.2845533 0.9602584 0.03154939 0.2773237 0.9649131 0.02117025 0.2617148 0.9974858 -0.007291316 0.07049107 0.9991088 -0.01254332 0.04030215 0.9683284 0.01617407 0.2491557 0.952557 -0.08069086 -0.2934691 0.9620025 0.0326426 0.2710823 0.9969181 -0.004338741 0.07832962 0.9739503 0.01762795 0.2260756 0.9607366 0.03569215 0.2751568 0.99629 -0.001459419 0.08604693 0.9609301 0.03758352 0.2742276 0.9595053 0.04029548 0.2787938 0.9587749 0.04043662 0.2812753 0.9557896 -0.07710188 -0.283763 0.9592093 -0.0744515 -0.2727172 0.9710537 0.02295875 0.2377558 0.968774 0.02623283 0.2465543 0.9717896 0.04039776 0.2323639 0.9611745 0.04091554 0.2728912 0.9998548 -0.01546567 -0.007172882 0.9627673 0.04097956 0.2672076 0.961433 0.04423111 0.2714596 0.9975224 0.002979993 0.07028692 0.9601737 0.04857623 0.2751489 0.9595394 0.04838812 0.2773859 0.9616961 0.04731976 0.270003 0.976712 0.02849626 0.2126539 0.9745583 0.02812778 0.2223624 0.9570475 -0.07057237 -0.281211 0.9633266 0.04825299 0.2639576 0.9618969 0.05231499 0.2683609 0.9998342 -0.00951451 -0.0155304 0.9734005 0.0291897 0.2272432 0.9999662 -0.005907297 -0.005738019 0.9996185 0.001553356 -0.02758067 0.9608611 0.05806851 0.2708768 0.9606974 0.0633704 0.2702681 0.9599949 0.0548737 0.2745885 0.9543923 -0.06713736 -0.2909089 0.9575684 -0.06421375 -0.2809618 0.9621745 0.05816751 0.2661522 0.9639159 0.05863118 0.2596701 0.9610095 -0.06152594 -0.2695837 0.9984998 -0.009824216 -0.05386847 0.9628508 0.06842184 0.2612217 0.9617965 0.07009851 0.2646389 0.9324085 -0.08253347 -0.3518562 0.9286337 -0.07708638 -0.3629012 0.9990178 -0.006028175 -0.04389888 0.9755099 0.0401141 0.2162668 0.9999776 0.003980517 -0.005381166 0.9586651 -0.05795502 -0.2785724 0.9712039 0.05440247 0.2319558 0.9776729 0.04693138 0.2048248 0.9751344 0.04949289 0.2160172 0.9986475 -3.45765e-4 -0.05199152 0.999877 0.009575724 -0.01242768 0.9729698 0.05713492 0.2237531 0.9558547 -0.05484908 -0.2886753 0.9994649 0.01899081 0.0266301 0.9591959 -0.05159246 -0.2779956 0.9960089 0.0286014 0.08454757 0.999905 0.01319664 -0.003979265 0.999498 0.02030551 -0.02432113 0.9852595 0.04382377 0.1653581 0.9627634 -0.04857802 -0.265945 0.9841576 0.04515892 0.1714481 0.9755767 0.05860191 0.2116981 0.9308404 -0.07265675 -0.35813 0.9271459 -0.06856733 -0.3683737 0.9971119 0.02983218 0.06984293 0.9338293 -0.06925851 -0.3509503 0.9835698 0.05037254 0.1733585 0.9775057 0.06148481 0.201748 0.9963923 0.03433865 0.07760941 0.995046 -0.004833281 -0.09929859 0.9749942 0.06172674 0.2134861 0.9853491 0.05338436 0.1619801 0.9995093 0.02408516 0.02003347 0.9602648 -0.04531282 -0.2753874 0.995606 0.03872078 0.08526241 0.9932662 -0.005055427 -0.115744 0.9931355 0.04218751 0.1090968 0.9991946 0.02834099 0.02840846 0.9992997 0.03652518 0.008141696 0.9966995 0.04000997 0.07063579 0.9943567 8.48972e-6 -0.1060886 0.9944725 0.04373908 0.09545391 0.9953408 0.004949748 -0.09629285 0.9935821 0.0480563 0.1023971 0.9573339 -0.04252904 -0.2858377 0.9936127 0.00475043 -0.1127449 0.9608067 -0.03895759 -0.2744681 0.9644629 -0.03563183 -0.2618049 0.9926446 0.05225986 0.109205 0.9967426 0.01193082 -0.07976233 0.9762694 0.07256346 0.2040408 0.92833 -0.06402337 -0.3662028 0.9263138 -0.05859458 -0.3721687 0.9307283 -0.06207954 -0.360404 0.9988685 0.03826254 0.02824652 0.9939575 0.05386418 0.09564077 0.9973678 0.01607197 -0.07070451 0.934012 -0.05942887 -0.3522639 0.9778735 0.0789563 0.1937251 0.961841 -0.0326718 -0.2716515 0.9756389 0.08253055 0.203267 0.9873614 -0.00104928 -0.1584818 0.9985686 0.02789127 -0.04564005 0.9987991 0.04401564 0.02151995 0.9967787 0.02126187 -0.07733184 0.9309254 -0.05644786 -0.3608207 0.9720455 0.0940079 0.2151512 0.9987958 0.03251665 -0.03674018 0.9984413 0.04758137 0.02917283 0.9984008 0.05557483 0.01036596 0.9733237 0.09403437 0.2092817 0.9754027 0.09215068 0.2002445 0.9588267 -0.03021031 -0.2823806 0.9623957 -0.02634364 -0.2703714 0.9771841 0.09252649 0.1911815 0.9864284 0.004657268 -0.1641258 0.9661012 -0.02272129 -0.257162 0.9923353 0.01394832 -0.1227844 0.9273788 -0.05406105 -0.3701974 0.9258317 -0.04904836 -0.3747399 0.9746944 0.09800797 0.2009109 0.9305061 -0.05151838 -0.3626353 0.9970126 0.05836069 0.05059623 0.9983935 0.03708487 -0.04283893 0.998984 0.0398032 -0.02114015 0.9340283 -0.04904824 -0.3538154 0.9964362 0.06239289 0.05676329 0.9967076 0.07126992 0.03866124 0.9633895 -0.02006566 -0.2673537 0.9903708 0.01634943 -0.137471 0.9914315 0.02012419 -0.1290684 0.9955311 0.03158199 -0.08899724 0.9924191 0.02384763 -0.1205644 0.9816662 0.00383681 -0.1905704 0.9307858 -0.04642969 -0.3626046 0.9754999 0.1079835 0.1916757 0.9603297 -0.01792454 -0.2782905 0.963958 -0.01378035 -0.2656978 0.9676731 -0.009880006 -0.2520143 0.9904756 0.02617168 -0.1351781 0.994779 0.03757852 -0.09488207 0.9806155 0.009225785 -0.1957252 0.9271275 -0.04437398 -0.3721096 0.9256701 -0.03955143 -0.3762587 0.9305313 -0.04148203 -0.3638556 0.9342995 -0.03866034 -0.3543865 0.9647846 -0.006804287 -0.2629534 0.9957283 0.0773099 0.0504812 0.9835543 0.01752561 -0.1797608 0.9949828 0.08188426 0.0574826 0.9743075 0.1230533 0.1886339 0.9725647 0.1252857 0.1960139 0.9754567 0.1216371 0.1835451 0.9918721 0.03699189 -0.1217429 0.930938 -0.03643482 -0.3633552 0.9820885 0.02104169 -0.1872419 0.9842158 0.02566194 -0.1751026 0.962101 -0.003851532 -0.2726661 0.9656009 0.001080572 -0.2600266 0.9729723 0.1320599 0.1894333 0.9696161 0.00534594 -0.2445735 0.9971903 0.06915426 -0.02879893 0.9981138 0.05872601 -0.01789599 0.9909659 0.0426138 -0.1271647 0.9272115 -0.03475713 -0.3729221 0.9258769 -0.03016293 -0.3766196 0.9732019 0.137712 0.1841568 0.994669 0.05416315 -0.08775085 0.9308718 -0.0315048 -0.3639851 0.9816731 0.02658069 -0.1887105 0.9348539 -0.0283215 -0.3539014 0.9846375 0.03468829 -0.1711311 0.9966353 0.07470065 -0.0337336 0.9968204 0.07843506 -0.01404124 0.9668033 0.008957922 -0.2553647 0.9939295 0.05944204 -0.09257906 0.9314156 -0.02651703 -0.3629904 0.9946777 0.06836795 -0.07708483 0.983772 0.03919106 -0.1750908 0.9638169 0.0117619 -0.2663058 0.9276714 -0.02525681 -0.3725425 0.9264853 -0.02090078 -0.3757504 0.989162 0.05167543 -0.1374349 0.967611 0.01642411 -0.2519111 0.9714351 0.02102065 -0.2363727 0.9315559 -0.0216329 -0.3629541 0.935713 -0.0180822 -0.3522986 0.9939414 0.07363355 -0.08160108 0.9879595 0.05508565 -0.1445749 0.9893679 0.05989056 -0.1325313 0.9321535 -0.01713722 -0.3616579 0.9686717 0.02389186 -0.2471927 0.9874411 0.06065583 -0.1458804 0.9285245 -0.01588708 -0.370931 0.9272559 -0.01214599 -0.3742313 0.9365701 -0.009740769 -0.3503452 0.9319176 -0.01178586 -0.3624786 0.9811886 0.05055308 -0.1863154 0.9769998 0.04527056 -0.2083792 0.9657896 0.02595859 -0.2580245 0.9694752 0.03117966 -0.2431989 0.9731497 0.03636366 -0.2272828 0.99313 0.0907011 -0.0739336 0.9320442 -0.009512007 -0.3622197 0.9885788 0.07265746 -0.1320337 0.9799771 0.05511796 -0.1913297 0.970493 0.03848552 -0.2380385 0.9923101 0.09602683 -0.07810062 0.9800581 0.1601933 0.1175776 0.9877483 0.07751744 -0.135441 0.9294607 -0.00754702 -0.3688442 0.9288008 -0.003203272 -0.3705658 0.9334912 -0.003559112 -0.3585829 0.9378981 -3.2084e-4 -0.3469109 0.9891235 0.08681362 -0.1187356 0.9797399 0.165237 0.1131655 0.9677703 0.03980505 -0.248669 0.9713023 0.04565602 -0.2334251 0.9747734 0.05150675 -0.2171731 0.9346727 0.001031875 -0.3555081 0.9819187 0.1640143 0.09452581 0.9882079 0.09190684 -0.1224684 0.9804363 0.1692631 0.1004725 0.9790812 0.173474 0.1063337 0.972159 0.05344748 -0.2281456 0.9810605 0.1711137 0.09077727 0.9311945 0.001675546 -0.364519 0.9307526 0.005524158 -0.365608 0.9354782 0.005939185 -0.3533346 0.9399212 0.01020091 -0.341239 0.9828202 0.1685634 0.07517182 0.9854536 0.08903813 -0.1447532 0.9813714 0.1741636 0.081101 0.9799951 0.1788764 0.08725196 0.9701183 0.05488038 -0.2363446 0.9367679 0.01073604 -0.3497864 0.9732609 0.06162637 -0.2212815 0.9764029 0.06782662 -0.205029 0.9818266 0.1758838 0.07128381 0.9845318 0.09382039 -0.1479697 0.983447 0.1725022 0.05545228 0.9820464 0.1784018 0.06130015 0.933422 0.01054638 -0.3586254 0.9331941 0.01387459 -0.3591049 0.9378114 0.01544052 -0.3468015 0.9806897 0.1835811 0.06742268 0.9422981 0.02028226 -0.3341599 0.9742321 0.06964063 -0.2145277 0.982315 0.180023 0.05146783 0.9839674 0.1041397 -0.1447868 0.9809134 0.1075025 -0.1620255 0.983784 0.1758229 0.03542977 0.939281 0.01997816 -0.342567 0.9843262 0.1088622 -0.1387481 0.9749858 0.07718825 -0.2084342 0.9824361 0.1820052 0.04115271 0.9719353 0.07057696 -0.2244123 0.9702526 0.07492834 -0.2302078 0.9776704 0.08389919 -0.1926698 0.9811277 0.1875044 0.04722958 0.9839084 0.1137186 -0.1378128 0.9825407 0.1833915 0.03132748 0.9361115 0.01900714 -0.3511897 0.9360867 0.02179551 -0.3510935 0.9405424 0.02445548 -0.3387951 0.9450263 0.02985966 -0.3256283 0.9838207 0.1785025 0.01528537 0.9755599 0.0861786 -0.2021296 0.9825702 0.1847118 0.02091318 0.9812964 0.1906254 0.02682125 0.969372 0.2199169 0.1093367 0.9677156 0.2290229 0.105239 0.9677861 0.2255733 0.1118345 0.9678732 0.2221816 0.1177152 0.9421377 0.02851909 -0.3340108 0.9693967 0.2225733 0.1035925 0.9824987 0.1859458 0.01098436 0.9694375 0.2237619 0.1006062 0.9675952 0.2321559 0.09931427 0.9667397 0.06602174 -0.247094 0.9785166 0.09867513 -0.1810209 0.9835625 0.1805061 -0.004718542 0.9571192 0.05160135 -0.2850615 0.973981 0.08846378 -0.208651 0.969485 0.2249466 0.09745764 0.9764351 0.09543144 -0.1935653 0.9725311 0.09925627 -0.2105507 0.9824165 0.1867017 6.04978e-4 0.9476671 0.03556954 -0.3172729 0.9392309 0.02695935 -0.342226 0.9391491 0.02866542 -0.3423119 0.9811994 0.1928905 0.006404638 0.9432016 0.03284603 -0.3305936 0.971039 0.2227741 0.08634209 0.9696604 0.2265606 0.09181076 0.9697554 0.2247902 0.09509962 0.9822068 0.187583 -0.009083926 0.9782469 0.1126033 -0.1742226 0.975899 0.104497 -0.1915766 0.9695163 0.2288282 0.08761155 0.9830166 0.1819131 -0.02420961 0.9710983 0.2251964 0.07908844 0.9436517 0.0345453 -0.3291324 0.9680131 0.2336279 0.09148013 0.9672444 0.2388679 0.0859096 0.9672483 0.23625 0.0928263 0.9820234 0.1878521 -0.01848477 0.9695062 0.2303776 0.08356982 0.969636 0.2310429 0.08015829 0.971138 0.2271709 0.07269442 0.9700423 0.0820735 -0.2286523 0.9762922 0.1122428 -0.1850816 0.9808679 0.1942244 -0.0132336 0.9696298 0.2321265 0.07704252 0.9816236 0.1887269 -0.02823674 0.9507628 0.04504317 -0.3066288 0.9696592 0.2329605 0.07409781 0.9463238 0.04008388 -0.3207253 0.9681327 0.236831 0.08142596 0.967214 0.2413454 0.07905519 0.9422743 0.03364109 -0.333148 0.9429259 0.03537148 -0.3311188 0.9821999 0.1826471 -0.04385954 0.9712485 0.2293318 0.06390112 0.9697974 0.2335097 0.07047295 0.9697999 0.08872306 -0.2271924 0.9813143 0.1885735 -0.03824222 0.9681627 0.2389112 0.07471585 0.9672234 0.2434816 0.07208281 0.9696977 0.2350288 0.06669336 0.9786063 0.1273768 -0.1615704 0.9802306 0.1951251 -0.03277683 0.9758131 0.1159495 -0.1853229 0.9712778 0.2312277 0.05615407 0.9483615 0.04322099 -0.3142331 0.9681789 0.2406306 0.06875079 0.9672647 0.2452743 0.06511366 0.9697456 0.2360666 0.06217777 0.9770153 0.1241796 -0.1732648 0.9807412 0.1893076 -0.04805666 0.9697579 0.23699 0.05835521 0.9712957 0.2326563 0.04955667 0.9811377 0.1827086 -0.063138 0.9697595 0.2376979 0.05537319 0.9803804 0.1883977 -0.05797129 0.9682196 0.2424083 0.06155544 0.9672567 0.247065 0.05808115 0.9540029 0.05148148 -0.2953443 0.977895 0.1397675 -0.1555194 0.9504244 0.04542171 -0.3076207 0.9763951 0.1335855 -0.1697276 0.9697744 0.2383658 0.05214679 0.9459911 0.03914678 -0.3218206 0.9460883 0.04062259 -0.3213516 0.9793802 0.1950302 -0.05270361 0.9737896 0.1140317 -0.1968012 0.9713622 0.2338241 0.042212 0.9697999 0.238918 0.04905408 0.9682247 0.244044 0.05462294 0.9672688 0.248576 0.05100029 0.9795335 0.1885461 -0.07045966 0.9697996 0.2396631 0.04527997 0.9761532 0.1420727 -0.1641355 0.9713505 0.2350909 0.03479218 0.9720782 0.1142639 -0.2049584 0.9524063 0.05132687 -0.3004796 0.9698156 0.2404149 0.04072493 0.968244 0.2454356 0.04759168 0.9672951 0.2498291 0.04388463 0.9653775 0.08756422 -0.2457216 0.971359 0.2359483 0.02810925 0.9698185 0.24103 0.03683292 0.9567929 0.05942642 -0.2846328 0.9785422 0.1913768 -0.0763548 0.9698179 0.2414761 0.03380304 0.9682682 0.2467049 0.03991913 0.9672855 0.2510177 0.03672635 0.9540272 0.05317795 -0.2949647 0.9698265 0.2418782 0.030523 0.971386 0.2366076 0.02064549 0.9498263 0.04801201 -0.3090711 0.9499079 0.04632973 -0.3090769 0.9698365 0.2422065 0.0274437 0.97542 0.1478907 -0.1633529 0.9761753 0.1552112 -0.1516296 0.9584959 0.06738948 -0.2770279 0.9551677 0.05891484 -0.2901442 0.9682704 0.2477366 0.03285205 0.967294 0.251933 0.02953082 0.9698367 0.242615 0.02355593 0.9713321 0.2373595 0.0132097 0.9557111 0.06243902 -0.2876068 0.9698194 0.2430841 0.01898872 0.9682847 0.2485201 0.02573943 0.9673161 0.2525892 0.02232325 0.9713315 0.2376406 0.006480395 0.9698274 0.2433249 0.01509493 0.9562754 0.06574273 -0.2849832 0.9528037 0.05676007 -0.2982341 0.9522874 0.05603164 -0.3000152 0.9698163 0.2435418 0.0119915 0.9604735 0.0795601 -0.2667598 0.9740152 0.1468508 -0.1724218 0.97132 0.2377721 -0.001473546 0.9574704 0.07256281 -0.2792585 0.9698101 0.2437065 0.0086928 0.9682773 0.2492284 0.01801109 0.9673021 0.2531766 0.01511025 0.9698143 0.24378 0.005631685 0.975263 0.1675778 -0.1441521 0.9547383 0.06703943 -0.289794 0.9544187 0.06868201 -0.2904615 0.9698073 0.2438669 0.001692831 0.9727827 0.1485317 -0.1778547 0.9682739 0.2496554 0.01085335 0.9673071 0.2534857 0.007881641 0.9712461 0.2378494 -0.01042723 0.9586464 0.08039289 -0.2730094 0.9697688 0.2440089 -0.002891123 0.9682878 0.2498095 0.00372523 0.9673282 0.2535268 6.45036e-4 0.9619607 0.09226745 -0.2571353 0.9711901 0.2375541 -0.01892 0.9698806 0.2434824 -0.006935715 0.9597692 0.08607912 -0.2672706 0.9697527 0.2438597 -0.01060158 0.9696317 0.2441654 -0.01405894 0.9625517 0.1003109 -0.2518573 0.9566254 0.07956194 -0.2802459 0.9558351 0.07937681 -0.2829818 0.9598526 0.09129762 -0.2652311 0.96826 0.2499189 -0.003646135 0.9673024 0.2535408 -0.006572067 0.9732232 0.1729977 -0.1513553 0.9736057 0.1775903 -0.1433655 0.973754 0.1790065 -0.14057 0.9738582 0.1825342 -0.1352092 0.960233 0.09499484 -0.2625424 0.969661 0.2437618 -0.01837843 0.9630866 0.1054967 -0.2476584 0.9682415 0.2497958 -0.01051086 0.9673536 0.2530517 -0.01385223 0.9577005 0.08837032 -0.2738622 0.9569755 0.08977746 -0.275931 0.9606752 0.09868258 -0.2595475 0.9699324 0.2423119 -0.02272206 0.9634793 0.1094441 -0.2443967 0.9609655 0.1017905 -0.2572625 0.9703246 0.2403718 -0.02630186 0.9639292 0.1138925 -0.2405596 0.9701877 0.240671 -0.02851915 0.9613105 0.1048814 -0.2547198 0.9681962 0.2494961 -0.01865297 0.9672969 0.2527752 -0.02101427 0.958696 0.09616041 -0.267685 0.9579077 0.09773033 -0.2699291 0.9614531 0.1072998 -0.2531694 0.9701479 0.2403725 -0.032157 0.964391 0.1195361 -0.2359265 0.9618094 0.1098151 -0.2507255 0.9699133 0.2408428 -0.03553968 0.968195 0.2489345 -0.02510333 0.9672867 0.2521034 -0.02829372 0.9620625 0.1126162 -0.2485026 0.9695819 0.2415443 -0.03958898 0.9594328 0.1034749 -0.2622625 0.95871 0.1046974 -0.2644118 0.96232 0.1152043 -0.2463089 0.9681349 0.2482016 -0.03332936 0.9678037 0.2481133 -0.04238027 0.9675052 0.2502931 -0.03587949 0.9625612 0.1179627 -0.2440512 0.9649149 0.1282063 -0.2291339 0.9693641 0.2407023 -0.04894685 0.9686899 0.241731 -0.05662274 0.9679756 0.2460891 -0.04963254 0.9628049 0.1205002 -0.24184 0.960118 0.1106132 -0.2567843 0.9593821 0.1111109 -0.2593076 0.963005 0.1247107 -0.2388905 0.9607141 0.1167373 -0.2517955 0.9599781 0.1175907 -0.2541943 0.9613318 0.1232689 -0.2462643 0.9606838 0.1240108 -0.248411 0.96322 0.1297349 -0.2353213 0.963871 0.1385322 -0.2275118 0.9628733 0.1409682 -0.230224 0.9619264 0.1313359 -0.2396847 0.9610943 0.1295217 -0.2439715 0.9618445 0.1362285 -0.2372703 0.9665175 -0.1856575 0.1771311 0.9680171 -0.1772773 0.1775271 0.9816427 -0.1904338 0.01061493 0.9823619 -0.1765109 0.06171733 0.9849886 -0.1723299 0.01000404 0.9846659 -0.168868 -0.0437805 0.9856106 -0.1639684 -0.0410639 0.9571388 -0.07088756 0.2808206 0.9564906 -0.06734848 0.2838835 0.9573635 -0.06323581 0.2818802 0.9680065 -0.1328606 -0.2128655 0.9656314 -0.1230605 -0.2289375 0.9675127 -0.1167173 -0.2242683 0.961547 -0.03775829 0.2720327 0.9611439 -0.03425961 0.2739139 0.9620317 -0.03024941 0.2712563 0.9994338 0.006678283 -0.03297996 0.9987049 0.009537816 -0.04997706 0.9992098 0.01256418 -0.03771233 0.9997725 0.02133214 -2.41938e-4 0.9993736 0.01709091 -0.03098726 0.9986633 0.01811832 -0.04840821 0.9995447 0.0252223 -0.01656728 0.9995559 0.02860254 -0.008362174 0.9994909 0.03190684 -1.90428e-4 0.9992279 0.03571039 -0.01638555 0.9991177 0.0419892 9.10661e-4 0.9988715 0.04712003 -0.00597769 0.9978918 0.05728018 0.03051424 0.9986633 0.05159056 0.003167927 0.9977238 0.06334793 0.02311772 0.9972409 0.06695556 0.03205645 0.9971105 0.07495987 0.01232111 0.9979824 0.06274777 -0.009690463 0.9977778 0.06662166 -0.00102818 0.9967418 0.05271393 -0.06105011 0.9973297 0.07250338 -0.008758902 0.9962629 0.08233785 0.02609342 0.9961003 0.0582354 -0.06627845 0.9564198 -0.008079528 -0.2918834 0.955904 -0.004440784 -0.2936457 0.9568056 -8.79019e-4 -0.2907272 0.9801386 0.03409606 -0.1953607 0.992538 0.06837481 -0.1009618 0.9787756 0.03901755 -0.2011862 0.9947633 0.08961349 -0.049147 0.9909429 0.06959676 -0.1148419 0.99189 0.07443237 -0.1030244 0.9908639 0.07791781 -0.1100802 0.9939731 0.0953167 -0.05415165 0.9651357 0.04823517 -0.2572673 0.9647447 0.05241262 -0.2579163 0.9656392 0.05560117 -0.2538688 0.9691071 0.2127427 0.1247884 0.9676306 0.2195282 0.1244925 0.9678096 0.2149095 0.1309902 0.9686644 0.2079717 0.1357833 0.9624014 -0.182708 0.2010008 0.9987038 0.04388678 -0.02578186 0.9980297 0.04726231 -0.04127013 0.9981568 0.05079889 -0.03320699 0.9982103 0.05425548 -0.02515268 0.997523 0.05752664 -0.04048097 0.9963151 0.08576405 8.71153e-4 0.9958842 0.08741712 -0.0239374 0.9951313 0.09386903 -0.03003752</float_array>
          <technique_common>
            <accessor source="#geometry_d1f4fab5_125d_4960_be12_3b1e18be1137-mesh-normals-array" count="2540" stride="3">
              <param name="X" type="float"/>
              <param name="Y" type="float"/>
              <param name="Z" type="float"/>
            </accessor>
          </technique_common>
        </source>
        <vertices id="geometry_d1f4fab5_125d_4960_be12_3b1e18be1137-mesh-vertices">
          <input semantic="POSITION" source="#geometry_d1f4fab5_125d_4960_be12_3b1e18be1137-mesh-positions"/>
        </vertices>
        <triangles material="mat_0-material" count="4942">
          <input semantic="VERTEX" source="#geometry_d1f4fab5_125d_4960_be12_3b1e18be1137-mesh-vertices" offset="0"/>
          <input semantic="NORMAL" source="#geometry_d1f4fab5_125d_4960_be12_3b1e18be1137-mesh-normals" offset="1"/>
          <p>0 0 1 1 2 2 0 0 3 3 1 1 4 4 2 2 5 5 4 4 5 5 6 6 4 4 0 0 2 2 7 7 4 4 6 6 8 8 6 6 9 9 8 8 9 9 10 10 8 8 7 7 6 6 11 11 10 10 12 12 11 11 8 8 10 10 13 13 11 11 12 12 14 14 12 12 15 15 14 14 13 13 12 12 16 16 15 15 17 17 16 16 17 17 18 18 16 16 14 14 15 15 19 19 16 16 18 18 20 20 18 18 21 21 20 20 19 19 18 18 22 22 21 21 23 23 22 22 20 20 21 21 24 24 23 23 25 25 24 24 22 22 23 23 26 26 25 25 27 27 26 26 24 24 25 25 28 28 27 27 29 29 28 28 26 26 27 27 30 30 29 29 31 31 30 30 28 28 29 29 32 32 31 31 33 33 32 32 30 30 31 31 34 34 33 33 35 35 34 34 32 32 33 33 36 36 35 35 37 37 36 36 34 34 35 35 38 38 36 36 37 37 38 38 37 37 39 39 40 40 38 38 39 39 40 40 39 39 41 41 40 40 41 41 42 42 43 43 40 40 42 42 44 44 43 43 42 42 44 44 42 42 45 45 44 44 45 45 46 46 47 47 44 44 46 46 48 48 47 47 46 46 48 48 46 46 49 49 48 48 49 49 50 50 51 51 48 48 50 50 52 52 50 50 53 53 52 52 51 51 50 50 54 54 53 53 55 55 54 54 55 55 56 56 54 54 52 52 53 53 57 57 56 56 58 58 57 57 54 54 56 56 59 59 57 57 58 58 60 60 58 58 61 61 60 60 61 61 62 62 60 60 59 59 58 58 63 63 60 60 62 62 64 64 62 62 65 65 64 64 65 65 66 66 64 64 63 63 62 62 67 67 64 64 66 66 68 68 66 66 69 69 68 68 69 69 70 70 68 68 67 67 66 66 71 71 68 68 70 70 72 72 70 70 73 73 72 72 71 71 70 70 74 74 73 73 75 75 74 74 72 72 73 73 76 76 75 75 77 77 76 76 74 74 75 75 78 78 77 77 79 79 78 78 76 76 77 77 80 80 79 79 81 81 80 80 81 81 82 82 80 80 78 78 79 79 83 83 80 80 82 82 84 84 82 82 85 85 84 84 83 83 82 82 86 86 84 84 85 85 86 86 85 85 87 87 88 88 86 86 87 87 88 88 87 87 89 89 90 90 88 88 89 89 90 90 89 89 91 91 92 92 90 90 91 91 92 92 91 91 93 93 94 94 92 92 93 93 94 94 93 93 95 95 96 96 94 94 95 95 96 96 95 95 97 97 98 98 96 96 97 97 98 98 97 97 99 99 100 100 98 98 99 99 100 100 99 99 101 101 102 102 100 100 101 101 102 102 101 101 103 103 104 104 102 102 103 103 104 104 103 103 105 105 106 106 104 104 105 105 106 106 105 105 107 107 108 108 106 106 107 107 108 108 107 107 109 109 110 110 108 108 109 109 110 110 109 109 111 111 112 112 111 111 113 113 112 112 110 110 111 111 114 114 113 113 115 115 114 114 112 112 113 113 116 116 115 115 117 117 116 116 114 114 115 115 118 118 117 117 119 119 118 118 116 116 117 117 120 120 119 119 121 121 120 120 118 118 119 119 122 122 121 121 123 123 122 122 120 120 121 121 124 124 123 123 125 125 124 124 122 122 123 123 126 126 125 125 127 127 126 126 124 124 125 125 128 128 129 128 130 128 130 128 129 128 131 128 132 128 133 128 128 128 128 128 133 128 129 128 132 128 134 128 133 128 135 128 134 128 132 128 135 128 136 128 134 128 137 128 136 128 135 128 137 128 138 128 136 128 139 128 138 128 137 128 139 128 140 128 138 128 141 128 140 128 139 128 141 128 142 128 140 128 143 128 142 128 141 128 143 128 144 128 142 128 145 128 144 128 143 128 145 128 146 128 144 128 147 128 146 128 145 128 147 128 148 128 146 128 149 128 150 128 147 128 147 128 150 128 148 128 151 128 152 128 149 128 149 128 152 128 150 128 153 128 154 128 151 128 151 128 154 128 152 128 153 128 155 128 154 128 156 128 157 128 153 128 153 128 157 128 155 128 156 128 158 128 157 128 159 128 158 128 156 128 159 128 160 128 158 128 161 128 160 128 159 128 161 128 162 128 160 128 161 128 163 128 162 128 164 128 163 128 161 128 164 128 165 128 163 128 166 128 165 128 164 128 166 128 167 128 165 128 168 128 169 128 166 128 166 128 169 128 167 128 168 128 170 128 169 128 171 128 170 128 168 128 171 128 172 128 170 128 173 128 172 128 171 128 173 128 174 128 172 128 175 128 174 128 173 128 175 128 176 128 174 128 177 128 176 128 175 128 177 128 178 128 176 128 179 128 178 128 177 128 180 128 181 128 182 128 182 128 181 128 179 128 179 128 181 128 178 128 180 128 183 128 181 128 184 128 183 128 180 128 184 128 185 128 183 128 186 128 185 128 184 128 187 128 188 128 186 128 186 128 188 128 185 128 189 128 190 128 187 128 187 128 190 128 188 128 191 128 192 128 189 128 189 128 192 128 190 128 193 128 194 128 191 128 191 128 194 128 192 128 193 128 195 128 194 128 196 128 195 128 193 128 197 128 198 128 196 128 196 128 198 128 195 128 199 128 200 129 201 128 202 128 203 130 199 128 199 128 203 130 200 129 200 129 204 131 201 128 202 128 205 132 203 130 206 128 205 132 202 128 204 131 207 133 201 128 206 128 208 134 205 132 209 128 208 134 206 128 207 133 210 135 201 128 201 128 210 135 211 128 209 128 212 136 208 134 213 128 212 136 209 128 210 135 214 137 211 128 215 128 216 138 217 128 217 128 216 138 213 128 213 128 216 138 212 136 214 137 218 139 211 128 211 128 218 139 219 128 220 128 221 140 215 128 215 128 221 140 216 138 218 139 222 141 219 128 223 128 224 142 220 128 220 128 224 142 221 140 222 141 225 143 219 128 219 128 225 143 226 128 227 128 228 144 223 128 223 128 228 144 224 142 225 143 229 145 226 128 230 128 231 146 227 128 227 128 231 146 228 144 229 145 232 147 226 128 226 128 232 147 233 128 234 128 235 148 230 128 230 128 235 148 231 146 233 128 236 149 237 128 232 147 236 149 233 128 238 128 239 150 234 128 234 128 239 150 235 148 236 149 240 151 237 128 241 128 242 152 238 128 238 128 242 152 239 150 237 128 243 153 244 128 240 151 243 153 237 128 241 128 245 154 242 152 246 128 247 128 197 128 197 128 247 128 198 128 243 153 248 155 244 128 244 128 248 155 249 128 250 128 251 156 241 128 241 128 251 156 245 154 248 155 252 157 249 128 253 128 254 158 250 128 250 128 254 158 251 156 249 128 255 159 256 128 252 157 255 159 249 128 257 128 126 126 253 128 253 128 126 126 254 158 256 128 258 160 259 128 255 159 258 160 256 128 260 128 124 124 257 128 257 128 124 124 126 126 259 128 261 161 262 128 258 160 261 161 259 128 263 128 122 122 260 128 260 128 122 122 124 124 262 128 264 162 265 128 261 161 264 162 262 128 263 128 120 120 122 122 266 163 267 128 264 162 265 128 267 128 246 128 264 162 267 128 265 128 246 128 267 128 247 128 268 128 118 118 263 128 263 128 118 118 120 120 268 128 116 116 118 118 269 128 116 116 268 128 269 128 114 114 116 116 269 128 112 112 114 114 270 128 112 112 269 128 270 128 110 110 112 112 271 128 110 110 270 128 272 164 273 128 266 163 266 163 273 128 267 128 271 128 108 108 110 110 274 128 108 108 271 128 274 128 106 106 108 108 274 128 104 104 106 106 274 128 275 128 104 104 275 128 102 102 104 104 275 128 100 100 102 102 276 165 277 128 272 164 272 164 277 128 273 128 275 128 278 128 100 100 100 100 278 128 98 98 278 128 279 128 98 98 96 96 279 128 94 94 98 98 279 128 96 96 280 166 281 128 276 165 276 165 281 128 277 128 279 128 282 128 94 94 94 94 282 128 92 92 283 167 284 128 280 166 285 168 284 128 283 167 280 166 284 128 281 128 282 128 286 128 92 92 90 90 286 128 88 88 92 92 286 128 90 90 86 86 287 128 84 84 88 88 287 128 86 86 286 128 287 128 88 88 288 169 289 128 285 168 290 170 289 128 288 169 285 168 289 128 284 128 287 128 291 128 84 84 83 83 291 128 80 80 84 84 291 128 83 83 291 128 292 128 80 80 80 80 292 128 78 78 293 171 294 128 290 170 295 172 294 128 293 171 290 170 294 128 289 128 292 128 296 128 78 78 76 76 296 128 74 74 78 78 296 128 76 76 297 173 298 128 295 172 295 172 298 128 294 128 72 72 299 128 71 71 74 74 299 128 72 72 296 128 299 128 74 74 299 128 300 128 71 71 68 68 300 128 67 67 71 71 300 128 68 68 301 174 302 128 297 173 303 175 302 128 301 174 304 176 302 128 303 175 297 173 302 128 298 128 67 67 305 128 64 64 300 128 305 128 67 67 63 63 306 128 60 60 64 64 306 128 63 63 305 128 306 128 64 64 307 177 308 128 304 176 309 178 308 128 307 177 304 176 308 128 302 128 59 59 310 128 57 57 60 60 310 128 59 59 306 128 310 128 60 60 54 54 311 128 52 52 57 57 311 128 54 54 310 128 311 128 57 57 312 179 313 128 309 178 314 180 313 128 312 179 309 178 313 128 308 128 52 52 315 128 51 51 311 128 315 128 52 52 316 181 317 128 314 180 314 180 317 128 313 128 315 128 318 128 51 51 48 48 318 128 47 47 51 51 318 128 48 48 316 181 319 128 317 128 320 182 319 128 316 181 318 128 321 128 47 47 47 47 321 128 44 44 320 182 322 128 319 128 323 183 322 128 320 182 321 128 324 128 44 44 43 43 324 128 40 40 44 44 324 128 43 43 323 183 325 128 322 128 324 128 326 128 40 40 38 38 326 128 36 36 40 40 326 128 38 38 323 183 327 128 325 128 328 184 327 128 323 183 326 128 329 128 36 36 36 36 329 128 34 34 330 185 331 128 328 184 328 184 331 128 327 128 329 128 332 128 34 34 32 32 332 128 30 30 34 34 332 128 32 32 333 186 334 128 330 185 330 185 334 128 331 128 332 128 335 128 30 30 30 30 335 128 28 28 336 187 337 128 333 186 333 186 337 128 334 128 335 128 338 128 28 28 26 26 338 128 24 24 28 28 338 128 26 26 339 188 340 128 336 187 336 187 340 128 337 128 24 24 341 128 22 22 338 128 341 128 24 24 342 189 343 128 339 188 339 188 343 128 340 128 22 22 344 128 20 20 341 128 344 128 22 22 342 189 345 128 343 128 344 128 346 128 20 20 19 19 346 128 16 16 20 20 346 128 19 19 347 190 348 128 342 189 342 189 348 128 345 128 346 128 349 128 16 16 16 16 349 128 14 14 3 3 350 128 347 190 347 190 350 128 348 128 14 14 351 128 13 13 349 128 351 128 14 14 0 0 352 128 3 3 3 3 352 128 350 128 13 13 353 128 11 11 351 128 353 128 13 13 4 4 354 128 0 0 7 7 354 128 4 4 0 0 354 128 352 128 11 11 355 128 8 8 353 128 355 128 11 11 7 7 356 128 354 128 8 8 356 128 7 7 355 128 356 128 8 8 254 158 126 126 127 127 254 158 127 127 357 191 251 156 357 191 358 192 251 156 358 192 359 193 251 156 254 158 357 191 245 154 251 156 359 193 242 152 359 193 360 194 242 152 360 194 361 195 242 152 245 154 359 193 239 150 242 152 361 195 235 148 361 195 362 196 235 148 362 196 363 197 235 148 239 150 361 195 231 146 235 148 363 197 228 144 363 197 364 198 228 144 231 146 363 197 224 142 364 198 365 199 224 142 228 144 364 198 221 140 365 199 366 200 221 140 224 142 365 199 216 138 366 200 367 201 216 138 367 201 368 202 216 138 221 140 366 200 212 136 368 202 369 203 212 136 216 138 368 202 208 134 212 136 369 203 205 132 369 203 370 204 205 132 208 134 369 203 203 130 370 204 371 205 203 130 205 132 370 204 200 129 371 205 372 206 200 129 372 206 373 207 200 129 203 130 371 205 204 131 373 207 374 208 204 131 200 129 373 207 207 133 204 131 374 208 210 135 207 133 374 208 210 135 374 208 375 209 214 137 210 135 375 209 214 137 375 209 376 210 214 137 376 210 377 211 218 139 214 137 377 211 222 141 218 139 377 211 222 141 377 211 378 212 225 143 378 212 379 213 225 143 222 141 378 212 229 145 379 213 380 214 229 145 225 143 379 213 232 147 380 214 381 215 232 147 381 215 382 216 232 147 229 145 380 214 236 149 382 216 383 217 236 149 232 147 382 216 240 151 236 149 383 217 243 153 383 217 384 218 243 153 240 151 383 217 248 155 384 218 385 219 248 155 243 153 384 218 252 157 385 219 386 220 252 157 386 220 387 221 252 157 248 155 385 219 255 159 252 157 387 221 258 160 387 221 388 222 258 160 388 222 389 223 258 160 255 159 387 221 261 161 258 160 389 223 264 162 389 223 390 224 264 162 261 161 389 223 266 163 390 224 391 225 266 163 391 225 392 226 266 163 264 162 390 224 272 164 266 163 392 226 276 165 392 226 393 227 276 165 272 164 392 226 280 166 393 227 394 228 280 166 276 165 393 227 283 167 394 228 395 229 283 167 280 166 394 228 285 168 395 229 396 230 285 168 283 167 395 229 288 169 396 230 397 231 288 169 397 231 398 232 288 169 285 168 396 230 290 170 288 169 398 232 293 171 290 170 398 232 293 171 398 232 399 233 295 172 293 171 399 233 295 172 399 233 400 234 297 173 295 172 400 234 297 173 400 234 401 235 301 174 297 173 401 235 301 174 401 235 402 236 301 174 402 236 403 237 303 175 301 174 403 237 304 176 303 175 403 237 304 176 403 237 404 238 307 177 304 176 404 238 307 177 404 238 405 239 309 178 307 177 405 239 309 178 405 239 406 240 312 179 309 178 406 240 312 179 406 240 407 241 314 180 312 179 407 241 314 180 407 241 408 242 316 181 314 180 408 242 316 181 408 242 409 243 316 181 409 243 410 244 320 182 316 181 410 244 323 183 320 182 410 244 323 183 410 244 411 245 323 183 411 245 412 246 328 184 323 183 412 246 330 185 412 246 413 247 330 185 328 184 412 246 333 186 413 247 414 248 333 186 330 185 413 247 336 187 414 248 415 249 336 187 333 186 414 248 339 188 415 249 416 250 339 188 416 250 417 251 339 188 336 187 415 249 342 189 339 188 417 251 347 190 417 251 418 252 347 190 342 189 417 251 3 3 418 252 1 1 3 3 347 190 418 252 371 205 370 204 372 206 372 206 374 208 373 207 367 201 366 200 368 202 368 202 366 200 369 203 364 198 363 197 365 199 365 199 363 197 366 200 376 210 381 215 377 211 377 211 381 215 378 212 378 212 381 215 379 213 379 213 381 215 380 214 362 196 361 195 363 197 369 203 361 195 370 204 370 204 361 195 372 206 366 200 361 195 369 203 363 197 361 195 366 200 374 208 383 217 375 209 375 209 383 217 376 210 381 215 383 217 382 216 372 206 383 217 374 208 361 195 383 217 372 206 376 210 383 217 381 215 360 194 359 193 361 195 383 217 385 219 384 218 358 192 357 191 359 193 359 193 357 191 361 195 127 127 125 125 357 191 123 123 121 121 125 125 385 219 391 225 386 220 386 220 391 225 387 221 387 221 391 225 388 222 388 222 391 225 389 223 389 223 391 225 390 224 383 217 391 225 385 219 119 119 117 117 121 121 117 117 115 115 121 121 393 227 395 229 394 228 113 113 111 111 115 115 383 217 397 231 391 225 393 227 397 231 395 229 391 225 397 231 392 226 392 226 397 231 393 227 395 229 397 231 396 230 361 195 397 231 383 217 125 125 397 231 357 191 357 191 397 231 361 195 111 111 107 107 115 115 109 109 107 107 111 111 125 125 398 232 397 231 125 125 400 234 398 232 398 232 400 234 399 233 125 125 401 235 400 234 99 99 97 97 101 101 101 101 97 97 103 103 103 103 97 97 105 105 95 95 93 93 97 97 105 105 93 93 107 107 97 97 93 93 105 105 402 236 405 239 403 237 403 237 405 239 404 238 401 235 406 240 402 236 402 236 406 240 405 239 91 91 89 89 93 93 93 93 89 89 107 107 89 89 87 87 107 107 85 85 82 82 87 87 81 81 79 79 82 82 409 243 412 246 410 244 410 244 412 246 411 245 409 243 413 247 412 246 407 241 414 248 408 242 408 242 414 248 409 243 409 243 414 248 413 247 75 75 70 70 77 77 77 77 70 70 79 79 107 107 70 70 115 115 82 82 70 70 87 87 87 87 70 70 107 107 79 79 70 70 82 82 73 73 70 70 75 75 407 241 416 250 414 248 406 240 416 250 407 241 401 235 416 250 406 240 414 248 416 250 415 249 401 235 417 251 416 250 115 115 417 251 121 121 125 125 417 251 401 235 121 121 417 251 125 125 69 69 66 66 70 70 66 66 65 65 70 70 417 251 2 2 418 252 418 252 2 2 1 1 65 65 61 61 70 70 62 62 61 61 65 65 417 251 6 6 2 2 2 2 6 6 5 5 61 61 56 56 70 70 58 58 56 56 61 61 417 251 9 9 6 6 10 10 15 15 12 12 10 10 17 17 15 15 56 56 46 46 70 70 49 49 46 46 50 50 50 50 46 46 53 53 53 53 46 46 55 55 55 55 46 46 56 56 17 17 21 21 18 18 17 17 23 23 21 21 42 42 41 41 45 45 115 115 25 25 417 251 17 17 25 25 23 23 417 251 25 25 9 9 10 10 25 25 17 17 9 9 25 25 10 10 46 46 39 39 70 70 70 70 39 39 115 115 41 41 39 39 45 45 45 45 39 39 46 46 25 25 29 29 27 27 115 115 31 31 25 25 39 39 31 31 115 115 25 25 31 31 29 29 35 35 31 31 37 37 37 37 31 31 39 39 35 35 33 33 31 31 419 253 420 253 421 253 419 253 421 253 422 253 423 254 420 253 419 253 423 254 424 255 420 253 425 256 424 255 423 254 425 256 426 257 424 255 427 258 426 257 425 256 427 258 428 253 426 257 429 253 428 253 427 258 429 253 430 259 428 253 431 260 430 259 429 253 431 260 432 261 430 259 433 262 432 261 431 260 433 262 434 263 432 261 435 264 436 265 434 263 435 264 434 263 433 262 437 266 438 267 436 265 437 266 436 265 435 264 439 253 438 267 437 266 440 268 438 267 439 253 440 268 441 269 438 267 442 270 441 269 440 268 442 270 443 271 441 269 444 272 443 271 442 270 444 272 445 273 443 271 446 253 445 273 444 272 447 274 448 275 445 273 447 274 445 273 446 253 449 276 448 275 447 274 449 276 450 277 448 275 451 278 450 277 449 276 451 278 452 279 450 277 453 280 452 279 451 278 454 281 455 282 452 279 454 281 452 279 453 280 456 283 455 282 454 281 456 283 457 284 455 282 458 285 457 284 456 283 459 286 457 284 458 285 459 286 460 287 457 284 461 288 460 287 459 286 461 288 462 289 460 287 463 290 462 289 461 288 463 290 464 291 462 289 465 253 466 253 467 292 468 293 464 291 463 290 468 293 469 294 464 291 470 295 469 294 468 293 470 295 471 296 469 294 472 253 473 253 474 253 472 253 474 253 465 253 475 297 476 298 471 296 475 297 471 296 470 295 477 253 465 253 467 292 477 253 472 253 465 253 478 299 476 298 475 297 478 299 479 300 480 301 478 299 480 301 476 298 481 302 482 303 479 300 481 302 479 300 478 299 483 253 484 253 485 253 483 253 485 253 477 253 486 253 477 253 467 292 486 253 483 253 477 253 487 304 488 305 482 303 487 304 482 303 481 302 489 306 490 307 488 305 489 306 488 305 487 304 491 308 486 253 467 292 491 308 492 253 493 253 491 308 493 253 486 253 494 309 495 310 490 307 494 309 490 307 489 306 496 311 497 312 495 310 496 311 495 310 494 309 498 313 497 312 496 311 498 313 499 314 497 312 500 253 501 253 502 253 500 253 502 253 503 253 500 253 503 253 491 308 504 315 505 316 499 314 504 315 499 314 498 313 506 317 500 253 491 308 507 318 505 316 504 315 507 318 508 319 505 316 509 320 510 253 506 317 509 320 506 317 491 308 511 321 512 322 508 319 511 321 508 319 507 318 513 323 509 320 491 308 514 324 515 325 512 322 514 324 512 322 511 321 516 253 513 323 491 308 517 326 518 327 519 328 517 326 519 328 515 325 517 326 515 325 514 324 520 329 516 253 491 308 520 329 521 253 516 253 522 330 523 331 518 327 522 330 518 327 517 326 524 332 525 333 520 329 524 332 520 329 491 308 526 334 527 335 523 331 526 334 523 331 522 330 528 336 529 337 527 335 528 336 527 335 526 334 530 338 531 339 532 340 533 341 534 342 529 337 533 341 529 337 528 336 535 343 530 338 532 340 536 344 537 345 534 342 536 344 534 342 533 341 538 253 539 253 535 343 540 346 541 347 537 345 540 346 537 345 536 344 542 348 535 343 532 340 542 348 538 253 535 343 543 349 542 348 532 340 544 350 545 351 541 347 544 350 541 347 540 346 546 352 547 353 545 351 546 352 545 351 544 350 548 354 549 355 550 356 548 354 550 356 551 357 552 358 553 359 547 353 552 358 547 353 546 352 554 360 548 354 551 357 555 361 467 292 553 359 555 361 553 359 552 358 556 362 543 349 532 340 556 362 551 357 543 349 556 362 554 360 551 357 557 363 467 292 555 361 558 364 559 253 556 362 560 365 556 362 532 340 560 365 532 340 524 332 560 365 558 364 556 362 561 366 560 365 524 332 562 253 563 253 564 253 565 367 566 253 563 253 565 367 563 253 562 253 565 367 567 368 566 253 568 369 569 253 570 370 571 371 467 292 557 363 571 371 567 368 565 367 571 371 557 363 567 368 572 372 570 370 561 366 572 372 568 369 570 370 573 373 572 372 561 366 574 253 571 371 575 253 574 253 575 253 576 253 574 253 576 253 577 253 578 253 574 253 579 253 578 253 571 371 574 253 580 374 581 253 582 253 580 374 582 253 583 375 580 374 583 375 584 376 580 374 584 376 573 373 585 377 491 308 467 292 585 377 561 366 524 332 585 377 524 332 491 308 585 377 467 292 571 371 585 377 573 373 561 366 585 377 580 374 573 373 585 377 571 371 578 253 586 378 587 379 588 380 588 380 587 379 589 381 590 382 591 383 588 380 588 380 591 383 586 378 592 384 591 383 593 385 593 385 591 383 590 382 587 379 593 385 589 381 592 384 593 385 587 379 590 382 588 380 593 385 593 385 588 380 589 381 586 378 591 383 592 384 586 378 592 384 587 379 594 386 595 387 596 388 596 388 595 387 597 389 598 390 596 388 599 391 594 386 596 388 598 390 600 392 598 390 601 393 601 393 598 390 599 391 597 389 595 387 601 393 601 393 595 387 600 392 597 389 601 393 599 391 597 389 599 391 596 388 600 392 595 387 598 390 598 390 595 387 594 386 602 394 603 395 604 396 602 394 604 396 605 397 602 394 605 397 606 398 607 399 603 395 602 394 608 400 602 394 606 398 609 401 607 399 602 394 610 402 608 400 606 398 610 402 606 398 611 403 612 404 602 394 608 400 612 404 608 400 610 402 612 404 609 401 602 394 613 405 607 399 609 401 613 405 614 406 607 399 615 407 610 402 611 403 615 407 616 408 617 409 615 407 611 403 616 408 618 410 612 404 610 402 619 411 613 405 609 401 619 411 609 401 612 404 620 412 615 407 617 409 621 413 614 406 613 405 621 413 622 414 614 406 621 413 613 405 619 411 623 415 615 407 620 412 623 415 618 410 610 402 623 415 610 402 615 407 624 416 612 404 618 410 624 416 618 410 623 415 624 416 619 411 612 404 625 417 617 409 626 418 625 417 620 412 617 409 625 417 626 418 627 419 628 420 621 413 619 411 629 421 623 415 620 412 630 422 631 423 622 414 630 422 621 413 628 420 630 422 622 414 621 413 632 424 624 416 623 415 633 425 625 417 627 419 634 426 628 420 619 411 634 426 619 411 624 416 635 427 625 417 633 425 635 427 629 421 620 412 635 427 620 412 625 417 636 428 630 422 628 420 637 429 629 421 635 427 637 429 623 415 629 421 637 429 632 424 623 415 638 430 627 419 639 431 638 430 633 425 627 419 640 432 630 422 636 428 640 432 631 423 630 422 640 432 641 433 631 423 642 434 632 424 637 429 642 434 624 416 632 424 642 434 634 426 624 416 643 435 635 427 633 425 644 436 641 433 640 432 645 437 628 420 634 426 645 437 636 428 628 420 646 438 637 429 635 427 647 439 638 430 639 431 647 439 639 431 648 440 649 441 640 432 636 428 650 442 642 434 637 429 651 443 643 435 633 425 651 443 633 425 638 430 651 443 638 430 647 439 652 444 644 436 640 432 653 445 645 437 634 426 653 445 642 434 650 442 653 445 634 426 642 434 654 446 635 427 643 435 654 446 646 438 635 427 655 447 648 440 656 448 655 447 656 448 657 449 655 447 647 439 648 440 658 450 649 441 636 428 658 450 636 428 645 437 659 451 637 429 646 438 659 451 650 442 637 429 659 451 646 438 654 446 660 452 651 443 647 439 661 453 652 444 640 432 661 453 640 432 649 441 662 454 653 445 650 442 663 455 643 435 651 443 663 455 654 446 643 435 664 456 655 447 657 449 665 457 644 436 652 444 665 457 666 458 644 436 665 457 652 444 661 453 667 459 645 437 653 445 667 459 658 450 645 437 668 460 659 451 654 446 669 461 647 439 655 447 669 461 655 447 664 456 669 461 660 452 647 439 670 462 658 450 667 459 670 462 649 441 658 450 670 462 661 453 649 441 671 463 659 451 668 460 671 463 662 454 650 442 671 463 650 442 659 451 672 464 651 443 660 452 672 464 663 455 651 443 673 465 657 449 674 466 673 465 664 456 657 449 675 467 665 457 661 453 676 468 667 459 653 445 676 468 653 445 662 454 677 469 668 460 654 446 677 469 654 446 663 455 678 470 669 461 664 456 679 471 670 462 667 459 680 472 668 460 677 469 680 472 671 463 668 460 681 473 672 464 660 452 681 473 660 452 669 461 682 474 674 466 683 475 682 474 673 465 674 466 684 476 661 453 670 462 684 476 675 467 661 453 685 477 662 454 671 463 685 477 676 468 662 454 685 477 671 463 680 472 686 478 672 464 681 473 686 478 663 455 672 464 686 478 677 469 663 455 687 479 678 470 664 456 687 479 673 465 682 474 687 479 664 456 673 465 688 480 679 471 667 459 688 480 676 468 685 477 688 480 667 459 676 468 689 481 680 472 677 469 690 482 669 461 678 470 690 482 681 473 669 461 691 483 682 474 683 475 691 483 683 475 692 484 693 485 679 471 688 480 693 485 684 476 670 462 693 485 670 462 679 471 694 486 685 477 680 472 695 487 681 473 690 482 695 487 686 478 681 473 696 488 682 474 691 483 696 488 687 479 682 474 697 489 688 480 685 477 698 490 677 469 686 478 698 490 689 481 677 469 699 491 678 470 687 479 699 491 690 482 678 470 700 492 691 483 692 484 700 492 692 484 701 493 702 494 693 485 688 480 703 495 694 486 680 472 703 495 680 472 689 481 704 496 695 487 690 482 705 497 696 488 691 483 706 498 697 489 685 477 706 498 685 477 694 486 706 498 694 486 703 495 707 499 698 490 686 478 707 499 695 487 704 496 707 499 686 478 695 487 708 500 687 479 696 488 708 500 699 491 687 479 709 501 700 492 701 493 709 501 701 493 710 502 711 503 702 494 688 480 711 503 688 480 697 489 712 504 703 495 689 481 712 504 689 481 698 490 713 505 704 496 690 482 713 505 690 482 699 491 714 506 691 483 700 492 714 506 705 497 691 483 714 506 700 492 709 501 715 507 706 498 703 495 716 508 704 496 713 505 716 508 707 499 704 496 717 509 708 500 696 488 717 509 696 488 705 497 717 509 705 497 714 506 718 510 697 489 706 498 718 510 711 503 697 489 719 511 707 499 716 508 719 511 698 490 707 499 719 511 712 504 698 490 720 512 699 491 708 500 720 512 713 505 699 491 721 513 714 506 709 501 722 514 703 495 712 504 722 514 715 507 703 495 723 515 716 508 713 505 724 516 717 509 714 506 725 517 718 510 706 498 725 517 706 498 715 507 726 518 719 511 716 508 727 519 720 512 708 500 727 519 717 509 724 516 727 519 708 500 717 509 728 520 712 504 719 511 728 520 722 514 712 504 729 521 720 512 727 519 729 521 713 505 720 512 729 521 723 515 713 505 730 522 724 516 714 506 730 522 714 506 721 513 731 523 725 517 715 507 731 523 715 507 722 514 732 524 726 518 716 508 732 524 716 508 723 515 733 525 727 519 724 516 734 526 719 511 726 518 734 526 728 520 719 511 734 526 726 518 732 524 735 527 727 519 733 525 735 527 729 521 727 519 736 528 728 520 734 526 736 528 731 523 722 514 736 528 722 514 728 520 737 529 723 515 729 521 737 529 732 524 723 515 737 529 729 521 735 527 738 530 724 516 730 522 738 530 733 525 724 516 739 531 734 526 732 524 739 531 732 524 737 529 740 532 735 527 733 525 741 533 736 528 734 526 742 534 737 529 735 527 743 535 739 531 737 529 744 536 733 525 738 530 744 536 740 532 733 525 745 537 734 526 739 531 745 537 741 533 734 526 746 538 735 527 740 532 746 538 742 534 735 527 747 539 737 529 742 534 747 539 742 534 746 538 747 539 743 535 737 529 748 540 739 531 743 535 748 540 745 537 739 531 749 541 740 532 744 536 749 541 746 538 740 532 750 542 747 539 746 538 751 543 743 535 747 539 751 543 747 539 750 542 751 543 748 540 743 535 752 544 746 538 749 541 752 544 750 542 746 538 753 545 751 543 750 542 754 546 750 542 752 544 754 546 753 545 750 542 755 547 756 548 757 549 758 550 755 547 757 549 759 551 756 548 755 547 760 552 761 553 756 548 760 552 756 548 759 551 762 554 763 555 761 553 762 554 761 553 760 552 764 556 755 547 758 550 764 556 759 551 755 547 765 557 759 551 764 556 766 558 767 559 763 555 766 558 763 555 762 554 768 560 760 552 759 551 768 560 759 551 765 557 769 561 758 550 770 562 769 561 764 556 758 550 771 563 764 556 769 561 772 564 762 554 760 552 772 564 760 552 768 560 773 565 766 558 762 554 773 565 762 554 772 564 774 566 770 562 775 567 774 566 769 561 770 562 776 568 769 561 774 566 776 568 771 563 769 561 777 569 766 558 773 565 778 570 779 571 767 559 778 570 767 559 766 558 778 570 766 558 777 569 780 572 781 573 782 574 780 572 775 567 781 573 783 575 775 567 780 572 783 575 774 566 775 567 784 576 774 566 783 575 784 576 776 568 774 566 785 577 765 557 764 556 785 577 768 560 765 557 785 577 764 556 771 563 786 578 787 579 788 580 786 578 782 574 787 579 789 581 780 572 782 574 789 581 782 574 786 578 790 582 780 572 789 581 790 582 783 575 780 572 791 583 778 570 777 569 792 584 785 577 771 563 792 584 605 397 604 396 792 584 604 396 785 577 792 584 771 563 776 568 793 585 794 586 779 571 793 585 779 571 778 570 795 587 778 570 791 583 795 587 793 585 778 570 796 588 789 581 786 578 797 589 796 588 786 578 797 589 786 578 788 580 798 590 604 396 603 395 798 590 791 583 777 569 799 591 788 580 800 592 799 591 797 589 788 580 799 591 800 592 801 593 802 594 794 586 793 585 803 595 776 568 784 576 803 595 792 584 776 568 804 596 797 589 799 591 805 597 799 591 801 593 805 597 804 596 799 591 806 598 805 597 801 593 807 599 806 598 801 593 807 599 801 593 808 600 809 601 793 585 795 587 810 602 811 603 812 604 810 602 813 605 811 603 810 602 807 599 808 600 810 602 808 600 813 605 814 606 783 575 790 582 814 606 784 576 783 575 814 606 803 595 784 576 815 607 793 585 809 601 815 607 802 594 793 585 816 608 798 590 603 395 816 608 795 587 791 583 816 608 791 583 798 590 816 608 809 601 795 587 817 609 818 610 810 602 817 609 810 602 812 604 819 611 802 594 815 607 819 611 820 612 802 594 821 613 817 609 812 604 822 614 812 604 823 615 822 614 821 613 812 604 824 616 823 615 825 617 824 616 822 614 823 615 826 618 814 606 790 582 826 618 790 582 789 581 826 618 789 581 796 588 827 619 825 617 828 620 827 619 824 616 825 617 829 621 830 622 831 623 829 621 827 619 828 620 829 621 832 624 830 622 829 621 828 620 832 624 833 625 820 612 819 611 834 626 826 618 796 588 834 626 797 589 804 596 834 626 796 588 797 589 835 627 829 621 831 623 836 628 820 612 833 625 836 628 837 629 820 612 838 630 835 627 831 623 839 631 838 630 831 623 839 631 831 623 840 632 841 633 819 611 815 607 841 633 833 625 819 611 842 634 840 632 843 635 842 634 839 631 840 632 844 636 842 634 843 635 844 636 845 637 846 638 844 636 843 635 845 637 847 639 846 638 848 640 847 639 844 636 846 638 849 641 848 640 850 642 849 641 847 639 848 640 851 643 837 629 836 628 852 644 850 642 853 645 852 644 849 641 850 642 854 646 852 644 853 645 854 646 853 645 855 647 856 648 837 629 851 643 856 648 857 649 837 629 858 650 855 647 859 651 858 650 854 646 855 647 860 652 851 643 836 628 860 652 833 625 841 633 860 652 836 628 833 625 861 653 859 651 862 654 861 653 858 650 859 651 863 655 861 653 862 654 864 656 857 649 856 648 865 657 863 655 862 654 865 657 866 658 867 659 865 657 862 654 866 658 868 660 869 661 870 662 868 660 865 657 867 659 868 660 867 659 869 661 871 663 857 649 864 656 871 663 872 664 857 649 873 665 870 662 874 666 873 665 868 660 870 662 875 667 856 648 851 643 875 667 864 656 856 648 875 667 871 663 864 656 875 667 851 643 860 652 876 668 873 665 874 666 876 668 874 666 877 669 878 670 872 664 871 663 879 671 877 669 880 672 879 671 876 668 877 669 881 673 880 672 882 674 881 673 879 671 880 672 883 675 882 674 884 676 883 675 881 673 882 674 885 677 872 664 878 670 885 677 886 678 872 664 887 679 883 675 884 676 888 680 887 679 884 676 889 681 886 678 885 677 889 681 890 682 886 678 891 683 878 670 871 663 891 683 885 677 878 670 892 684 893 685 894 686 892 684 895 687 893 685 892 684 888 680 884 676 892 684 894 686 896 688 892 684 884 676 895 687 892 684 897 689 888 680 898 690 892 684 896 688 899 691 890 682 889 681 900 692 896 688 901 693 900 692 898 690 896 688 902 694 900 692 901 693 903 695 890 682 899 691 903 695 904 696 890 682 905 697 902 694 901 693 906 698 889 681 885 677 906 698 899 691 889 681 906 698 885 677 891 683 907 699 904 696 903 695 908 700 901 693 909 701 908 700 905 697 901 693 908 700 910 702 905 697 908 700 909 701 911 703 912 704 908 700 911 703 913 705 904 696 907 699 913 705 914 706 904 696 915 707 908 700 912 704 916 708 899 691 906 698 916 708 907 699 903 695 916 708 913 705 907 699 916 708 903 695 899 691 917 709 915 707 912 704 918 710 914 706 913 705 919 711 917 709 912 704 919 711 912 704 920 712 919 711 921 713 917 709 919 711 920 712 922 714 923 715 914 706 918 710 923 715 924 716 914 706 925 717 921 713 919 711 926 718 925 717 919 711 926 718 919 711 922 714 927 719 918 710 913 705 927 719 913 705 916 708 928 720 921 713 925 717 929 721 925 717 926 718 929 721 928 720 925 717 930 722 924 716 923 715 930 722 931 723 924 716 932 724 928 720 929 721 933 725 929 721 926 718 933 725 926 718 934 726 933 725 932 724 929 721 935 727 931 723 930 722 936 728 933 725 934 726 937 729 928 720 932 724 938 730 933 725 936 728 938 730 932 724 933 725 938 730 937 729 932 724 939 731 940 732 931 723 939 731 931 723 935 727 941 733 935 727 930 722 942 734 937 729 938 730 943 735 938 730 936 728 943 735 936 728 944 736 943 735 942 734 938 730 945 737 937 729 942 734 946 738 940 732 939 731 947 739 942 734 943 735 947 739 945 737 942 734 948 740 949 741 940 732 948 740 940 732 946 738 950 742 939 731 935 727 950 742 935 727 941 733 950 742 946 738 939 731 951 743 947 739 943 735 951 743 943 735 944 736 951 743 944 736 952 744 953 745 710 502 701 493 953 745 945 737 947 739 954 746 949 741 948 740 955 747 665 457 675 467 955 747 956 748 957 749 958 750 947 739 951 743 958 750 953 745 947 739 959 751 960 752 961 753 959 751 952 744 960 752 962 754 958 750 951 743 962 754 952 744 959 751 962 754 951 743 952 744 963 755 953 745 958 750 963 755 958 750 962 754 963 755 710 502 953 745 964 756 965 757 949 741 964 756 949 741 954 746 966 758 956 748 955 747 966 758 675 467 684 476 966 758 955 747 675 467 966 758 967 759 956 748 968 760 963 755 962 754 969 761 959 751 961 753 969 761 962 754 959 751 969 761 968 760 962 754 970 762 965 757 964 756 970 762 971 763 965 757 972 764 964 756 954 746 973 765 974 766 975 767 973 765 957 749 956 748 976 768 963 755 968 760 976 768 968 760 969 761 977 769 978 770 967 759 977 769 966 758 684 476 977 769 967 759 966 758 977 769 684 476 693 485 979 771 969 761 961 753 979 771 976 768 969 761 979 771 961 753 980 772 981 773 971 763 970 762 982 774 976 768 979 771 983 775 984 776 985 777 983 775 986 778 975 767 987 779 974 766 973 765 987 779 973 765 956 748 987 779 988 780 974 766 987 779 956 748 967 759 989 781 693 485 702 494 989 781 977 769 693 485 989 781 978 770 977 769 989 781 990 782 978 770 991 783 992 784 971 763 991 783 971 763 981 773 993 785 979 771 980 772 993 785 982 774 979 771 993 785 980 772 994 786 995 787 970 762 964 756 995 787 981 773 970 762 995 787 991 783 981 773 995 787 964 756 972 764 996 788 982 774 993 785 997 789 709 501 710 502 998 790 997 789 996 788 999 791 992 784 991 783 1000 792 993 785 994 786 1000 792 996 788 993 785 1000 792 994 786 1001 793 1000 792 998 790 996 788 1002 794 974 766 988 780 1002 794 1003 795 1004 796 1005 797 997 789 998 790 1006 798 992 784 999 791 1006 798 1007 799 992 784 1008 800 978 770 990 782 1008 800 1009 801 1010 802 1011 803 991 783 995 787 1011 803 999 791 991 783 1012 804 1007 799 1006 798 1012 804 1013 805 1007 799 1014 806 1013 805 1012 804 1014 806 1015 807 1013 805 1016 808 709 501 997 789 1016 808 997 789 1005 797 1017 809 1015 807 1014 806 1017 809 1018 810 1015 807 1019 811 1016 808 1005 797 1020 812 984 776 1004 796 1020 812 1021 813 1022 814 1023 815 1000 792 1001 793 1023 815 998 790 1000 792 1023 815 1019 811 1005 797 1023 815 1001 793 1024 816 1023 815 1005 797 998 790 1025 817 1018 810 1017 809 1026 818 1003 795 1002 794 1026 818 1002 794 988 780 1026 818 1027 819 1003 795 1026 818 988 780 1010 802 1028 820 1029 821 1030 822 1028 820 718 510 725 517 1031 823 1016 808 1019 811 1032 824 1033 825 1034 826 1032 824 1035 827 1022 814 1036 828 1021 813 1020 812 1036 828 1037 829 1021 813 1036 828 1004 796 1003 795 1036 828 1020 812 1004 796 1038 830 1039 831 1027 819 1038 830 1027 819 1026 818 1038 830 1026 818 1010 802 1038 830 1010 802 1009 801 1040 832 1041 833 1042 834 1040 832 1043 835 1030 822 1044 836 1045 837 1046 838 1044 836 1047 839 1045 837 1048 840 1031 823 1019 811 1048 840 1023 815 1024 816 1048 840 1049 841 1031 823 1048 840 1019 811 1023 815 1050 842 1051 843 1047 839 1050 842 1047 839 1044 836 1052 844 1053 845 1033 825 1052 844 1032 824 1022 814 1052 844 1033 825 1032 824 1052 844 1022 814 1021 813 1054 846 1003 795 1027 819 1054 846 1055 847 1037 829 1054 846 1036 828 1003 795 1054 846 1037 829 1036 828 1056 848 1051 843 1050 842 1057 849 1058 850 1049 841 1059 851 1039 831 1038 830 1059 851 1060 852 1039 831 1059 851 1038 830 1009 801 1059 851 1009 801 1042 834 1061 853 1041 833 1040 832 1061 853 1062 854 1041 833 1061 853 1030 822 1029 821 1061 853 1040 832 1030 822 1063 855 1051 843 1056 848 1063 855 1064 856 1051 843 1065 857 1057 849 1049 841 1065 857 1049 841 1048 840 1066 858 1064 856 1063 855 1066 858 1067 859 1064 856 1068 860 1069 861 1070 862 1068 860 1034 826 1033 825 1071 863 1052 844 1021 813 1071 863 1072 864 1053 845 1071 863 1021 813 1037 829 1071 863 1053 845 1052 844 1073 865 1067 859 1066 858 1073 865 1074 866 1067 859 1075 867 1057 849 1065 857 1075 867 1058 850 1057 849 1076 868 1077 869 1055 847 1076 868 1054 846 1027 819 1076 868 1027 819 1039 831 1076 868 1055 847 1054 846 1078 870 1074 866 1073 865 1079 871 1042 834 1041 833 1079 871 1060 852 1059 851 1079 871 1059 851 1042 834 1079 871 1080 872 1060 852 1081 873 1058 850 1075 867 1082 874 736 528 741 533 1082 874 1083 875 1084 876 1085 877 1081 873 1075 867 1086 878 1037 829 1055 847 1086 878 1072 864 1071 863 1086 878 1071 863 1037 829 1086 878 1087 879 1072 864 1088 880 1085 877 1075 867 1088 880 1075 867 1065 857 1089 881 1090 882 1091 883 1089 881 1070 862 1069 861 1092 884 1093 885 1094 886 1092 884 1094 886 1074 866 1092 884 1074 866 1078 870 1095 887 1081 873 1085 877 1096 888 1097 889 1098 890 1096 888 1099 891 1097 889 1100 892 1098 890 1093 885 1100 892 1093 885 1092 884 1101 893 1053 845 1072 864 1101 893 1102 894 1103 895 1104 896 1081 873 1095 887 1105 897 1092 884 1078 870 1105 897 1100 892 1092 884 1106 898 1107 899 1099 891 1106 898 1099 891 1096 888 1108 900 1096 888 1098 890 1108 900 1098 890 1100 892 1109 901 1060 852 1080 872 1109 901 1110 902 1111 903 1112 904 1104 896 1095 887 1113 905 1106 898 1096 888 1113 905 1096 888 1108 900 1114 906 1107 899 1106 898 1114 906 1115 907 1107 899 1116 908 1117 909 1118 910 1116 908 745 537 748 540 1119 911 1106 898 1113 905 1119 911 1114 906 1106 898 1120 912 1069 861 1103 895 1121 913 1085 877 1088 880 1121 913 1095 887 1085 877 1121 913 1112 904 1095 887 1122 914 1115 907 1114 906 1123 915 1102 894 1101 893 1123 915 1124 916 1102 894 1123 915 1101 893 1072 864 1123 915 1072 864 1087 879 1125 917 1122 914 1114 906 1125 917 1114 906 1119 911 1126 918 1069 861 1120 912 1126 918 1089 881 1069 861 1127 919 1128 920 1129 921 1127 919 1077 869 1111 903 1130 922 1104 896 1112 904 1131 923 1090 882 1089 881 1131 923 1089 881 1126 918 1131 923 1132 924 1090 882 1133 925 1122 914 1125 917 1134 926 1104 896 1130 922 1135 927 1120 912 1103 895 1135 927 1103 895 1102 894 1136 928 1137 929 1138 930 1136 928 1083 875 1118 910 1139 931 1122 914 1133 925 1140 932 1091 883 1090 882 1141 933 1087 879 1129 921 1141 933 1123 915 1087 879 1141 933 1124 916 1123 915 1141 933 1142 934 1124 916 1143 935 1134 926 1130 922 1144 936 1126 918 1120 912 1144 936 1131 923 1126 918 1144 936 1120 912 1135 927 1145 937 1146 938 1147 939 1145 937 1147 939 1148 940 1145 937 1148 940 1115 907 1145 937 1115 907 1122 914 1149 941 1112 904 1121 913 1149 941 1143 935 1130 922 1149 941 1130 922 1112 904 1150 942 1151 943 1152 944 1150 942 1153 945 1138 930 1154 946 1155 947 1140 932 1156 948 1146 938 1145 937 1156 948 1157 949 1146 938 1158 950 1159 951 1132 924 1158 950 1132 924 1131 923 1158 950 1131 923 1144 936 1160 952 1134 926 1143 935 1161 953 1102 894 1124 916 1161 953 1135 927 1102 894 1162 954 1145 937 1122 914 1162 954 1156 948 1145 937 1162 954 1122 914 1139 931 1163 955 1129 921 1128 920 1163 955 1141 933 1129 921 1163 955 1142 934 1141 933 1163 955 1164 956 1142 934 1165 957 1134 926 1160 952 1166 958 1157 949 1156 948 1167 959 1162 954 1139 931 1168 960 1140 932 1090 882 1168 960 1154 946 1140 932 1169 961 1170 962 1171 963 1169 961 1154 946 1168 960 1169 961 1171 963 1155 947 1169 961 1155 947 1154 946 1172 964 1135 927 1161 953 1172 964 1144 936 1135 927 1173 965 1166 958 1156 948 1173 965 1162 954 1167 959 1173 965 1156 948 1162 954 1174 966 1090 882 1132 924 1174 966 1168 960 1090 882 1175 967 1144 936 1172 964 1175 967 1159 951 1158 950 1175 967 1176 968 1159 951 1175 967 1158 950 1144 936 1177 969 1157 949 1166 958 1177 969 1178 970 1157 949 1179 971 1166 958 1173 965 1179 971 1177 969 1166 958 1180 972 1168 960 1174 966 1181 973 1165 957 1160 952 1182 974 1117 909 1183 975 1182 974 1184 976 1185 977 1186 978 1169 961 1168 960 1186 978 1187 979 1170 962 1186 978 1168 960 1180 972 1186 978 1170 962 1169 961 1188 980 1189 981 1190 982 1188 980 753 545 754 546 1191 983 1177 969 1179 971 1192 984 1178 970 1177 969 1192 984 1193 985 1178 970 1192 984 1177 969 1191 983 1194 986 1124 916 1142 934 1194 986 1161 953 1124 916 1195 987 1181 973 1160 952 1195 987 1143 935 1149 941 1195 987 1160 952 1143 935 1196 988 1180 972 1174 966 1196 988 1186 978 1180 972 1197 989 1161 953 1194 986 1197 989 1172 964 1161 953 1198 990 1192 984 1191 983 1199 991 1192 984 1198 990 1199 991 1193 985 1192 984 1199 991 1200 992 1193 985 1201 993 1165 957 1181 973 1202 994 1196 988 1174 966 1202 994 1132 924 1159 951 1202 994 1174 966 1132 924 1203 995 1204 996 1176 968 1203 995 1175 967 1172 964 1203 995 1176 968 1175 967 1203 995 1172 964 1197 989 1205 997 1199 991 1198 990 1206 998 1196 988 1202 994 1207 999 1199 991 1205 997 1207 999 1200 992 1199 991 1208 1000 1171 963 1170 962 1208 1000 1209 1001 1171 963 1210 1002 1207 999 1205 997 1211 1003 1196 988 1206 998 1211 1003 1212 1004 1187 979 1211 1003 1187 979 1186 978 1211 1003 1186 978 1196 988 1213 1005 1194 986 1142 934 1213 1005 1142 934 1164 956 1214 1006 1209 1001 1208 1000 1215 1007 1207 999 1210 1002 1216 1008 1217 1009 1165 957 1216 1008 1165 957 1201 993 1218 1010 1200 992 1207 999 1218 1010 1207 999 1215 1007 1218 1010 1219 1011 1200 992 1220 1012 1194 986 1213 1005 1220 1012 1197 989 1194 986 1221 1013 1209 1001 1214 1006 1221 1013 1222 1014 1223 1015 1224 1016 1159 951 1176 968 1224 1016 1202 994 1159 951 1225 1017 1226 1018 1204 996 1225 1017 1197 989 1220 1012 1225 1017 1204 996 1203 995 1225 1017 1203 995 1197 989 1227 1019 1218 1010 1215 1007 1228 1020 1214 1006 1208 1000 1228 1020 1221 1013 1214 1006 1229 1021 1230 1022 1231 1023 1229 1021 1185 977 1184 976 1232 1024 1218 1010 1227 1019 1232 1024 1219 1011 1218 1010 1232 1024 1233 1025 1219 1011 1234 1026 1202 994 1224 1016 1234 1026 1206 998 1202 994 1235 1027 1201 993 1181 973 1235 1027 1181 973 1195 987 1235 1027 1216 1008 1201 993 1236 1028 1237 1029 1238 1030 1236 1028 1190 982 1189 981 1239 1031 1232 1024 1227 1019 1240 1032 1228 1020 1208 1000 1240 1032 1170 962 1187 979 1240 1032 1208 1000 1170 962 1241 1033 1212 1004 1211 1003 1241 1033 1242 1034 1212 1004 1241 1033 1211 1003 1206 998 1241 1033 1206 998 1234 1026 1243 1035 1217 1009 1216 1008 1244 1036 1213 1005 1164 956 1244 1036 1164 956 1245 1037 1246 1038 1232 1024 1239 1031 1246 1038 1233 1025 1232 1024 1246 1038 1247 1039 1233 1025 1248 1040 1228 1020 1240 1032 1249 1041 1176 968 1204 996 1249 1041 1224 1016 1176 968 1250 1042 1246 1038 1239 1031 1251 1043 1220 1012 1213 1005 1251 1043 1213 1005 1244 1036 1252 1044 1253 1045 1254 1046 1252 1044 1255 1047 1256 1048 1257 1049 1258 1050 1222 1014 1257 1049 1222 1014 1221 1013 1257 1049 1221 1013 1228 1020 1257 1049 1228 1020 1248 1040 1259 1051 1260 1052 1261 1053 1259 1051 1262 1054 1231 1023 1263 1055 1226 1018 1225 1017 1263 1055 1220 1012 1251 1043 1263 1055 1264 1056 1226 1018 1263 1055 1225 1017 1220 1012 1265 1057 1250 1042 1266 1058 1265 1057 1246 1038 1250 1042 1265 1057 1247 1039 1246 1038 1267 1059 1248 1040 1240 1032 1267 1059 1257 1049 1248 1040 1268 1060 1234 1026 1224 1016 1268 1060 1241 1033 1234 1026 1268 1060 1224 1016 1249 1041 1269 1061 1265 1057 1266 1058 1270 1062 1240 1032 1187 979 1270 1062 1187 979 1212 1004 1270 1062 1267 1059 1240 1032 1271 1063 1247 1039 1265 1057 1271 1063 1272 1064 1247 1039 1271 1063 1265 1057 1269 1061 1273 1065 1245 1037 1274 1066 1273 1065 1244 1036 1245 1037 1275 1067 1267 1059 1270 1062 1276 1068 1271 1063 1269 1061 1277 1069 1241 1033 1268 1060 1277 1069 1242 1034 1241 1033 1277 1069 1278 1070 1242 1034 1279 1071 1244 1036 1273 1065 1279 1071 1251 1043 1244 1036 1280 1072 1243 1035 1216 1008 1280 1072 1216 1008 1235 1027 1280 1072 1281 1073 1243 1035 1282 1074 1267 1059 1275 1067 1282 1074 1257 1049 1267 1059 1282 1074 1258 1050 1257 1049 1282 1074 1283 1075 1258 1050 1284 1076 1271 1063 1276 1068 1284 1076 1272 1064 1271 1063 1284 1076 1285 1077 1272 1064 1286 1078 1284 1076 1276 1068 1287 1079 1276 1068 1269 1061 1287 1079 1286 1078 1276 1068 1287 1079 1269 1061 1266 1058 1287 1079 1223 1015 1222 1014 1288 1080 1204 996 1226 1018 1288 1080 1249 1041 1204 996 1289 1081 1263 1055 1251 1043 1289 1081 1264 1056 1263 1055 1289 1081 1251 1043 1279 1071 1289 1081 1290 1082 1264 1056 1291 1083 1268 1060 1249 1041 1291 1083 1249 1041 1288 1080 1292 1084 1286 1078 1287 1079 1293 1085 1284 1076 1286 1078 1293 1085 1285 1077 1284 1076 1293 1085 1286 1078 1292 1084 1293 1085 1294 1086 1285 1077 1295 1087 1212 1004 1242 1034 1295 1087 1270 1062 1212 1004 1296 1088 1297 1089 1278 1070 1296 1088 1277 1069 1268 1060 1296 1088 1268 1060 1291 1083 1296 1088 1278 1070 1277 1069 1298 1090 1273 1065 1274 1066 1298 1090 1274 1066 1299 1091 1300 1092 1270 1062 1295 1087 1300 1092 1275 1067 1270 1062 1301 1093 1293 1085 1292 1084 1301 1093 1302 1094 1294 1086 1301 1093 1294 1086 1293 1085 1303 1095 1292 1084 1287 1079 1304 1096 1279 1071 1273 1065 1304 1096 1273 1065 1298 1090 1305 1097 1282 1074 1275 1067 1305 1097 1283 1075 1282 1074 1305 1097 1275 1067 1300 1092 1305 1097 1306 1098 1283 1075 1307 1099 1308 1100 1281 1073 1307 1099 1281 1073 1280 1072 1309 1101 1226 1018 1264 1056 1309 1101 1288 1080 1226 1018 1310 1102 1230 1022 1311 1103 1310 1102 1312 1104 1313 1105 1314 1106 1315 1107 1290 1082 1314 1106 1279 1071 1304 1096 1314 1106 1289 1081 1279 1071 1314 1106 1290 1082 1289 1081 1316 1108 1308 1100 1307 1099 1316 1108 1317 1109 1308 1100 1318 1110 1303 1095 1287 1079 1319 1111 1317 1109 1316 1108 1320 1112 1288 1080 1309 1101 1320 1112 1291 1083 1288 1080 1321 1113 1287 1079 1222 1014 1321 1113 1222 1014 1258 1050 1321 1113 1318 1110 1287 1079 1322 1114 1295 1087 1242 1034 1322 1114 1242 1034 1278 1070 1323 1115 1318 1110 1321 1113 1324 1116 1325 1117 1297 1089 1324 1116 1297 1089 1296 1088 1324 1116 1291 1083 1320 1112 1324 1116 1296 1088 1291 1083 1326 1118 1301 1093 1292 1084 1326 1118 1292 1084 1303 1095 1326 1118 1327 1119 1302 1094 1326 1118 1318 1110 1323 1115 1326 1118 1302 1094 1301 1093 1326 1118 1303 1095 1318 1110 1328 1120 1299 1091 1329 1121 1328 1120 1298 1090 1299 1091 1330 1122 1295 1087 1322 1114 1330 1122 1300 1092 1295 1087 1331 1123 1323 1115 1321 1113 1332 1124 1304 1096 1298 1090 1332 1124 1298 1090 1328 1120 1333 1125 1305 1097 1300 1092 1333 1125 1306 1098 1305 1097 1333 1125 1300 1092 1330 1122 1333 1125 1334 1126 1306 1098 1335 1127 1319 1111 1316 1108 1336 1128 1323 1115 1331 1123 1336 1128 1326 1118 1323 1115 1336 1128 1327 1119 1326 1118 1336 1128 1337 1129 1327 1119 1338 1130 1264 1056 1290 1082 1338 1130 1309 1101 1264 1056 1339 1131 1314 1106 1304 1096 1339 1131 1340 1132 1315 1107 1339 1131 1304 1096 1332 1124 1339 1131 1315 1107 1314 1106 1341 1133 1320 1112 1309 1101 1341 1133 1309 1101 1338 1130 1342 1134 1331 1123 1321 1113 1343 1135 1336 1128 1331 1123 1343 1135 1337 1129 1336 1128 1343 1135 1344 1136 1337 1129 1345 1137 1278 1070 1297 1089 1345 1137 1322 1114 1278 1070 1346 1138 1320 1112 1341 1133 1346 1138 1347 1139 1325 1117 1346 1138 1324 1116 1320 1112 1346 1138 1325 1117 1324 1116 1348 1140 1342 1134 1321 1113 1349 1141 1348 1140 1321 1113 1349 1141 1321 1113 1258 1050 1350 1142 1328 1120 1329 1121 1350 1142 1329 1121 1351 1143 1352 1144 1330 1122 1322 1114 1352 1144 1322 1114 1345 1137 1353 1145 1354 1146 1355 1147 1353 1145 1356 1148 1357 1149 1358 1150 1335 1127 1316 1108 1358 1150 1316 1108 1307 1099 1359 1151 1328 1120 1350 1142 1359 1151 1332 1124 1328 1120 1360 1152 1319 1111 1335 1127 1361 1153 1362 1154 1363 1155 1361 1153 1313 1105 1312 1104 1364 1156 1348 1140 1349 1141 1365 1157 1366 1158 1334 1126 1365 1157 1330 1122 1352 1144 1365 1157 1333 1125 1330 1122 1365 1157 1334 1126 1333 1125 1367 1159 1319 1111 1360 1152 1368 1160 1290 1082 1315 1107 1368 1160 1338 1130 1290 1082 1369 1161 1332 1124 1359 1151 1369 1161 1340 1132 1339 1131 1369 1161 1339 1131 1332 1124 1369 1161 1370 1162 1340 1132 1371 1163 1348 1140 1364 1156 1371 1163 1342 1134 1348 1140 1371 1163 1372 1164 1344 1136 1371 1163 1343 1135 1331 1123 1371 1163 1344 1136 1343 1135 1371 1163 1331 1123 1342 1134 1373 1165 1364 1156 1349 1141 1374 1166 1338 1130 1368 1160 1374 1166 1341 1133 1338 1130 1375 1167 1297 1089 1325 1117 1375 1167 1345 1137 1297 1089 1376 1168 1346 1138 1341 1133 1376 1168 1341 1133 1374 1166 1376 1168 1347 1139 1346 1138 1376 1168 1377 1169 1347 1139 1378 1170 1364 1156 1373 1165 1378 1170 1379 1171 1372 1164 1378 1170 1371 1163 1364 1156 1378 1170 1372 1164 1371 1163 1380 1172 1351 1143 1357 1149 1380 1172 1350 1142 1351 1143 1381 1173 1373 1165 1349 1141 1382 1174 1345 1137 1375 1167 1382 1174 1352 1144 1345 1137 1383 1175 1367 1159 1360 1152 1384 1176 1350 1142 1380 1172 1384 1176 1359 1151 1350 1142 1385 1177 1362 1154 1361 1153 1385 1177 1361 1153 1312 1104 1385 1177 1386 1178 1362 1154 1385 1177 1312 1104 1387 1179 1388 1180 1378 1170 1373 1165 1388 1180 1379 1171 1378 1170 1388 1180 1389 1181 1379 1171 1390 1182 1365 1157 1352 1144 1390 1182 1391 1183 1366 1158 1390 1182 1352 1144 1382 1174 1390 1182 1366 1158 1365 1157 1392 1184 1381 1173 1349 1141 1392 1184 1349 1141 1393 1185 1394 1186 1315 1107 1340 1132 1394 1186 1368 1160 1315 1107 1395 1187 1369 1161 1359 1151 1395 1187 1370 1162 1369 1161 1395 1187 1396 1188 1370 1162 1395 1187 1359 1151 1384 1176 1397 1189 1325 1117 1347 1139 1397 1189 1375 1167 1325 1117 1398 1190 1374 1166 1368 1160 1398 1190 1368 1160 1394 1186 1399 1191 1357 1149 1356 1148 1399 1191 1380 1172 1357 1149 1400 1192 1392 1184 1393 1185 1401 1193 1335 1127 1358 1150 1401 1193 1383 1175 1360 1152 1401 1193 1360 1152 1335 1127 1402 1194 1376 1168 1374 1166 1402 1194 1377 1169 1376 1168 1402 1194 1403 1195 1377 1169 1402 1194 1374 1166 1398 1190 1404 1196 1400 1192 1393 1185 1405 1197 1367 1159 1383 1175 1406 1198 1381 1173 1392 1184 1406 1198 1388 1180 1373 1165 1406 1198 1389 1181 1388 1180 1406 1198 1407 1199 1389 1181 1406 1198 1392 1184 1400 1192 1406 1198 1373 1165 1381 1173 1408 1200 1382 1174 1375 1167 1408 1200 1390 1182 1382 1174 1408 1200 1375 1167 1397 1189 1409 1201 1384 1176 1380 1172 1409 1201 1380 1172 1399 1191 1410 1202 1394 1186 1340 1132 1410 1202 1340 1132 1370 1162 1411 1203 1407 1199 1406 1198 1411 1203 1400 1192 1404 1196 1411 1203 1406 1198 1400 1192 1412 1204 1404 1196 1393 1185 1413 1205 1390 1182 1408 1200 1413 1205 1391 1183 1390 1182 1413 1205 1414 1206 1391 1183 1415 1207 1398 1190 1394 1186 1415 1207 1394 1186 1410 1202 1416 1208 1393 1185 1417 1209 1416 1208 1412 1204 1393 1185 1418 1210 1384 1176 1409 1201 1418 1210 1419 1211 1396 1188 1418 1210 1396 1188 1395 1187 1418 1210 1395 1187 1384 1176 1420 1212 1421 1213 1367 1159 1420 1212 1367 1159 1405 1197 1422 1214 1411 1203 1404 1196 1423 1215 1408 1200 1397 1189 1423 1215 1397 1189 1347 1139 1423 1215 1347 1139 1377 1169 1424 1216 1425 1217 1403 1195 1424 1216 1398 1190 1415 1207 1424 1216 1403 1195 1402 1194 1424 1216 1402 1194 1398 1190 1426 1218 1356 1148 1427 1219 1426 1218 1399 1191 1356 1148 1428 1220 1416 1208 1417 1209 1429 1221 1408 1200 1423 1215 1430 1222 1362 1154 1386 1178 1430 1222 1431 1223 1432 1224 1433 1225 1409 1201 1399 1191 1433 1225 1399 1191 1426 1218 1434 1226 1413 1205 1408 1200 1434 1226 1414 1206 1413 1205 1434 1226 1435 1227 1414 1206 1434 1226 1408 1200 1429 1221 1436 1228 1428 1220 1417 1209 1437 1229 1370 1162 1396 1188 1437 1229 1410 1202 1370 1162 1438 1230 1419 1211 1418 1210 1438 1230 1439 1231 1419 1211 1438 1230 1418 1210 1409 1201 1438 1230 1409 1201 1433 1225 1438 1230 1433 1225 1439 1231 1440 1232 1383 1175 1401 1193 1440 1232 1420 1212 1405 1197 1440 1232 1405 1197 1383 1175 1441 1233 1422 1214 1404 1196 1441 1233 1404 1196 1412 1204 1441 1233 1412 1204 1416 1208 1441 1233 1416 1208 1428 1220 1442 1234 1415 1207 1410 1202 1442 1234 1410 1202 1437 1229 1443 1235 1421 1213 1420 1212 1444 1236 1436 1228 1417 1209 1445 1237 1423 1215 1377 1169 1445 1237 1377 1169 1403 1195 1446 1238 1425 1217 1424 1216 1446 1238 1424 1216 1415 1207 1446 1238 1415 1207 1442 1234 1446 1238 1447 1239 1425 1217 1448 1240 1428 1220 1436 1228 1448 1240 1441 1233 1428 1220 1449 1241 1423 1215 1445 1237 1449 1241 1429 1221 1423 1215 1450 1242 1444 1236 1417 1209 1450 1242 1417 1209 1451 1243 1452 1244 1429 1221 1449 1241 1452 1244 1453 1245 1435 1227 1452 1244 1434 1226 1429 1221 1452 1244 1435 1227 1434 1226 1454 1246 1448 1240 1436 1228 1455 1247 1450 1242 1451 1243 1456 1248 1396 1188 1419 1211 1456 1248 1437 1229 1396 1188 1457 1249 1455 1247 1451 1243 1458 1250 1437 1229 1456 1248 1458 1250 1442 1234 1437 1229 1459 1251 1403 1195 1425 1217 1459 1251 1445 1237 1403 1195 1460 1252 1447 1239 1446 1238 1460 1252 1442 1234 1458 1250 1460 1252 1461 1253 1447 1239 1460 1252 1446 1238 1442 1234 1462 1254 1454 1246 1436 1228 1462 1254 1436 1228 1444 1236 1462 1254 1444 1236 1450 1242 1462 1254 1450 1242 1455 1247 1463 1255 1449 1241 1445 1237 1463 1255 1445 1237 1459 1251 1464 1256 1456 1248 1419 1211 1464 1256 1419 1211 1439 1231 1465 1257 1457 1249 1451 1243 1466 1258 1467 1259 1443 1235 1466 1258 1443 1235 1420 1212 1466 1258 1420 1212 1440 1232 1468 1260 1453 1245 1452 1244 1468 1260 1449 1241 1463 1255 1468 1260 1469 1261 1453 1245 1468 1260 1452 1244 1449 1241 1470 1262 1462 1254 1455 1247 1470 1262 1455 1247 1457 1249 1471 1263 1451 1243 1472 1264 1471 1263 1465 1257 1451 1243 1473 1265 1459 1251 1425 1217 1473 1265 1425 1217 1447 1239 1473 1265 1463 1255 1459 1251 1474 1266 1456 1248 1464 1256 1474 1266 1458 1250 1456 1248 1475 1267 1471 1263 1472 1264 1476 1268 1470 1262 1457 1249 1477 1269 1475 1267 1472 1264 1478 1270 1468 1260 1463 1255 1478 1270 1463 1255 1473 1265 1479 1271 1464 1256 1439 1231 1479 1271 1474 1266 1464 1256 1480 1272 1460 1252 1458 1250 1480 1272 1461 1253 1460 1252 1480 1272 1474 1266 1479 1271 1480 1272 1481 1273 1461 1253 1480 1272 1458 1250 1474 1266 1482 1274 1483 1275 1484 1276 1485 1277 1467 1259 1466 1258 1486 1278 1479 1271 1439 1231 1486 1278 1439 1231 1487 1279 1488 1280 1477 1269 1472 1264 1489 1281 1476 1268 1457 1249 1489 1281 1457 1249 1465 1257 1489 1281 1465 1257 1471 1263 1490 1282 1473 1265 1447 1239 1490 1282 1447 1239 1461 1253 1490 1282 1478 1270 1473 1265 1491 1283 1468 1260 1478 1270 1491 1283 1469 1261 1468 1260 1491 1283 1492 1284 1469 1261 1493 1285 1479 1271 1486 1278 1494 1286 1488 1280 1472 1264 1494 1286 1472 1264 1495 1287 1496 1288 1471 1263 1475 1267 1496 1288 1475 1267 1477 1269 1496 1288 1489 1281 1471 1263 1497 1289 1480 1272 1479 1271 1497 1289 1481 1273 1480 1272 1497 1289 1479 1271 1493 1285 1497 1289 1498 1290 1481 1273 1499 1291 1494 1286 1495 1287 1500 1292 1478 1270 1490 1282 1500 1292 1491 1283 1478 1270 1501 1293 1496 1288 1477 1269 1502 1294 1493 1285 1486 1278 1502 1294 1497 1289 1493 1285 1503 1295 1499 1291 1495 1287 1504 1296 1486 1278 1487 1279 1504 1296 1487 1279 1505 1297 1504 1296 1502 1294 1486 1278 1506 1298 1507 1299 1492 1284 1506 1298 1491 1283 1500 1292 1506 1298 1492 1284 1491 1283 1508 1300 1502 1294 1504 1296 1509 1301 1503 1295 1495 1287 1510 1302 1477 1269 1488 1280 1510 1302 1488 1280 1494 1286 1510 1302 1501 1293 1477 1269 1511 1303 1500 1292 1490 1282 1511 1303 1490 1282 1461 1253 1511 1303 1461 1253 1481 1273 1512 1304 1513 1305 1498 1290 1512 1304 1498 1290 1497 1289 1512 1304 1497 1289 1502 1294 1512 1304 1502 1294 1508 1300 1514 1306 1495 1287 1515 1307 1514 1306 1509 1301 1495 1287 1516 1308 1517 1309 1482 1274 1518 1310 1500 1292 1511 1303 1519 1311 1514 1306 1515 1307 1520 1312 1510 1302 1494 1286 1520 1312 1494 1286 1499 1291 1521 1313 1513 1305 1512 1304 1521 1313 1508 1300 1504 1296 1521 1313 1512 1304 1508 1300 1522 1314 1523 1315 1507 1299 1522 1314 1506 1298 1500 1292 1522 1314 1500 1292 1518 1310 1522 1314 1507 1299 1506 1298 1524 1316 1519 1311 1515 1307 1525 1317 1503 1295 1509 1301 1525 1317 1499 1291 1503 1295 1525 1317 1520 1312 1499 1291 1526 1318 1511 1303 1481 1273 1526 1318 1481 1273 1498 1290 1527 1319 1522 1314 1518 1310 1527 1319 1523 1315 1522 1314 1527 1319 1511 1303 1526 1318 1527 1319 1518 1310 1511 1303 1528 1320 1524 1316 1515 1307 1529 1321 1528 1320 1515 1307 1530 1322 1527 1319 1526 1318 1531 1323 1509 1301 1514 1306 1531 1323 1525 1317 1509 1301 1532 1324 1529 1321 1515 1307 1532 1324 1515 1307 1533 1325 1534 1326 1517 1309 1516 1308 1534 1326 1535 1327 1517 1309 1534 1326 1536 1328 1535 1327 1537 1329 1531 1323 1514 1306 1537 1329 1514 1306 1519 1311 1538 1330 1532 1324 1533 1325 1539 1331 1498 1290 1513 1305 1539 1331 1526 1318 1498 1290 1540 1332 1530 1322 1526 1318 1540 1332 1526 1318 1539 1331 1541 1333 1542 1334 1523 1315 1541 1333 1527 1319 1530 1322 1541 1333 1523 1315 1527 1319 1541 1333 1530 1322 1540 1332 1543 1335 1537 1329 1519 1311 1543 1335 1519 1311 1524 1316 1543 1335 1524 1316 1528 1320 1544 1336 1538 1330 1533 1325 1545 1337 1546 1338 1536 1328 1545 1337 1536 1328 1534 1326 1547 1339 1540 1332 1539 1331 1548 1340 1544 1336 1533 1325 1548 1340 1533 1325 1549 1341 1550 1342 1543 1335 1528 1320 1550 1342 1528 1320 1529 1321 1551 1343 1548 1340 1549 1341 1552 1344 1553 1345 1546 1338 1552 1344 1546 1338 1545 1337 1554 1346 1539 1331 1513 1305 1554 1346 1547 1339 1539 1331 1555 1347 1529 1321 1532 1324 1555 1347 1550 1342 1529 1321 1556 1348 1542 1334 1541 1333 1556 1348 1541 1333 1540 1332 1556 1348 1540 1332 1547 1339 1556 1348 1557 1349 1542 1334 1556 1348 1554 1346 1557 1349 1556 1348 1547 1339 1554 1346 1558 1350 1551 1343 1549 1341 1559 1351 1555 1347 1532 1324 1559 1351 1532 1324 1538 1330 1559 1351 1538 1330 1544 1336 1560 1352 1558 1350 1549 1341 1561 1353 1560 1352 1549 1341 1561 1353 1549 1341 1562 1354 1563 1355 1561 1353 1562 1354 1564 1356 1559 1351 1544 1336 1564 1356 1544 1336 1548 1340 1565 1357 1551 1343 1558 1350 1565 1357 1564 1356 1548 1340 1565 1357 1548 1340 1551 1343 1566 1358 1563 1355 1562 1354 1567 1359 1566 1358 1562 1354 1568 1360 1569 1361 1570 1362 1568 1360 1570 1362 1571 1363 1572 1364 1567 1359 1562 1354 1572 1364 1562 1354 1573 1365 1574 1366 1572 1364 1573 1365 1575 1367 1565 1357 1558 1350 1576 1368 1577 1369 1569 1361 1576 1368 1569 1361 1568 1360 1578 1370 1575 1367 1558 1350 1578 1370 1558 1350 1560 1352 1579 1371 1580 1372 1581 1373 1579 1371 1577 1369 1576 1368 1579 1371 1581 1373 1577 1369 1582 1374 1561 1353 1563 1355 1582 1374 1563 1355 1566 1358 1582 1374 1560 1352 1561 1353 1582 1374 1578 1370 1560 1352 1583 1375 1574 1366 1573 1365 1584 1376 1523 1315 1542 1334 1585 1377 1580 1372 1579 1371 1585 1377 1586 1378 1580 1372 1587 1379 1583 1375 1573 1365 1588 1380 1589 1381 1590 1382 1591 1383 1573 1365 1592 1384 1591 1383 1587 1379 1573 1365 1593 1385 1594 1386 1586 1378 1593 1385 1586 1378 1585 1377 1595 1387 1589 1381 1588 1380 1596 1388 1591 1383 1592 1384 1597 1389 1582 1374 1566 1358 1598 1390 1590 1382 1594 1386 1598 1390 1594 1386 1593 1385 1598 1390 1588 1380 1590 1382 1599 1391 1566 1358 1567 1359 1599 1391 1597 1389 1566 1358 1600 1392 1596 1388 1592 1384 1601 1393 1567 1359 1572 1364 1601 1393 1572 1364 1574 1366 1601 1393 1599 1391 1567 1359 1601 1393 1574 1366 1583 1375 1602 1394 1542 1334 1557 1349 1602 1394 1584 1376 1542 1334 1603 1395 1600 1392 1592 1384 1604 1396 1603 1395 1592 1384 1604 1396 1592 1384 1584 1376 1605 1397 1604 1396 1584 1376 1606 1398 1607 1399 1608 1400 1606 1398 1601 1393 1583 1375 1609 1401 1588 1380 1598 1390 1610 1402 1611 1403 1607 1399 1610 1402 1607 1399 1606 1398 1610 1402 1606 1398 1583 1375 1610 1402 1583 1375 1587 1379 1612 1404 1605 1397 1584 1376 1613 1405 1595 1387 1588 1380 1613 1405 1588 1380 1609 1401 1614 1406 1612 1404 1584 1376 1615 1407 1596 1388 1600 1392 1615 1407 1587 1379 1591 1383 1615 1407 1591 1383 1596 1388 1615 1407 1610 1402 1587 1379 1615 1407 1611 1403 1610 1402 1615 1407 1616 1408 1611 1403 1617 1409 1584 1376 1602 1394 1617 1409 1614 1406 1584 1376 1618 1410 1619 1411 1595 1387 1618 1410 1595 1387 1613 1405 1620 1412 1617 1409 1602 1394 1621 1413 1622 1414 1623 1415 1621 1413 1624 1416 1619 1411 1621 1413 1619 1411 1618 1410 1625 1417 1623 1415 1626 1418 1625 1417 1624 1416 1621 1413 1625 1417 1627 1419 1624 1416 1625 1417 1621 1413 1623 1415 1628 1420 1629 1421 1630 1422 1631 1423 1632 1424 1616 1408 1631 1423 1616 1408 1615 1407 1631 1423 1615 1407 1600 1392 1633 1425 1629 1421 1628 1420 1634 1426 1626 1418 1635 1427 1634 1426 1636 1428 1637 1429 1634 1426 1637 1429 1627 1419 1634 1426 1627 1419 1625 1417 1634 1426 1625 1417 1626 1418 1638 1430 1632 1424 1631 1423 1638 1430 1639 1431 1632 1424 1638 1430 1600 1392 1603 1395 1638 1430 1631 1423 1600 1392 1640 1432 1620 1412 1602 1394 1641 1433 1634 1426 1635 1427 1641 1433 1630 1422 1636 1428 1641 1433 1636 1428 1634 1426 1641 1433 1628 1420 1630 1422 1642 1434 1640 1432 1602 1394 1643 1435 1642 1434 1602 1394 1644 1436 1645 1437 1639 1431 1644 1436 1603 1395 1604 1396 1644 1436 1604 1396 1605 1397 1644 1436 1605 1397 1612 1404 1644 1436 1639 1431 1638 1430 1644 1436 1638 1430 1603 1395 1646 1438 1643 1435 1602 1394 1647 1439 1646 1438 1602 1394 1648 1440 1649 1441 1645 1437 1648 1440 1644 1436 1612 1404 1648 1440 1645 1437 1644 1436 1650 1442 1649 1441 1648 1440 1650 1442 1651 1443 1649 1441 1650 1442 1648 1440 1612 1404 1650 1442 1612 1404 1614 1406 1652 1444 1620 1412 1640 1432 1652 1444 1653 1445 1651 1443 1652 1444 1651 1443 1650 1442 1652 1444 1650 1442 1614 1406 1652 1444 1614 1406 1617 1409 1652 1444 1617 1409 1620 1412 1654 1446 1641 1433 1635 1427 1654 1446 1635 1427 1655 1447 1654 1446 1655 1447 1656 1448 1654 1446 1656 1448 1657 1449 1654 1446 1628 1420 1641 1433 1658 1450 1633 1425 1628 1420 1658 1450 1628 1420 1654 1446 1658 1450 1654 1446 1657 1449 1659 1451 1660 1452 1633 1425 1659 1451 1657 1449 1661 1453 1659 1451 1658 1450 1657 1449 1659 1451 1633 1425 1658 1450 1662 1454 1653 1445 1652 1444 1662 1454 1663 1455 1653 1445 1662 1454 1652 1444 1640 1432 1664 1456 1661 1453 1665 1457 1664 1456 1659 1451 1661 1453 1664 1456 1660 1452 1659 1451 1664 1456 1666 1458 1660 1452 1667 1459 1640 1432 1642 1434 1667 1459 1668 1460 1663 1455 1667 1459 1663 1455 1662 1454 1667 1459 1662 1454 1640 1432 1669 1461 1665 1457 1670 1462 1669 1461 1671 1463 1666 1458 1669 1461 1666 1458 1664 1456 1669 1461 1664 1456 1665 1457 1672 1464 1667 1459 1642 1434 1672 1464 1673 1465 1668 1460 1672 1464 1642 1434 1643 1435 1672 1464 1668 1460 1667 1459 1674 1466 1670 1462 1675 1467 1674 1466 1676 1468 1671 1463 1674 1466 1677 1469 1676 1468 1674 1466 1669 1461 1670 1462 1674 1466 1671 1463 1669 1461 1678 1470 1643 1435 1646 1438 1678 1470 1672 1464 1643 1435 1678 1470 1679 1471 1673 1465 1678 1470 1673 1465 1672 1464 1680 1472 1681 1473 1677 1469 1680 1472 1674 1466 1675 1467 1680 1472 1677 1469 1674 1466 1682 1474 1678 1470 1646 1438 1682 1474 1646 1438 1647 1439 1682 1474 1647 1439 1683 1475 1682 1474 1679 1471 1678 1470 1684 1476 1675 1467 1685 1477 1684 1476 1681 1473 1680 1472 1684 1476 1686 1478 1681 1473 1684 1476 1680 1472 1675 1467 1687 1479 1688 1480 1679 1471 1687 1479 1679 1471 1682 1474 1687 1479 1683 1475 1689 1481 1687 1479 1682 1474 1683 1475 1690 1482 1686 1478 1684 1476 1690 1482 1687 1479 1689 1481 1690 1482 1685 1477 1688 1480 1690 1482 1689 1481 1686 1478 1690 1482 1688 1480 1687 1479 1690 1482 1684 1476 1685 1477 1691 1483 1692 1484 1693 1485 1694 1486 1695 1487 1692 1484 1694 1486 1692 1484 1691 1483 1696 1488 1695 1487 1694 1486 1696 1488 1697 1489 1695 1487 1698 1490 1699 1491 1700 1492 1701 1493 1691 1483 1693 1485 1701 1493 1693 1485 1699 1491 1701 1493 1699 1491 1698 1490 1702 1494 1703 1495 1697 1489 1702 1494 1697 1489 1696 1488 1704 1496 1700 1492 1705 1497 1704 1496 1698 1490 1700 1492 1706 1498 1704 1496 1705 1497 1706 1498 1705 1497 1707 1499 1708 1500 1707 1499 1709 1501 1708 1500 1706 1498 1707 1499 1710 1502 1709 1501 1711 1503 1710 1502 1708 1500 1709 1501 1712 1504 1696 1488 1694 1486 1713 1505 1691 1483 1714 1506 1713 1505 1694 1486 1691 1483 1715 1507 1702 1494 1696 1488 1715 1507 1696 1488 1712 1504 1716 1508 1694 1486 1713 1505 1717 1509 1702 1494 1715 1507 1718 1510 1712 1504 1694 1486 1718 1510 1694 1486 1716 1508 1719 1511 1711 1503 1720 1512 1719 1511 1710 1502 1711 1503 1721 1513 1701 1493 1698 1490 1722 1514 1691 1483 1701 1493 1722 1514 1714 1506 1691 1483 1723 1515 1698 1490 1704 1496 1723 1515 1721 1513 1698 1490 1724 1516 1701 1493 1721 1513 1724 1516 1722 1514 1701 1493 1725 1517 1702 1494 1717 1509 1726 1518 758 550 757 549 1726 1518 770 562 758 550 1726 1518 757 549 1727 1519 1726 1518 1727 1519 1703 1495 1726 1518 1703 1495 1702 1494 1726 1518 1702 1494 1725 1517 1728 1520 1719 1511 1720 1512 1728 1520 1720 1512 1729 1521 1730 1522 1723 1515 1704 1496 1731 1523 1728 1520 1729 1521 1731 1523 1729 1521 1732 1524 1733 1525 1730 1522 1704 1496 1734 1526 1704 1496 1706 1498 1734 1526 1733 1525 1704 1496 1735 1527 1734 1526 1706 1498 1736 1528 1706 1498 1708 1500 1736 1528 1735 1527 1706 1498 1737 1529 1732 1524 1738 1530 1737 1529 1731 1523 1732 1524 1739 1531 1708 1500 1710 1502 1739 1531 1736 1528 1708 1500 1740 1532 781 573 775 567 1740 1532 1717 1509 1715 1507 1740 1532 1725 1517 1717 1509 1741 1533 1740 1532 1715 1507 1741 1533 782 574 781 573 1741 1533 1712 1504 1718 1510 1741 1533 1715 1507 1712 1504 1741 1533 781 573 1740 1532 1742 1534 1739 1531 1710 1502 1742 1534 1710 1502 1719 1511 1743 1535 1725 1517 1740 1532 1743 1535 770 562 1726 1518 1743 1535 775 567 770 562 1743 1535 1740 1532 775 567 1743 1535 1726 1518 1725 1517 1744 1536 1741 1533 1718 1510 1744 1536 782 574 1741 1533 1744 1536 787 579 782 574 1744 1536 1716 1508 1713 1505 1744 1536 1718 1510 1716 1508 1745 1537 787 579 1744 1536 1745 1537 1744 1536 1713 1505 1745 1537 788 580 787 579 1745 1537 1713 1505 1714 1506 1745 1537 1714 1506 1722 1514 1746 1538 1738 1530 1747 1539 1746 1538 1737 1529 1738 1530 1748 1540 800 592 788 580 1748 1540 1745 1537 1722 1514 1748 1540 788 580 1745 1537 1748 1540 1722 1514 1724 1516 1748 1540 1724 1516 1721 1513 1749 1541 1742 1534 1719 1511 1750 1542 1747 1539 1751 1543 1750 1542 1746 1538 1747 1539 1752 1544 1749 1541 1719 1511 1753 1545 800 592 1748 1540 1753 1545 1748 1540 1721 1513 1753 1545 808 600 801 593 1753 1545 801 593 800 592 1753 1545 1721 1513 1723 1515 1753 1545 1723 1515 1730 1522 1754 1546 1752 1544 1719 1511 1754 1546 1719 1511 1728 1520 1755 1547 1754 1546 1728 1520 1756 1548 1728 1520 1731 1523 1756 1548 1755 1547 1728 1520 1757 1549 1730 1522 1733 1525 1757 1549 808 600 1753 1545 1757 1549 1753 1545 1730 1522 1757 1549 1733 1525 1734 1526 1757 1549 813 605 808 600 1758 1550 1736 1528 1739 1531 1758 1550 813 605 1757 1549 1758 1550 1757 1549 1734 1526 1758 1550 811 603 813 605 1758 1550 1734 1526 1735 1527 1758 1550 1735 1527 1736 1528 1759 1551 1756 1548 1731 1523 1760 1552 1751 1543 1761 1553 1760 1552 1750 1542 1751 1543 1762 1554 1759 1551 1731 1523 1762 1554 1731 1523 1737 1529 1763 1555 1762 1554 1737 1529 1764 1556 1737 1529 1746 1538 1764 1556 1763 1555 1737 1529 1765 1557 1761 1553 1766 1558 1765 1557 1760 1552 1761 1553 1767 1559 812 604 811 603 1767 1559 1739 1531 1742 1534 1767 1559 1758 1550 1739 1531 1767 1559 811 603 1758 1550 1767 1559 1742 1534 1749 1541 1768 1560 1746 1538 1750 1542 1768 1560 1764 1556 1746 1538 1769 1561 1750 1542 1760 1552 1769 1561 1768 1560 1750 1542 1770 1562 1766 1558 1771 1563 1770 1562 1765 1557 1766 1558 1772 1564 825 617 823 615 1772 1564 1749 1541 1752 1544 1772 1564 1752 1544 1754 1546 1772 1564 823 615 812 604 1772 1564 1767 1559 1749 1541 1772 1564 812 604 1767 1559 1773 1565 1772 1564 1754 1546 1773 1565 828 620 825 617 1773 1565 1754 1546 1755 1547 1773 1565 1755 1547 1756 1548 1773 1565 825 617 1772 1564 1774 1566 1769 1561 1760 1552 1775 1567 1770 1562 1771 1563 1775 1567 1771 1563 1776 1568 1777 1569 832 624 828 620 1777 1569 828 620 1773 1565 1777 1569 1756 1548 1759 1551 1777 1569 1759 1551 1762 1554 1777 1569 1773 1565 1756 1548 1778 1570 1774 1566 1760 1552 1779 1571 1760 1552 1765 1557 1779 1571 1778 1570 1760 1552 1780 1572 1764 1556 1768 1560 1780 1572 830 622 832 624 1780 1572 1762 1554 1763 1555 1780 1572 1763 1555 1764 1556 1780 1572 1777 1569 1762 1554 1780 1572 832 624 1777 1569 1781 1573 1776 1568 1782 1574 1781 1573 1775 1567 1776 1568 1783 1575 1779 1571 1765 1557 1783 1575 1765 1557 1770 1562 1784 1576 1783 1575 1770 1562 1785 1577 1782 1574 1786 1578 1785 1577 1781 1573 1782 1574 1787 1579 1784 1576 1770 1562 1787 1579 1770 1562 1775 1567 1788 1580 830 622 1780 1572 1788 1580 1780 1572 1768 1560 1788 1580 831 623 830 622 1788 1580 1768 1560 1769 1561 1788 1580 1769 1561 1774 1566 1789 1581 1787 1579 1775 1567 1790 1582 1785 1577 1786 1578 1790 1582 1786 1578 1791 1583 1792 1584 1789 1581 1775 1567 1792 1584 1775 1567 1781 1573 1793 1585 1792 1584 1781 1573 1794 1586 1778 1570 1779 1571 1794 1586 1774 1566 1778 1570 1794 1586 840 632 831 623 1794 1586 831 623 1788 1580 1794 1586 1788 1580 1774 1566 1795 1587 1791 1583 1796 1588 1795 1587 1790 1582 1791 1583 1797 1589 1781 1573 1785 1577 1797 1589 1793 1585 1781 1573 1798 1590 1797 1589 1785 1577 1799 1591 840 632 1794 1586 1799 1591 1783 1575 1784 1576 1799 1591 1794 1586 1779 1571 1799 1591 843 635 840 632 1799 1591 1779 1571 1783 1575 1800 1592 1798 1590 1785 1577 1800 1592 1785 1577 1790 1582 1801 1593 1795 1587 1796 1588 1801 1593 1796 1588 1802 1594 1803 1595 1784 1576 1787 1579 1803 1595 1787 1579 1789 1581 1803 1595 843 635 1799 1591 1803 1595 845 637 843 635 1803 1595 1799 1591 1784 1576 1804 1596 1800 1592 1790 1582 1805 1597 1790 1582 1795 1587 1805 1597 1804 1596 1790 1582 1806 1598 1789 1581 1792 1584 1806 1598 1792 1584 1793 1585 1806 1598 1793 1585 1797 1589 1806 1598 1803 1595 1789 1581 1806 1598 846 638 845 637 1806 1598 845 637 1803 1595 1807 1599 1802 1594 1808 1600 1807 1599 1801 1593 1802 1594 1809 1601 1805 1597 1795 1587 1810 1602 848 640 846 638 1810 1602 1797 1589 1798 1590 1810 1602 1798 1590 1800 1592 1810 1602 1806 1598 1797 1589 1810 1602 846 638 1806 1598 1811 1603 1809 1601 1795 1587 1811 1603 1795 1587 1801 1593 1812 1604 1813 1605 794 586 1812 1604 802 594 820 612 1812 1604 794 586 802 594 1814 1606 768 560 785 577 1814 1606 798 590 777 569 1814 1606 785 577 604 396 1814 1606 772 564 768 560 1814 1606 773 565 772 564 1814 1606 777 569 773 565 1814 1606 604 396 798 590 1815 1607 1808 1600 1816 1608 1815 1607 1807 1599 1808 1600 1817 1609 1801 1593 1807 1599 1817 1609 1811 1603 1801 1593 1818 1610 1817 1609 1807 1599 1819 1611 850 642 848 640 1819 1611 1810 1602 1800 1592 1819 1611 1800 1592 1804 1596 1819 1611 1804 1596 1805 1597 1819 1611 848 640 1810 1602 1820 1612 1815 1607 1816 1608 1820 1612 1816 1608 1821 1613 1822 1614 1818 1610 1807 1599 1822 1614 1807 1599 1815 1607 1823 1615 1805 1597 1809 1601 1823 1615 853 645 850 642 1823 1615 1819 1611 1805 1597 1823 1615 1809 1601 1811 1603 1823 1615 850 642 1819 1611 1824 1616 1822 1614 1815 1607 1825 1617 1821 1613 1826 1618 1825 1617 1820 1612 1821 1613 1827 1619 1815 1607 1820 1612 1827 1619 1824 1616 1815 1607 1828 1620 1823 1615 1811 1603 1828 1620 1818 1610 1822 1614 1828 1620 853 645 1823 1615 1828 1620 1811 1603 1817 1609 1828 1620 1817 1609 1818 1610 1828 1620 855 647 853 645 1829 1621 1830 1622 1813 1605 1829 1621 1813 1605 1812 1604 1829 1621 1812 1604 820 612 1831 1623 1827 1619 1820 1612 1832 1624 1831 1623 1820 1612 1832 1624 1820 1612 1825 1617 1833 1625 1824 1616 1827 1619 1833 1625 1822 1614 1824 1616 1833 1625 855 647 1828 1620 1833 1625 859 651 855 647 1833 1625 1828 1620 1822 1614 1834 1626 1825 1617 1826 1618 1834 1626 1826 1618 1835 1627 1836 1628 1837 1629 1830 1622 1838 1630 1832 1624 1825 1617 1839 1631 1830 1622 1829 1621 1839 1631 1836 1628 1830 1622 1840 1632 1831 1623 1832 1624 1840 1632 1833 1625 1827 1619 1840 1632 1827 1619 1831 1623 1840 1632 859 651 1833 1625 1840 1632 862 654 859 651 1841 1633 1835 1627 1842 1634 1841 1633 1834 1626 1835 1627 1843 1635 1829 1621 820 612 1843 1635 1839 1631 1829 1621 1843 1635 837 629 1839 1631 1843 1635 820 612 837 629 1844 1636 1838 1630 1825 1617 1844 1636 1825 1617 1834 1626 1845 1637 1834 1626 1841 1633 1845 1637 1844 1636 1834 1626 1846 1638 1841 1633 1842 1634 1846 1638 1842 1634 1847 1639 1848 1640 1837 1629 1836 1628 1848 1640 1839 1631 837 629 1848 1640 1836 1628 1839 1631 1849 1641 1832 1624 1838 1630 1849 1641 1840 1632 1832 1624 1849 1641 1844 1636 1845 1637 1849 1641 862 654 1840 1632 1849 1641 866 658 862 654 1849 1641 1838 1630 1844 1636 1850 1642 1845 1637 1841 1633 1851 1643 1841 1633 1846 1638 1851 1643 1850 1642 1841 1633 1852 1644 1853 1645 1837 1629 1854 1646 1846 1638 1847 1639 1854 1646 1847 1639 1855 1647 1856 1648 1857 1649 834 626 1856 1648 804 596 805 597 1856 1648 810 602 818 610 1856 1648 834 626 804 596 1856 1648 805 597 806 598 1856 1648 806 598 807 599 1856 1648 807 599 810 602 1858 1650 1837 1629 1848 1640 1858 1650 1852 1644 1837 1629 1859 1651 1846 1638 1854 1646 1859 1651 1851 1643 1846 1638 1860 1652 1858 1650 1848 1640 1860 1652 837 629 857 649 1860 1652 1848 1640 837 629 1860 1652 857 649 1858 1650 1861 1653 1859 1651 1854 1646 1862 1654 814 606 826 618 1863 1655 1849 1641 1845 1637 1863 1655 867 659 866 658 1863 1655 1850 1642 1851 1643 1863 1655 1851 1643 1859 1651 1863 1655 866 658 1849 1641 1863 1655 1845 1637 1850 1642 1864 1656 1855 1647 1865 1657 1864 1656 1854 1646 1855 1647 1866 1658 1854 1646 1864 1656 1866 1658 1861 1653 1854 1646 1867 1659 817 609 821 613 1867 1659 824 616 827 619 1867 1659 821 613 822 614 1867 1659 822 614 824 616 1867 1659 818 610 817 609 1867 1659 827 619 829 621 1868 1660 1853 1645 1852 1644 1868 1660 1852 1644 1858 1650 1869 1661 1863 1655 1859 1651 1869 1661 1861 1653 1866 1658 1869 1661 867 659 1863 1655 1869 1661 869 661 867 659 1869 1661 1859 1651 1861 1653 1870 1662 1866 1658 1864 1656 1871 1663 809 601 816 608 1871 1663 815 607 809 601 1871 1663 841 633 815 607 1871 1663 603 395 607 399 1871 1663 816 608 603 395 1872 1664 1865 1657 1873 1665 1872 1664 1864 1656 1865 1657 1874 1666 1875 1667 1853 1645 1876 1668 1870 1662 1864 1656 1876 1668 1864 1656 1872 1664 1877 1669 1874 1666 1853 1645 1877 1669 1853 1645 1868 1660 1878 1670 1869 1661 1866 1658 1878 1670 1866 1658 1870 1662 1878 1670 1870 1662 1876 1668 1878 1670 870 662 869 661 1878 1670 869 661 1869 1661 1879 1671 829 621 835 627 1879 1671 1867 1659 829 621 1879 1671 1880 1672 1881 1673 1879 1671 1881 1673 1867 1659 1882 1674 1876 1668 1872 1664 1883 1675 1873 1665 1884 1676 1883 1675 1872 1664 1873 1665 1885 1677 818 610 1867 1659 1885 1677 1881 1673 1880 1672 1885 1677 1867 1659 1881 1673 1885 1677 1857 1649 1856 1648 1885 1677 1856 1648 818 610 1886 1678 1887 1679 1862 1654 1886 1678 826 618 834 626 1886 1678 1862 1654 826 618 1888 1680 1868 1660 1858 1650 1888 1680 1877 1669 1868 1660 1888 1680 872 664 1877 1669 1888 1680 857 649 872 664 1888 1680 1858 1650 857 649 1889 1681 1882 1674 1872 1664 1889 1681 1872 1664 1883 1675 1890 1682 1878 1670 1876 1668 1890 1682 870 662 1878 1670 1890 1682 874 666 870 662 1890 1682 1882 1674 1889 1681 1890 1682 1876 1668 1882 1674 1891 1683 1877 1669 872 664 1891 1683 1874 1666 1877 1669 1891 1683 1875 1667 1874 1666 1892 1684 1887 1679 1886 1678 1893 1685 1889 1681 1883 1675 1894 1686 1883 1675 1884 1676 1894 1686 1884 1676 1895 1687 1896 1688 1893 1685 1883 1675 1896 1688 1883 1675 1894 1686 1897 1689 1887 1679 1892 1684 1897 1689 616 408 611 403 1898 1690 1892 1684 1886 1678 1899 1691 877 669 874 666 1899 1691 874 666 1890 1682 1899 1691 1893 1685 1896 1688 1899 1691 1890 1682 1889 1681 1899 1691 1889 1681 1893 1685 1900 1692 1901 1693 1875 1667 1902 1694 1896 1688 1894 1686 1903 1695 1885 1677 1880 1672 1903 1695 1857 1649 1885 1677 1904 1696 1895 1687 1905 1697 1904 1696 1894 1686 1895 1687 1906 1698 1875 1667 1891 1683 1906 1698 1900 1692 1875 1667 1907 1699 834 626 1857 1649 1907 1699 1886 1678 834 626 1908 1700 1894 1686 1904 1696 1908 1700 1902 1694 1894 1686 1909 1701 886 678 1906 1698 1909 1701 872 664 886 678 1909 1701 1891 1683 872 664 1909 1701 1906 1698 1891 1683 1910 1702 841 633 1871 1663 1910 1702 1871 1663 607 399 1910 1702 607 399 614 406 1911 1703 860 652 841 633 1912 1704 1910 1702 614 406 1912 1704 1911 1703 841 633 1912 1704 841 633 1910 1702 1913 1705 1902 1694 1908 1700 1913 1705 880 672 877 669 1913 1705 877 669 1899 1691 1913 1705 1899 1691 1896 1688 1913 1705 1896 1688 1902 1694 1914 1706 1908 1700 1904 1696 1915 1707 1886 1678 1907 1699 1915 1707 1898 1690 1886 1678 1916 1708 1914 1706 1904 1696 1917 1709 1906 1698 886 678 1917 1709 1900 1692 1906 1698 1917 1709 1901 1693 1900 1692 1918 1710 884 676 882 674 1918 1710 1908 1700 1914 1706 1918 1710 1914 1706 1916 1708 1918 1710 882 674 880 672 1918 1710 880 672 1913 1705 1918 1710 1913 1705 1908 1700 1919 1711 617 409 616 408 1919 1711 1898 1690 1915 1707 1919 1711 1897 1689 1892 1684 1919 1711 616 408 1897 1689 1919 1711 1892 1684 1898 1690 1920 1712 1916 1708 1904 1696 1920 1712 1905 1697 1921 1713 1920 1712 1921 1713 1922 1714 1920 1712 1904 1696 1905 1697 1923 1715 842 634 844 636 1924 1716 1915 1707 1907 1699 1925 1717 860 652 1911 1703 1925 1717 1912 1704 614 406 1925 1717 1911 1703 1912 1704 1926 1718 854 646 858 650 1926 1718 1923 1715 844 636 1926 1718 852 644 854 646 1926 1718 849 641 852 644 1926 1718 844 636 847 639 1926 1718 847 639 849 641 1927 1719 861 653 863 655 1927 1719 858 650 861 653 1927 1719 1928 1720 1923 1715 1927 1719 1923 1715 1926 1718 1927 1719 1926 1718 858 650 1929 1721 1916 1708 1920 1712 1930 1722 1931 1723 1901 1693 1932 1724 1920 1712 1922 1714 1932 1724 1929 1721 1920 1712 1933 1725 1918 1710 1916 1708 1933 1725 895 687 884 676 1933 1725 1916 1708 1929 1721 1933 1725 884 676 1918 1710 1934 1726 1901 1693 1917 1709 1934 1726 1930 1722 1901 1693 1935 1727 1929 1721 1932 1724 1935 1727 1933 1725 1929 1721 1936 1728 890 682 1934 1726 1936 1728 1934 1726 1917 1709 1936 1728 1917 1709 886 678 1936 1728 886 678 890 682 1937 1729 1932 1724 1922 1714 1937 1729 1922 1714 1938 1730 1939 1731 1903 1695 1880 1672 1940 1732 1932 1724 1937 1729 1940 1732 1935 1727 1932 1724 1941 1733 1923 1715 1928 1720 1942 1734 875 667 860 652 1943 1735 614 406 622 414 1943 1735 1925 1717 614 406 1944 1736 1942 1734 860 652 1944 1736 1925 1717 1943 1735 1944 1736 1943 1735 622 414 1944 1736 860 652 1925 1717 1945 1737 626 418 617 409 1945 1737 1915 1707 1924 1716 1945 1737 617 409 1919 1711 1945 1737 1924 1716 1946 1738 1945 1737 1919 1711 1915 1707 1947 1739 1940 1732 1937 1729 1948 1740 1934 1726 890 682 1948 1740 1931 1723 1930 1722 1948 1740 1930 1722 1934 1726 1949 1741 1947 1739 1937 1729 1949 1741 1938 1730 1950 1742 1949 1741 1937 1729 1938 1730 1951 1743 1947 1739 1949 1741 1952 1744 893 685 895 687 1952 1744 1940 1732 1947 1739 1952 1744 1947 1739 1951 1743 1952 1744 1933 1725 1935 1727 1952 1744 895 687 1933 1725 1952 1744 1935 1727 1940 1732 1953 1745 865 657 868 660 1953 1745 863 655 865 657 1953 1745 1928 1720 1927 1719 1953 1745 1927 1719 863 655 1954 1746 1951 1743 1949 1741 1954 1746 1952 1744 1951 1743 1955 1747 1956 1748 1931 1723 1957 1749 1928 1720 1953 1745 1958 1750 887 679 888 680 1958 1750 1953 1745 868 660 1958 1750 876 668 879 671 1958 1750 868 660 873 665 1958 1750 873 665 876 668 1958 1750 1957 1749 1953 1745 1958 1750 883 675 887 679 1958 1750 879 671 881 673 1958 1750 881 673 883 675 1958 1750 888 680 897 689 1959 1751 875 667 1942 1734 1959 1751 1944 1736 622 414 1959 1751 1942 1734 1944 1736 1960 1752 1928 1720 1957 1749 1960 1752 1957 1749 1958 1750 1961 1753 1931 1723 1948 1740 1961 1753 1955 1747 1931 1723 1962 1754 1945 1737 1946 1738 1962 1754 1946 1738 1963 1755 1962 1754 627 419 626 418 1962 1754 626 418 1945 1737 1964 1756 1965 1757 1954 1746 1964 1756 1949 1741 1950 1742 1964 1756 1954 1746 1949 1741 1964 1756 1950 1742 1966 1758 1967 1759 894 686 893 685 1967 1759 1954 1746 1965 1757 1967 1759 893 685 1952 1744 1967 1759 1952 1744 1954 1746 1968 1760 1963 1755 1939 1731 1968 1760 1962 1754 1963 1755 1969 1761 1948 1740 890 682 1969 1761 1961 1753 1948 1740 1969 1761 904 696 1961 1753 1969 1761 890 682 904 696 1970 1762 1965 1757 1964 1756 1970 1762 1967 1759 1965 1757 1971 1763 1970 1762 1964 1756 1972 1764 896 688 894 686 1972 1764 901 693 896 688 1972 1764 894 686 1967 1759 1972 1764 1967 1759 1970 1762 1972 1764 1970 1762 1971 1763 1973 1765 1956 1748 1955 1747 1973 1765 1961 1753 904 696 1973 1765 1955 1747 1961 1753 1974 1766 1958 1750 897 689 1974 1766 1928 1720 1960 1752 1974 1766 1960 1752 1958 1750 1975 1767 875 667 1959 1751 1976 1768 622 414 631 423 1976 1768 631 423 1975 1767 1976 1768 1959 1751 622 414 1976 1768 1975 1767 1959 1751 1977 1769 891 683 871 663 1977 1769 871 663 875 667 1977 1769 875 667 1975 1767 1978 1770 909 701 901 693 1978 1770 901 693 1972 1764 1978 1770 1972 1764 1971 1763 1979 1771 1964 1756 1966 1758 1979 1771 1966 1758 1980 1772 1979 1771 1971 1763 1964 1756 1981 1773 1978 1770 1971 1763 1981 1773 1971 1763 1979 1771 1982 1774 1983 1775 1956 1748 1984 1776 1974 1766 1985 1777 1984 1776 1928 1720 1974 1766 1986 1778 639 431 627 419 1986 1778 627 419 1962 1754 1986 1778 1962 1754 1968 1760 1986 1778 1968 1760 1987 1779 1988 1780 1982 1774 1956 1748 1988 1780 1956 1748 1973 1765 1989 1781 1988 1780 1973 1765 1989 1781 914 706 1988 1780 1989 1781 904 696 914 706 1989 1781 1973 1765 904 696 1990 1782 1981 1773 1979 1771 1990 1782 1978 1770 1981 1773 1991 1783 1979 1771 1980 1772 1991 1783 1980 1772 1992 1784 1991 1783 1990 1782 1979 1771 1993 1785 1975 1767 631 423 1993 1785 891 683 1977 1769 1993 1785 1977 1769 1975 1767 1994 1786 1987 1779 1995 1787 1996 1788 1990 1782 1991 1783 1997 1789 1982 1774 1988 1780 1998 1790 1990 1782 1996 1788 1998 1790 1978 1770 1990 1782 1998 1790 911 703 909 701 1998 1790 909 701 1978 1770 1999 1791 1998 1790 1996 1788 2000 1792 900 692 902 694 2000 1792 898 690 900 692 2000 1792 1985 1777 1974 1766 2000 1792 902 694 905 697 2000 1792 905 697 910 702 2000 1792 2001 1793 1985 1777 2000 1792 892 684 898 690 2000 1792 1974 1766 897 689 2000 1792 897 689 892 684 2002 1794 1984 1776 1985 1777 2003 1795 2004 1796 1983 1775 2005 1797 1996 1788 1991 1783 2005 1797 1991 1783 1992 1784 2005 1797 1999 1791 1996 1788 2005 1797 1992 1784 2006 1798 2007 1799 906 698 891 683 2008 1800 1983 1775 1982 1774 2008 1800 1982 1774 1997 1789 2008 1800 2003 1795 1983 1775 2009 1801 1993 1785 631 423 2009 1801 631 423 641 433 2010 1802 891 683 1993 1785 2010 1802 2007 1799 891 683 2010 1802 1993 1785 2009 1801 2010 1802 2009 1801 641 433 2011 1803 1998 1790 1999 1791 2011 1803 1999 1791 2005 1797 2012 1804 1986 1778 1987 1779 2012 1804 1987 1779 1994 1786 2012 1804 639 431 1986 1778 2012 1804 648 440 639 431 2012 1804 1994 1786 2013 1805 2014 1806 1988 1780 914 706 2014 1806 1997 1789 1988 1780 2014 1806 914 706 924 716 2014 1806 2008 1800 1997 1789 2015 1807 911 703 1998 1790 2015 1807 1998 1790 2011 1803 2015 1807 912 704 911 703 2016 1808 2015 1807 2011 1803 2016 1808 2011 1803 2005 1797 2017 1809 2004 1796 2003 1795 2017 1809 2003 1795 2008 1800 2017 1809 2014 1806 924 716 2017 1809 2008 1800 2014 1806 2018 1810 2007 1799 2010 1802 2018 1810 906 698 2007 1799 2018 1810 2010 1802 641 433 2019 1811 920 712 912 704 2019 1811 2015 1807 2016 1808 2019 1811 912 704 2015 1807 2020 1812 2013 1805 2002 1794 2020 1812 2012 1804 2013 1805 2021 1813 2019 1811 2016 1808 2022 1814 2021 1813 2016 1808 2022 1814 2005 1797 2006 1798 2022 1814 2006 1798 2023 1815 2022 1814 2016 1808 2005 1797 2024 1816 2025 1817 2004 1796 2026 1818 2019 1811 2021 1813 2026 1818 2021 1813 2022 1814 2027 1819 2004 1796 2017 1809 2027 1819 2024 1816 2004 1796 2028 1820 916 708 906 698 2029 1821 2002 1794 1985 1777 2029 1821 2020 1812 2002 1794 2030 1822 931 723 2027 1819 2030 1822 2027 1819 2017 1809 2030 1822 924 716 931 723 2030 1822 2017 1809 924 716 2031 1823 2028 1820 906 698 2031 1823 906 698 2018 1810 2032 1824 2022 1814 2023 1815 2032 1824 2023 1815 2033 1825 2032 1824 2026 1818 2022 1814 2034 1826 644 436 2031 1823 2034 1826 641 433 644 436 2034 1826 2031 1823 2018 1810 2034 1826 2018 1810 641 433 2035 1827 921 713 928 720 2035 1827 928 720 2001 1793 2035 1827 908 700 915 707 2035 1827 2001 1793 2000 1792 2035 1827 915 707 917 709 2035 1827 910 702 908 700 2035 1827 2000 1792 910 702 2035 1827 917 709 921 713 2036 1828 2020 1812 2029 1821 2036 1828 648 440 2012 1804 2036 1828 656 448 648 440 2036 1828 2012 1804 2020 1812 2037 1829 2026 1818 2032 1824 2038 1830 2029 1821 1985 1777 2038 1830 1985 1777 2001 1793 2039 1831 2019 1811 2026 1818 2039 1831 920 712 2019 1811 2039 1831 922 714 920 712 2039 1831 2026 1818 2037 1829 2040 1832 2029 1821 2038 1830 2041 1833 2039 1831 2037 1829 2042 1834 2027 1819 931 723 2042 1834 2024 1816 2027 1819 2042 1834 2025 1817 2024 1816 2043 1835 2031 1823 644 436 2043 1835 916 708 2028 1820 2043 1835 2028 1820 2031 1823 2044 1836 2037 1829 2032 1824 2044 1836 2041 1833 2037 1829 2044 1836 2032 1824 2033 1825 2044 1836 2033 1825 2045 1837 2046 1838 656 448 2036 1828 2046 1838 657 449 656 448 2046 1838 2029 1821 2040 1832 2046 1838 2036 1828 2029 1821 2047 1839 2041 1833 2044 1836 2047 1839 2039 1831 2041 1833 2048 1840 922 714 2039 1831 2048 1840 2039 1831 2047 1839 2048 1840 926 718 922 714 2049 1841 2050 1842 2025 1817 2051 1843 2047 1839 2044 1836 2051 1843 2048 1840 2047 1839 2052 1844 2046 1838 2040 1832 2052 1844 2040 1832 2038 1830 2053 1845 2025 1817 2042 1834 2053 1845 2049 1841 2025 1817 2054 1846 931 723 940 732 2054 1846 2042 1834 931 723 2054 1846 940 732 2053 1845 2054 1846 2053 1845 2042 1834 2055 1847 927 719 916 708 2056 1848 916 708 2043 1835 2056 1848 2055 1847 916 708 2057 1849 926 718 2048 1840 2057 1849 2048 1840 2051 1843 2057 1849 934 726 926 718 2058 1850 644 436 666 458 2058 1850 666 458 2056 1848 2058 1850 2043 1835 644 436 2058 1850 2056 1848 2043 1835 2059 1851 2001 1793 928 720 2059 1851 2038 1830 2001 1793 2059 1851 2052 1844 2038 1830 2060 1852 2051 1843 2044 1836 2060 1852 2057 1849 2051 1843 2061 1853 2052 1844 2059 1851 2062 1854 2044 1836 2045 1837 2062 1854 2045 1837 2063 1855 2062 1854 2060 1852 2044 1836 2064 1856 2049 1841 2053 1845 2065 1857 2046 1838 2052 1844 2065 1857 2052 1844 2061 1853 2065 1857 674 466 657 449 2065 1857 657 449 2046 1838 2066 1858 2057 1849 2060 1852 2066 1858 2060 1852 2062 1854 2067 1859 927 719 2055 1847 2067 1859 2056 1848 666 458 2067 1859 2055 1847 2056 1848 2068 1860 2069 1861 2050 1842 2070 1862 934 726 2057 1849 2070 1862 936 728 934 726 2070 1862 2057 1849 2066 1858 2071 1863 2050 1842 2049 1841 2071 1863 2068 1860 2050 1842 2071 1863 2049 1841 2064 1856 2072 1864 2061 1853 2059 1851 2072 1864 2065 1857 2061 1853 2073 1865 2070 1862 2066 1858 2074 1866 2064 1856 2053 1845 2074 1866 2071 1863 2064 1856 2074 1866 940 732 949 741 2074 1866 2053 1845 940 732 2075 1867 2062 1854 2063 1855 2075 1867 2073 1865 2066 1858 2075 1867 2066 1858 2062 1854 2075 1867 2063 1855 2076 1868 2077 1869 2059 1851 928 720 2077 1869 928 720 937 729 2078 1870 2059 1851 2077 1869 2078 1870 2072 1864 2059 1851 2079 1871 2068 1860 2071 1863 2079 1871 2071 1863 2074 1866 2079 1871 2069 1861 2068 1860 2080 1872 2073 1865 2075 1867 2080 1872 2070 1862 2073 1865 2081 1873 2067 1859 666 458 2082 1874 2081 1873 2083 1875 2082 1874 2067 1859 2081 1873 2082 1874 927 719 2067 1859 2084 1876 2065 1857 2072 1864 2084 1876 674 466 2065 1857 2084 1876 2072 1864 2078 1870 2084 1876 683 475 674 466 2085 1877 936 728 2070 1862 2085 1877 944 736 936 728 2085 1877 2070 1862 2080 1872 2086 1878 2087 1879 2069 1861 2088 1880 2069 1861 2079 1871 2088 1880 2086 1878 2069 1861 2089 1881 949 741 965 757 2089 1881 2074 1866 949 741 2089 1881 2079 1871 2074 1866 2089 1881 2088 1880 2079 1871 2089 1881 965 757 2088 1880 2090 1882 2082 1874 2083 1875 2090 1882 941 733 2091 1883 2090 1882 2091 1883 2082 1874 2092 1884 944 736 2085 1877 2092 1884 2075 1867 2076 1868 2092 1884 2080 1872 2075 1867 2092 1884 2085 1877 2080 1872 2092 1884 952 744 944 736 2092 1884 2076 1868 2093 1885 2092 1884 2093 1885 960 752 2092 1884 960 752 952 744 2094 1886 666 458 665 457 2094 1886 665 457 955 747 2095 1887 2078 1870 2077 1869 2095 1887 2084 1876 2078 1870 2095 1887 683 475 2084 1876 2095 1887 692 484 683 475 2096 1888 2088 1880 965 757 2096 1888 2086 1878 2088 1880 2096 1888 2087 1879 2086 1878 2097 1889 2083 1875 2081 1873 2097 1889 955 747 957 749 2097 1889 2094 1886 955 747 2097 1889 957 749 2083 1875 2097 1889 666 458 2094 1886 2097 1889 2081 1873 666 458 2098 1890 2090 1882 2083 1875 2099 1891 950 742 941 733 2100 1892 2090 1882 2098 1890 2100 1892 2099 1891 941 733 2100 1892 2098 1890 986 778 2100 1892 941 733 2090 1882 2101 1893 2102 1894 2087 1879 2103 1895 2101 1893 2087 1879 2103 1895 2087 1879 2096 1888 2104 1896 971 763 2103 1895 2104 1896 2103 1895 2096 1888 2104 1896 965 757 971 763 2104 1896 2096 1888 965 757 2105 1897 950 742 2099 1891 2105 1897 2099 1891 2100 1892 2105 1897 2100 1892 986 778 2106 1898 2101 1893 2103 1895 2106 1898 2103 1895 971 763 2106 1898 2102 1894 2101 1893 2107 1899 957 749 973 765 2107 1899 2083 1875 957 749 2108 1900 2098 1890 2083 1875 2108 1900 973 765 975 767 2108 1900 2083 1875 2107 1899 2108 1900 2107 1899 973 765 2108 1900 986 778 2098 1890 2108 1900 975 767 986 778 2109 1901 2110 1902 2102 1894 2111 1903 2109 1901 2102 1894 2111 1903 2102 1894 2106 1898 2112 1904 971 763 992 784 2112 1904 2106 1898 971 763 2112 1904 2111 1903 2106 1898 2113 1905 2105 1897 986 778 2113 1905 983 775 985 777 2113 1905 986 778 983 775 2114 1906 2113 1905 985 777 2114 1906 950 742 2105 1897 2114 1906 2105 1897 2113 1905 2115 1907 950 742 2114 1906 2116 1908 2117 1909 2110 1902 2116 1908 2110 1902 2109 1901 2118 1910 2116 1908 2109 1901 2118 1910 2109 1901 2111 1903 2119 1911 2120 1912 2117 1909 2119 1911 2117 1909 2116 1908 2121 1913 2116 1908 2118 1910 2122 1914 710 502 963 755 2122 1914 963 755 976 768 2123 1915 972 764 2115 1907 2123 1915 2114 1906 985 777 2123 1915 2115 1907 2114 1906 2124 1916 2116 1908 2121 1913 2125 1917 2118 1910 2111 1903 2125 1917 2121 1913 2118 1910 2125 1917 2112 1904 992 784 2125 1917 2111 1903 2112 1904 2125 1917 992 784 1007 799 2126 1918 2119 1911 2116 1908 2126 1918 2116 1908 2124 1916 2127 1919 996 788 997 789 2127 1919 982 774 996 788 2127 1919 976 768 982 774 2127 1919 2122 1914 976 768 2128 1920 2129 1921 2120 1912 2128 1920 2120 1912 2119 1911 2130 1922 710 502 2122 1914 2130 1922 2127 1919 997 789 2130 1922 2122 1914 2127 1919 2130 1922 997 789 710 502 2131 1923 2119 1911 2126 1918 2132 1924 2128 1920 2119 1911 2132 1924 2119 1911 2131 1923 2133 1925 2126 1918 2124 1916 2133 1925 2124 1916 2121 1913 2133 1925 2121 1913 2125 1917 2133 1925 2125 1917 1007 799 2133 1925 1007 799 1013 805 2134 1926 2135 1927 2129 1921 2134 1926 2129 1921 2128 1920 2136 1928 2128 1920 2132 1924 2137 1929 2123 1915 985 777 2138 1930 2133 1925 1013 805 2138 1930 2126 1918 2133 1925 2138 1930 2131 1923 2126 1918 2138 1930 2132 1924 2131 1923 2138 1930 1013 805 1015 807 2139 1931 995 787 972 764 2140 1932 972 764 2123 1915 2140 1932 2137 1929 1035 827 2140 1932 2123 1915 2137 1929 2140 1932 2139 1931 972 764 2141 1933 2128 1920 2136 1928 2141 1933 2134 1926 2128 1920 2142 1934 989 781 702 494 2142 1934 702 494 711 503 2143 1935 987 779 967 759 2144 1936 2134 1926 2141 1933 2145 1937 974 766 1002 794 2145 1937 975 767 974 766 2146 1938 2138 1930 1015 807 2146 1938 2144 1936 2141 1933 2146 1938 2132 1924 2138 1930 2146 1938 1015 807 1018 810 2146 1938 2136 1928 2132 1924 2146 1938 2141 1933 2136 1928 2147 1939 967 759 978 770 2147 1939 978 770 1008 800 2147 1939 2143 1935 967 759 2148 1940 2145 1937 1002 794 2148 1940 975 767 2145 1937 2148 1940 983 775 975 767 2148 1940 1002 794 1004 796 2149 1941 2150 1942 2135 1927 2149 1941 2135 1927 2134 1926 2151 1943 1004 796 984 776 2151 1943 2148 1940 1004 796 2151 1943 983 775 2148 1940 2151 1943 984 776 983 775 2152 1944 1008 800 1010 802 2152 1944 2147 1939 1008 800 2152 1944 2143 1935 2147 1939 2153 1945 2143 1935 2152 1944 2153 1945 987 779 2143 1935 2153 1945 2152 1944 1010 802 2153 1945 988 780 987 779 2153 1945 1010 802 988 780 2154 1946 2142 1934 711 503 2154 1946 989 781 2142 1934 2155 1947 2134 1926 2144 1936 2155 1947 2149 1941 2134 1926 2156 1948 2150 1942 2149 1941 2156 1948 2157 1949 2150 1942 2158 1950 2140 1932 1035 827 2158 1950 995 787 2139 1931 2158 1950 2139 1931 2140 1932 2159 1951 2154 1946 1043 835 2159 1951 989 781 2154 1946 2159 1951 990 782 989 781 2159 1951 1043 835 990 782 2160 1952 2146 1938 1018 810 2160 1952 2155 1947 2144 1936 2160 1952 1018 810 2161 1953 2160 1952 2144 1936 2146 1938 2162 1954 984 776 1020 812 2162 1954 985 777 984 776 2163 1955 2156 1948 2149 1941 2163 1955 2149 1941 2155 1947 2163 1955 2155 1947 2160 1952 2164 1956 2137 1929 985 777 2164 1956 985 777 2162 1954 2164 1956 1020 812 1022 814 2164 1956 2162 1954 1020 812 2164 1956 1035 827 2137 1929 2164 1956 1022 814 1035 827 2165 1957 2157 1949 2156 1948 2165 1957 2166 1958 2157 1949 2167 1959 2156 1948 2163 1955 2167 1959 2165 1957 2156 1948 2168 1960 2165 1957 2167 1959 2169 1961 718 510 1028 820 2169 1961 711 503 718 510 2170 1962 2158 1950 1035 827 2170 1962 1032 824 1034 826 2170 1962 1035 827 1032 824 2171 1963 1011 803 995 787 2172 1964 2154 1946 711 503 2172 1964 1043 835 2154 1946 2172 1964 2169 1961 1028 820 2172 1964 711 503 2169 1961 2173 1965 2166 1958 2165 1957 2173 1965 2174 1966 2166 1958 2175 1967 2171 1963 995 787 2175 1967 2158 1950 2170 1962 2175 1967 995 787 2158 1950 2175 1967 2170 1962 1034 826 2176 1968 2165 1957 2168 1960 2177 1969 2161 1953 1045 837 2177 1969 2160 1952 2161 1953 2177 1969 2163 1955 2160 1952 2177 1969 2167 1959 2163 1955 2177 1969 2168 1960 2167 1959 2177 1969 2176 1968 2168 1960 2178 1970 721 513 709 501 2178 1970 709 501 1016 808 2179 1971 1008 800 990 782 2179 1971 990 782 1043 835 2180 1972 2165 1957 2176 1968 2180 1972 2173 1965 2165 1957 2181 1973 2176 1968 2177 1969 2181 1973 2177 1969 1045 837 2181 1973 2180 1972 2176 1968 2181 1973 1045 837 1047 839 2182 1974 2173 1965 2180 1972 2183 1975 2174 1966 2173 1965 2183 1975 2184 1976 2174 1966 2185 1977 2173 1965 2182 1974 2185 1977 2183 1975 2173 1965 2186 1978 1045 837 2161 1953 2186 1978 1018 810 1025 817 2186 1978 1046 838 1045 837 2186 1978 1025 817 1046 838 2186 1978 2161 1953 1018 810 2187 1979 2179 1971 1043 835 2187 1979 1043 835 1040 832 2188 1980 1028 820 1030 822 2188 1980 2172 1964 1028 820 2188 1980 1043 835 2172 1964 2188 1980 1030 822 1043 835 2189 1981 1012 804 1006 798 2189 1981 999 791 1011 803 2189 1981 1014 806 1012 804 2189 1981 1006 798 999 791 2190 1982 2178 1970 1016 808 2190 1982 1016 808 1031 823 2190 1982 1049 841 1058 850 2190 1982 1031 823 1049 841 2191 1983 1047 839 1051 843 2191 1983 2182 1974 2180 1972 2191 1983 2180 1972 2181 1973 2191 1983 2185 1977 2182 1974 2191 1983 2181 1973 1047 839 2192 1984 2179 1971 2187 1979 2193 1985 2171 1963 2175 1967 2193 1985 1011 803 2171 1963 2193 1985 2175 1967 1034 826 2194 1986 2183 1975 2185 1977 2194 1986 2185 1977 2191 1983 2195 1987 1008 800 2179 1971 2195 1987 1009 801 1008 800 2195 1987 2179 1971 2192 1984 2196 1988 2183 1975 2194 1986 2197 1989 2184 1976 2183 1975 2197 1989 2183 1975 2196 1988 2197 1989 2198 1990 2184 1976 2199 1991 721 513 2178 1970 2199 1991 2190 1982 1058 850 2199 1991 2178 1970 2190 1982 2200 1992 721 513 2199 1991 2200 1992 730 522 721 513 2201 1993 2189 1981 1011 803 2202 1994 2203 1995 1046 838 2202 1994 1017 809 1014 806 2202 1994 2189 1981 2201 1993 2202 1994 1025 817 1017 809 2202 1994 1014 806 2189 1981 2202 1994 1046 838 1025 817 2202 1994 2201 1993 2203 1995 2204 1996 2197 1989 2196 1988 2205 1997 725 517 731 523 2205 1997 1028 820 725 517 2206 1998 2194 1986 2191 1983 2206 1998 2191 1983 1051 843 2206 1998 2196 1988 2194 1986 2206 1998 2204 1996 2196 1988 2206 1998 1051 843 1064 856 2206 1998 1064 856 1067 859 2207 1999 2197 1989 2204 1996 2207 1999 2204 1996 2206 1998 2208 2000 1040 832 1042 834 2208 2000 2192 1984 2187 1979 2208 2000 1009 801 2195 1987 2208 2000 2195 1987 2192 1984 2208 2000 2187 1979 1040 832 2208 2000 1042 834 1009 801 2209 2001 2197 1989 2207 1999 2209 2001 2198 1990 2197 1989 2209 2001 2210 2002 2198 1990 2211 2003 2209 2001 2207 1999 2212 2004 1068 860 1070 862 2212 2004 1034 826 1068 860 2212 2004 2193 1985 1034 826 2213 2005 1011 803 2193 1985 2213 2005 2212 2004 1070 862 2213 2005 2193 1985 2212 2004 2214 2006 2199 1991 1058 850 2214 2006 730 522 2200 1992 2214 2006 2200 1992 2199 1991 2215 2007 2207 1999 2206 1998 2215 2007 2211 2003 2207 1999 2215 2007 2206 1998 1067 859 2215 2007 1067 859 1074 866 2216 2008 2211 2003 2215 2007 2216 2008 2209 2001 2211 2003 2217 2009 2205 1997 731 523 2217 2009 1028 820 2205 1997 2218 2010 2201 1993 1011 803 2218 2010 1011 803 2213 2005 2218 2010 2203 1995 2201 1993 2219 2011 1028 820 2217 2009 2219 2011 2217 2009 2220 2012 2219 2011 1029 821 1028 820 2219 2011 2220 2012 1029 821 2221 2013 2210 2002 2209 2001 2221 2013 2222 2014 2223 2015 2221 2013 2223 2015 2210 2002 2224 2016 1058 850 1081 873 2224 2016 2214 2006 1058 850 2225 2017 2214 2006 2224 2016 2225 2017 2224 2016 1081 873 2225 2017 730 522 2214 2006 2226 2018 2209 2001 2216 2008 2226 2018 2221 2013 2209 2001 2227 2019 1074 866 1094 886 2227 2019 2215 2007 1074 866 2227 2019 2226 2018 2216 2008 2227 2019 2216 2008 2215 2007 2228 2020 730 522 2225 2017 2228 2020 738 530 730 522 2229 2021 736 528 1082 874 2229 2021 731 523 736 528 2230 2022 2227 2019 1094 886 2230 2022 1093 885 1098 890 2230 2022 1094 886 1093 885 2230 2022 2222 2014 2221 2013 2230 2022 2221 2013 2226 2018 2230 2022 2226 2018 2227 2019 2230 2022 1098 890 1097 889 2230 2022 1097 889 2231 2023 2230 2022 2231 2023 2222 2014 2232 2024 1065 857 1048 840 2232 2024 1048 840 1024 816 2232 2024 1024 816 2233 2025 2234 2026 2229 2021 1082 874 2234 2026 731 523 2229 2021 2234 2026 2217 2009 731 523 2234 2026 2220 2012 2217 2009 2235 2027 2203 1995 2218 2010 2235 2027 2218 2010 2213 2005 2235 2027 2213 2005 1070 862 2236 2028 1061 853 1029 821 2236 2028 1029 821 2220 2012 2237 2029 2225 2017 1081 873 2237 2029 2228 2020 2225 2017 2237 2029 738 530 2228 2020 2238 2030 1063 855 1056 848 2238 2030 1050 842 1044 836 2238 2030 1046 838 2203 1995 2238 2030 1066 858 1063 855 2238 2030 1073 865 1066 858 2238 2030 1105 897 1078 870 2238 2030 1056 848 1050 842 2238 2030 1078 870 1073 865 2238 2030 1044 836 1046 838 2239 2031 2235 2027 1070 862 2239 2031 1070 862 1089 881 2240 2032 2203 1995 2235 2027 2240 2032 2235 2027 2239 2031 2241 2033 2220 2012 2234 2026 2241 2033 1084 876 2220 2012 2241 2033 2234 2026 1082 874 2241 2033 1082 874 1084 876 2242 2034 1061 853 2236 2028 2243 2035 2238 2030 2203 1995 2243 2035 1105 897 2238 2030 2244 2036 1081 873 1104 896 2244 2036 2237 2029 1081 873 2245 2037 1041 833 1062 854 2245 2037 1079 871 1041 833 2246 2038 738 530 2237 2029 2246 2038 2237 2029 2244 2036 2246 2038 2244 2036 1104 896 2247 2039 1076 868 1039 831 2248 2040 1062 854 1061 853 2248 2040 2249 2041 1062 854 2248 2040 1061 853 2242 2034 2250 2042 1033 825 1053 845 2250 2042 1053 845 1101 893 2251 2043 744 536 738 530 2251 2043 738 530 2246 2038 2252 2044 1068 860 1033 825 2252 2044 1033 825 2250 2042 2253 2045 2203 1995 2240 2032 2254 2046 1065 857 2232 2024 2254 2046 2232 2024 2233 2025 2254 2046 2233 2025 2255 2047 2256 2048 1060 852 1109 901 2256 2048 1039 831 1060 852 2256 2048 2247 2039 1039 831 2257 2049 1065 857 2254 2046 2257 2049 1088 880 1065 857 2258 2050 1069 861 1068 860 2258 2050 1103 895 1069 861 2258 2050 1068 860 2252 2044 2259 2051 2253 2045 2240 2032 2259 2051 2239 2031 1089 881 2259 2051 2240 2032 2239 2031 2259 2051 1091 883 2253 2045 2259 2051 1089 881 1091 883 2260 2052 2247 2039 2256 2048 2261 2053 1082 874 741 533 2262 2054 2243 2035 2203 1995 2262 2054 1105 897 2243 2035 2262 2054 2203 1995 2253 2045 2263 2055 1103 895 2258 2050 2263 2055 2258 2050 2252 2044 2263 2055 2250 2042 1101 893 2263 2055 2252 2044 2250 2042 2263 2055 1101 893 1103 895 2264 2056 1079 871 2245 2037 2265 2057 2246 2038 1104 896 2265 2057 744 536 2251 2043 2265 2057 2251 2043 2246 2038 2266 2058 1111 903 1077 869 2266 2058 2247 2039 2260 2052 2266 2058 1077 869 1076 868 2266 2058 1076 868 2247 2039 2267 2059 2261 2053 741 533 2267 2059 745 537 1116 908 2267 2059 741 533 745 537 2268 2060 1086 878 1055 847 2269 2061 1079 871 2264 2056 2269 2061 2264 2056 2270 2062 2269 2061 1080 872 1079 871 2269 2061 2270 2062 1080 872 2271 2063 2256 2048 1109 901 2271 2063 1109 901 1111 903 2271 2063 1111 903 2266 2058 2271 2063 2266 2058 2260 2052 2271 2063 2260 2052 2256 2048 2272 2064 2261 2053 2267 2059 2273 2065 1055 847 1077 869 2273 2065 2268 2060 1055 847 2273 2065 1077 869 1127 919 2274 2066 2261 2053 2272 2064 2274 2066 1083 875 1082 874 2274 2066 1082 874 2261 2053 2274 2066 1118 910 1083 875 2275 2067 2268 2060 2273 2065 2276 2068 1104 896 1134 926 2276 2068 2265 2057 1104 896 2277 2069 2272 2064 2267 2059 2277 2069 1116 908 1118 910 2277 2069 2267 2059 1116 908 2277 2069 2274 2066 2272 2064 2277 2069 1118 910 2274 2066 2278 2070 744 536 2265 2057 2278 2070 2265 2057 2276 2068 2278 2070 2276 2068 1134 926 2279 2071 749 541 744 536 2279 2071 744 536 2278 2070 2280 2072 1087 879 1086 878 2280 2072 1129 921 1087 879 2280 2072 1086 878 2268 2060 2280 2072 2268 2060 2275 2067 2281 2073 1083 875 1136 928 2281 2073 1084 876 1083 875 2282 2074 1105 897 2262 2054 2282 2074 2262 2054 2253 2045 2282 2074 2253 2045 1091 883 2283 2075 2254 2046 2255 2047 2283 2075 2257 2049 2254 2046 2283 2075 2255 2047 2284 2076 2285 2077 1088 880 2257 2049 2285 2077 2257 2049 2283 2075 2285 2077 2283 2075 2284 2076 2286 2078 1109 901 1080 872 2286 2078 1080 872 2270 2062 2287 2079 1127 919 1129 921 2287 2079 2273 2065 1127 919 2287 2079 2275 2067 2273 2065 2287 2079 1129 921 2280 2072 2287 2079 2280 2072 2275 2067 2288 2080 2281 2073 1136 928 2288 2080 1084 876 2281 2073 2289 2081 1121 913 1088 880 2289 2081 1088 880 2285 2077 2290 2082 1091 883 1140 932 2290 2082 1140 932 1155 947 2290 2082 2282 2074 1091 883 2291 2083 749 541 2279 2071 2291 2083 2279 2071 2278 2070 2291 2083 2278 2070 1134 926 2292 2084 1105 897 2282 2074 2292 2084 2282 2074 2290 2082 2293 2085 1116 908 748 540 2293 2085 748 540 751 543 2294 2086 2249 2041 1153 945 2294 2086 1153 945 1150 942 2295 2087 1109 901 2286 2078 2296 2088 1138 930 1153 945 2296 2088 1136 928 1138 930 2296 2088 2288 2080 1136 928 2296 2088 1153 945 2288 2080 2297 2089 1121 913 2289 2081 2297 2089 2285 2077 2284 2076 2297 2089 2289 2081 2285 2077 2298 2090 1100 892 1105 897 2298 2090 1108 900 1100 892 2298 2090 1113 905 1108 900 2298 2090 1125 917 1119 911 2298 2090 1167 959 1139 931 2298 2090 1139 931 1133 925 2298 2090 1133 925 1125 917 2298 2090 1119 911 1113 905 2299 2091 2294 2086 1150 942 2299 2091 2249 2041 2294 2086 2300 2092 2301 2093 1110 902 2300 2092 1109 901 2295 2087 2300 2092 1110 902 1109 901 2302 2094 1167 959 2298 2090 2302 2094 2298 2090 1105 897 2303 2095 1105 897 2292 2084 2304 2096 1134 926 1165 957 2304 2096 2291 2083 1134 926 2305 2097 749 541 2291 2083 2305 2097 2304 2096 1165 957 2305 2097 2291 2083 2304 2096 2306 2098 2292 2084 2290 2082 2306 2098 1171 963 2303 2095 2306 2098 2303 2095 2292 2084 2306 2098 1155 947 1171 963 2306 2098 2290 2082 1155 947 2307 2099 1183 975 1117 909 2307 2099 2293 2085 751 543 2307 2099 1116 908 2293 2085 2307 2099 1117 909 1116 908 2308 2100 749 541 2305 2097 2308 2100 752 544 749 541 2309 2101 1118 910 1117 909 2309 2101 1136 928 1118 910 2310 2102 2297 2089 2284 2076 2310 2102 2284 2076 2311 2103 2312 2104 2302 2094 1105 897 2312 2104 1105 897 2303 2095 2312 2104 2303 2095 1171 963 2313 2105 1121 913 2297 2089 2313 2105 2310 2102 2311 2103 2313 2105 2297 2089 2310 2102 2314 2106 1127 919 1111 903 2314 2106 1111 903 1110 902 2315 2107 1152 944 2316 2108 2315 2107 1150 942 1152 944 2315 2107 2299 2091 1150 942 2317 2109 1121 913 2313 2105 2317 2109 1149 941 1121 913 2318 2110 1128 920 1127 919 2318 2110 1127 919 2314 2106 2318 2110 2319 2111 1128 920 2320 2112 2305 2097 1165 957 2320 2112 2308 2100 2305 2097 2320 2112 752 544 2308 2100 2321 2113 2309 2101 1117 909 2321 2113 1117 909 1182 974 2322 2114 2309 2101 2321 2113 2323 2115 1138 930 1137 929 2323 2115 1150 942 1138 930 2324 2116 1136 928 2309 2101 2324 2116 2309 2101 2322 2114 2324 2116 1137 929 1136 928 2325 2117 1183 975 2307 2099 2325 2117 751 543 753 545 2325 2117 2307 2099 751 543 2325 2117 753 545 1188 980 2326 2118 2313 2105 2311 2103 2326 2118 2317 2109 2313 2105 2326 2118 1149 941 2317 2109 2327 2119 1167 959 2302 2094 2327 2119 2302 2094 2312 2104 2327 2119 2312 2104 1171 963 2327 2119 1171 963 1209 1001 2328 2120 1165 957 1217 1009 2328 2120 2320 2112 1165 957 2329 2121 2320 2112 2328 2120 2329 2121 2328 2120 1217 1009 2329 2121 752 544 2320 2112 2330 2122 752 544 2329 2121 2330 2122 754 546 752 544 2331 2123 1185 977 1137 929 2331 2123 1182 974 1185 977 2331 2123 2321 2113 1182 974 2331 2123 1137 929 2324 2116 2331 2123 2322 2114 2321 2113 2331 2123 2324 2116 2322 2114 2332 2124 1262 1054 1151 943 2332 2124 1150 942 2323 2115 2332 2124 1151 943 1150 942 2332 2124 2323 2115 1137 929 2333 2125 1190 982 1183 975 2333 2125 1188 980 1190 982 2333 2125 2325 2117 1188 980 2333 2125 1183 975 2325 2117 2334 2126 2326 2118 2311 2103 2334 2126 2311 2103 2335 2127 2336 2128 2334 2126 2335 2127 2336 2128 2326 2118 2334 2126 2336 2128 1149 941 2326 2118 2337 2129 1149 941 2336 2128 2337 2129 1195 987 1149 941 2338 2130 2329 2121 1217 1009 2338 2130 754 546 2330 2122 2338 2130 2330 2122 2329 2121 2339 2131 1128 920 2319 2111 2339 2131 1163 955 1128 920 2340 2132 1183 975 1190 982 2340 2132 1182 974 1183 975 2341 2133 1164 956 1163 955 2341 2133 2339 2131 1245 1037 2341 2133 1245 1037 1164 956 2341 2133 1163 955 2339 2131 2342 2134 1167 959 2327 2119 2343 2135 1179 971 1173 965 2343 2135 1191 983 1179 971 2343 2135 1198 990 1191 983 2343 2135 1173 965 1167 959 2343 2135 1205 997 1198 990 2343 2135 1167 959 2342 2134 2344 2136 1209 1001 1221 1013 2344 2136 2342 2134 2327 2119 2344 2136 1221 1013 1223 1015 2344 2136 1223 1015 2342 2134 2344 2136 2327 2119 1209 1001 2345 2137 2332 2124 1137 929 2345 2137 1137 929 1185 977 2345 2137 1185 977 1229 1021 2345 2137 1262 1054 2332 2124 2346 2138 2336 2128 2335 2127 2346 2138 2337 2129 2336 2128 2346 2138 1195 987 2337 2129 2347 2139 1190 982 1236 1028 2347 2139 2340 2132 1190 982 2348 2140 2340 2132 2347 2139 2348 2140 1182 974 2340 2132 2348 2140 1184 976 1182 974 2349 2141 2338 2130 1217 1009 2350 2142 754 546 2338 2130 2350 2142 2349 2141 1317 1109 2350 2142 2338 2130 2349 2141 2351 2143 2343 2135 2342 2134 2351 2143 1205 997 2343 2135 2351 2143 1215 1007 1210 1002 2351 2143 2342 2134 1223 1015 2351 2143 1210 1002 1205 997 2352 2144 1189 981 1188 980 2352 2144 1188 980 754 546 2352 2144 754 546 2350 2142 2353 2145 2354 2146 1255 1047 2353 2145 1255 1047 1252 1044 2355 2147 1229 1021 1231 1023 2355 2147 1231 1023 1262 1054 2355 2147 1262 1054 2345 2137 2355 2147 2345 2137 1229 1021 2356 2148 2346 2138 2335 2127 2356 2148 2335 2127 2357 2149 2358 2150 1239 1031 1227 1019 2358 2150 1266 1058 1250 1042 2358 2150 2351 2143 1223 1015 2358 2150 1287 1079 1266 1058 2358 2150 1223 1015 1287 1079 2358 2150 1215 1007 2351 2143 2358 2150 1227 1019 1215 1007 2358 2150 1250 1042 1239 1031 2359 2151 1262 1054 1259 1051 2359 2151 1151 943 1262 1054 2360 2152 1195 987 2346 2138 2360 2152 2346 2138 2356 2148 2360 2152 2356 2148 2357 2149 2361 2153 2348 2140 2347 2139 2361 2153 1236 1028 1238 1030 2361 2153 1184 976 2348 2140 2361 2153 2347 2139 1236 1028 2361 2153 1238 1030 1184 976 2362 2154 1235 1027 1195 987 2362 2154 1195 987 2360 2152 2363 2155 1229 1021 1184 976 2363 2155 1184 976 1238 1030 2364 2156 1254 1046 2365 2157 2364 2156 2353 2145 1252 1044 2364 2156 1252 1044 1254 1046 2366 2158 1189 981 2352 2144 2366 2158 2350 2142 1317 1109 2366 2158 2352 2144 2350 2142 2367 2159 1261 1053 1256 1048 2367 2159 2359 2151 1259 1051 2367 2159 1259 1051 1261 1053 2368 2160 1235 1027 2362 2154 2368 2160 2360 2152 2357 2149 2368 2160 2362 2154 2360 2152 2369 2161 1252 1044 1256 1048 2369 2161 1256 1048 1261 1053 2370 2162 1311 1103 1230 1022 2370 2162 1230 1022 1229 1021 2370 2162 1229 1021 2363 2155 2371 2163 1317 1109 1319 1111 2371 2163 2366 2158 1317 1109 2372 2164 2368 2160 2357 2149 2372 2164 2357 2149 2373 2165 2374 2166 1231 1023 1230 1022 2374 2166 1259 1051 1231 1023 2375 2167 1189 981 2366 2158 2375 2167 2371 2163 1319 1111 2375 2167 2366 2158 2371 2163 2376 2168 1189 981 2375 2167 2376 2168 1237 1029 1236 1028 2376 2168 1236 1028 1189 981 2377 2169 2372 2164 2373 2165 2377 2169 2368 2160 2372 2164 2377 2169 1235 1027 2368 2160 2378 2170 1235 1027 2377 2169 2378 2170 1280 1072 1235 1027 2379 2171 1354 1146 1253 1045 2379 2171 1252 1044 2369 2161 2379 2171 1253 1045 1252 1044 2380 2172 2374 2166 1230 1022 2380 2172 1230 1022 1310 1102 2381 2173 2374 2166 2380 2172 2381 2173 1259 1051 2374 2166 2381 2173 1260 1052 1259 1051 2382 2174 2377 2169 2373 2165 2382 2174 1280 1072 2378 2170 2382 2174 2378 2170 2377 2169 2383 2175 2376 2168 2375 2167 2383 2175 1237 1029 2376 2168 2383 2175 2375 2167 1319 1111 2384 2176 1310 1102 1313 1105 2384 2176 2380 2172 1310 1102 2384 2176 2381 2173 2380 2172 2384 2176 1260 1052 2381 2173 2384 2176 1313 1105 1260 1052 2385 2177 2382 2174 2373 2165 2385 2177 2373 2165 2386 2178 2387 2179 1280 1072 2382 2174 2387 2179 1307 1099 1280 1072 2388 2180 2385 2177 2386 2178 2388 2180 2382 2174 2385 2177 2388 2180 2387 2179 2382 2174 2389 2181 1311 1103 2390 2182 2389 2181 1310 1102 1311 1103 2391 2183 1319 1111 1367 1159 2391 2183 2383 2175 1319 1111 2392 2184 1237 1029 2383 2175 2392 2184 2383 2175 2391 2183 2392 2184 2391 2183 1367 1159 2393 2185 1237 1029 2392 2184 2394 2186 1253 1045 1354 1146 2394 2186 1354 1146 1353 1145 2395 2187 2387 2179 2388 2180 2395 2187 2388 2180 2386 2178 2396 2188 1313 1105 1361 1153 2396 2188 1260 1052 1313 1105 2397 2189 1312 1104 1310 1102 2397 2189 2389 2181 2390 2182 2397 2189 1310 1102 2389 2181 2397 2189 1387 1179 1312 1104 2398 2190 2392 2184 1367 1159 2398 2190 2390 2182 2393 2185 2398 2190 2393 2185 2392 2184 2399 2191 1357 1149 1351 1143 2399 2191 2394 2186 1353 1145 2399 2191 1353 1145 1357 1149 2400 2192 1349 1141 1258 1050 2400 2192 1258 1050 1283 1075 2400 2192 1283 1075 1306 1098 2401 2193 2396 2188 1361 1153 2401 2193 1361 1153 1363 1155 2401 2193 1363 1155 1355 1147 2401 2193 1355 1147 2396 2188 2402 2194 2395 2187 2386 2178 2402 2194 2386 2178 2403 2195 2404 2196 2387 2179 2395 2187 2404 2196 2402 2194 2403 2195 2404 2196 1307 1099 2387 2179 2404 2196 2395 2187 2402 2194 2405 2197 1307 1099 2404 2196 2405 2197 1358 1150 1307 1099 2406 2198 1353 1145 1355 1147 2406 2198 1355 1147 1363 1155 2407 2199 1349 1141 2400 2192 2407 2199 1393 1185 1349 1141 2408 2200 1367 1159 1421 1213 2408 2200 2398 2190 1367 1159 2409 2201 2408 2200 1421 1213 2409 2201 2398 2190 2408 2200 2409 2201 2390 2182 2398 2190 2410 2202 1387 1179 2397 2189 2410 2202 2390 2182 2409 2201 2410 2202 2397 2189 2390 2182 2411 2203 2404 2196 2403 2195 2411 2203 2405 2197 2404 2196 2411 2203 1358 1150 2405 2197 2412 2204 2400 2192 1306 1098 2412 2204 1306 1098 1334 1126 2413 2205 1353 1145 2406 2198 2413 2205 2406 2198 1363 1155 2413 2205 1427 1219 1356 1148 2413 2205 1356 1148 1353 1145 2414 2206 2407 2199 2400 2192 2414 2206 2400 2192 2412 2204 2415 2207 1417 1209 1393 1185 2415 2207 2407 2199 2414 2206 2415 2207 1393 1185 2407 2199 2416 2208 1387 1179 2410 2202 2416 2208 2409 2201 1421 1213 2416 2208 2410 2202 2409 2201 2417 2209 2414 2206 2412 2204 2418 2210 2411 2203 2403 2195 2418 2210 2403 2195 2419 2211 2420 2212 2411 2203 2418 2210 2420 2212 1358 1150 2411 2203 2420 2212 2418 2210 2419 2211 2421 2213 1401 1193 1358 1150 2421 2213 1358 1150 2420 2212 2422 2214 1334 1126 1366 1158 2422 2214 2412 2204 1334 1126 2423 2215 1427 1219 2413 2205 2423 2215 2413 2205 1363 1155 2423 2215 1362 1154 1430 1222 2423 2215 1363 1155 1362 1154 2424 2216 2417 2209 2412 2204 2424 2216 2412 2204 2422 2214 2425 2217 1417 1209 2415 2207 2425 2217 2415 2207 2414 2206 2425 2217 2414 2206 2417 2209 2425 2217 1451 1243 1417 1209 2425 2217 2417 2209 2424 2216 2426 2218 2416 2208 1421 1213 2427 2219 2420 2212 2419 2211 2427 2219 1401 1193 2421 2213 2427 2219 2421 2213 2420 2212 2428 2220 1387 1179 2416 2208 2428 2220 2426 2218 1483 1275 2428 2220 2416 2208 2426 2218 2429 2221 1387 1179 2428 2220 2429 2221 1385 1177 1387 1179 2429 2221 1386 1178 1385 1177 2430 2222 2424 2216 2422 2214 2431 2223 1432 1224 1427 1219 2431 2223 1427 1219 2423 2215 2431 2223 1430 1222 1432 1224 2431 2223 2423 2215 1430 1222 2432 2224 1366 1158 1391 1183 2432 2224 2422 2214 1366 1158 2433 2225 2430 2222 2422 2214 2433 2225 2422 2214 2432 2224 2434 2226 2427 2219 2419 2211 2434 2226 2419 2211 2435 2227 2436 2228 1401 1193 2427 2219 2436 2228 2427 2219 2434 2226 2436 2228 2434 2226 2435 2227 2437 2229 1472 1264 1451 1243 2437 2229 2425 2217 2424 2216 2437 2229 2430 2222 2433 2225 2437 2229 1451 1243 2425 2217 2437 2229 2424 2216 2430 2222 2438 2230 1440 1232 1401 1193 2438 2230 1401 1193 2436 2228 2439 2231 1386 1178 2429 2221 2439 2231 2428 2220 1483 1275 2439 2231 2429 2221 2428 2220 2440 2232 2433 2225 2432 2224 2441 2233 1427 1219 1432 1224 2441 2233 1432 1224 1431 1223 2441 2233 1431 1223 2442 2234 2441 2233 1426 1218 1427 1219 2443 2235 2432 2224 1391 1183 2443 2235 1391 1183 1414 1206 2443 2235 2440 2232 2432 2224 2444 2236 1440 1232 2438 2230 2444 2236 2436 2228 2435 2227 2444 2236 2438 2230 2436 2228 2445 2237 2441 2233 2442 2234 2445 2237 1426 1218 2441 2233 2445 2237 1433 1225 1426 1218 2446 2238 1386 1178 2439 2231 2447 2239 2440 2232 2443 2235 2448 2240 2439 2231 1483 1275 2448 2240 2446 2238 2439 2231 2448 2240 2449 2241 2446 2238 2450 2242 1430 1222 1386 1178 2450 2242 1431 1223 1430 1222 2450 2242 1386 1178 2446 2238 2451 2243 2440 2232 2447 2239 2451 2243 2437 2229 2433 2225 2451 2243 2433 2225 2440 2232 2451 2243 1495 1287 1472 1264 2451 2243 1472 1264 2437 2229 2452 2244 1433 1225 2445 2237 2452 2244 1505 1297 1487 1279 2452 2244 1439 1231 1433 1225 2452 2244 2442 2234 1505 1297 2452 2244 1487 1279 1439 1231 2452 2244 2445 2237 2442 2234 2453 2245 2447 2239 2443 2235 2454 2246 2444 2236 2435 2227 2454 2246 2435 2227 2455 2247 2456 2248 2454 2246 2455 2247 2456 2248 2444 2236 2454 2246 2456 2248 1440 1232 2444 2236 2457 2249 1440 1232 2456 2248 2457 2249 1466 1258 1440 1232 2458 2250 2453 2245 2443 2235 2458 2250 2443 2235 1414 1206 2458 2250 1414 1206 1435 1227 2459 2251 2450 2242 2446 2238 2459 2251 1431 1223 2450 2242 2459 2251 2446 2238 2449 2241 2460 2252 2453 2245 2458 2250 2461 2253 2451 2243 2447 2239 2461 2253 2447 2239 2453 2245 2461 2253 1495 1287 2451 2243 2461 2253 2453 2245 2460 2252 2461 2253 1515 1307 1495 1287 2462 2254 1454 1246 1462 1254 2462 2254 2463 2255 2464 2256 2462 2254 2464 2256 2465 2257 2466 2258 2456 2248 2455 2247 2466 2258 1466 1258 2457 2249 2466 2258 2457 2249 2456 2248 2467 2259 2462 2254 1462 1254 2467 2259 2463 2255 2462 2254 2468 2260 2460 2252 2458 2250 2468 2260 2461 2253 2460 2252 2469 2261 1462 1254 1470 1262 2469 2261 2470 2262 2463 2255 2469 2261 2467 2259 1462 1254 2469 2261 2463 2255 2467 2259 2471 2263 2448 2240 1483 1275 2471 2263 2449 2241 2448 2240 2471 2263 1482 1274 1517 1309 2471 2263 1483 1275 1482 1274 2471 2263 1517 1309 1535 1327 2471 2263 1535 1327 2449 2241 2472 2264 1431 1223 2459 2251 2472 2264 2442 2234 1431 1223 2473 2265 1435 1227 1453 1245 2473 2265 2468 2260 2458 2250 2473 2265 2458 2250 1435 1227 2474 2266 1484 1276 1467 1259 2474 2266 1516 1308 1482 1274 2474 2266 1482 1274 1484 1276 2474 2266 1467 1259 1485 1277 2475 2267 2459 2251 2449 2241 2476 2268 2469 2261 1470 1262 2476 2268 2470 2262 2469 2261 2477 2269 2472 2264 2459 2251 2477 2269 2459 2251 2475 2267 2477 2269 2475 2267 2478 2270 2479 2271 2468 2260 2473 2265 2480 2272 1485 1277 1466 1258 2480 2272 1466 1258 2466 2258 2481 2273 2466 2258 2455 2247 2481 2273 2455 2247 2482 2274 2483 2275 2461 2253 2468 2260 2483 2275 1515 1307 2461 2253 2483 2275 1533 1325 1515 1307 2483 2275 2468 2260 2479 2271 2484 2276 2466 2258 2481 2273 2484 2276 2480 2272 2466 2258 2484 2276 2481 2273 2482 2274 2485 2277 2486 2278 2487 2279 2485 2277 2487 2279 2476 2268 2485 2277 2476 2268 1470 1262 2485 2277 1470 1262 1476 1268 2485 2277 1476 1268 1489 1281 2488 2280 2483 2275 2479 2271 2488 2280 2479 2271 2473 2265 2489 2281 2442 2234 2472 2264 2489 2281 1505 1297 2442 2234 2490 2282 2489 2281 2472 2264 2490 2282 2477 2269 2478 2270 2490 2282 2472 2264 2477 2269 2491 2283 2486 2278 2485 2277 2492 2284 2488 2280 2473 2265 2492 2284 1453 1245 1469 1261 2492 2284 2473 2265 1453 1245 2493 2285 2485 2277 1489 1281 2493 2285 1489 1281 1496 1288 2494 2286 2480 2272 2484 2276 2494 2286 2484 2276 2482 2274 2495 2287 2487 2279 2486 2278 2495 2287 2476 2268 2487 2279 2495 2287 2486 2278 2491 2283 2495 2287 2496 2288 2497 2289 2495 2287 2497 2289 2470 2262 2495 2287 2470 2262 2476 2268 2498 2290 2488 2280 2492 2284 2499 2291 2485 2277 2493 2285 2499 2291 2495 2287 2491 2283 2499 2291 2491 2283 2485 2277 2500 2292 2499 2291 2493 2285 2501 2293 1496 1288 1501 1293 2501 2293 2493 2285 1496 1288 2502 2294 2475 2267 2449 2241 2502 2294 1536 1328 1546 1338 2502 2294 1535 1327 1536 1328 2502 2294 2478 2270 2475 2267 2502 2294 2449 2241 1535 1327 2503 2295 1505 1297 2489 2281 2503 2295 2489 2281 2490 2282 2503 2295 2490 2282 2478 2270 2504 2296 1533 1325 2483 2275 2504 2296 2488 2280 2498 2290 2504 2296 2483 2275 2488 2280 2504 2296 1549 1341 1533 1325 2505 2297 2500 2292 2493 2285 2505 2297 2493 2285 2501 2293 2506 2298 2498 2290 2492 2284 2506 2298 2504 2296 2498 2290 2507 2299 1516 1308 2474 2266 2507 2299 2474 2266 1485 1277 2508 2300 2505 2297 2501 2293 2509 2301 2480 2272 2494 2286 2509 2301 1485 1277 2480 2272 2509 2301 2507 2299 1485 1277 2510 2302 2499 2291 2500 2292 2510 2302 2496 2288 2495 2287 2510 2302 2500 2292 2505 2297 2510 2302 2511 2303 2496 2288 2510 2302 2495 2287 2499 2291 2512 2304 2494 2286 2482 2274 2512 2304 2509 2301 2494 2286 2512 2304 2513 2305 2509 2301 2512 2304 2482 2274 2513 2305 2514 2306 2492 2284 1469 1261 2514 2306 2506 2298 2492 2284 2514 2306 1469 1261 1492 1284 2515 2307 1501 1293 1510 1302 2515 2307 2501 2293 1501 1293 2516 2308 2508 2300 2501 2293 2516 2308 2501 2293 2515 2307 2517 2309 2502 2294 1546 1338 2517 2309 1546 1338 1553 1345 2517 2309 1570 1362 2478 2270 2517 2309 2478 2270 2502 2294 2517 2309 1553 1345 1570 1362 2518 2310 2506 2298 2514 2306 2519 2311 2510 2302 2505 2297 2519 2311 2520 2312 2511 2303 2519 2311 2505 2297 2508 2300 2519 2311 2511 2303 2510 2302 2519 2311 2508 2300 2516 2308 2521 2313 2516 2308 2515 2307 2522 2314 1521 1313 1504 1296 2522 2314 1504 1296 1505 1297 2523 2315 1549 1341 2504 2296 2523 2315 2504 2296 2506 2298 2523 2315 1562 1354 1549 1341 2523 2315 2506 2298 2518 2310 2524 2316 2503 2295 2478 2270 2525 2317 2515 2307 1510 1302 2525 2317 1510 1302 1520 1312 2526 2318 1516 1308 2507 2299 2526 2318 2507 2299 2509 2301 2526 2318 2509 2301 2513 2305 2527 2319 2519 2311 2516 2308 2527 2319 2528 2320 2520 2312 2527 2319 2516 2308 2521 2313 2527 2319 2520 2312 2519 2311 2529 2321 2521 2313 2515 2307 2529 2321 2527 2319 2521 2313 2529 2321 2515 2307 2525 2317 2530 2322 2522 2314 1505 1297 2530 2322 1505 1297 2503 2295 2530 2322 2503 2295 2524 2316 2530 2322 2524 2316 1589 1381 2531 2323 2523 2315 2518 2310 2531 2323 2518 2310 2514 2306 2532 2324 2529 2321 2525 2317 2533 2325 1520 1312 1525 1317 2533 2325 2525 2317 1520 1312 2534 2326 1492 1284 1507 1299 2534 2326 2531 2323 2514 2306 2534 2326 2514 2306 1492 1284 2535 2327 2525 2317 2533 2325 2535 2327 2532 2324 2525 2317 2536 2328 2531 2323 2534 2326 2537 2329 2527 2319 2529 2321 2537 2329 2529 2321 2532 2324 2537 2329 2538 2330 2528 2320 2537 2329 2532 2324 2535 2327 2537 2329 2528 2320 2527 2319 2539 2331 1534 1326 1516 1308 2540 2332 1521 1313 2522 2314 2540 2332 1513 1305 1521 1313 2541 2333 2539 2331 1516 1308 2541 2333 1516 1308 2526 2318 2542 2334 2540 2332 2522 2314 2542 2334 2522 2314 2530 2322 2542 2334 2530 2322 1589 1381 2543 2335 2535 2327 2533 2325 2544 2336 2526 2318 2513 2305 2544 2336 2541 2333 2526 2318 2544 2336 2513 2305 2545 2337 2546 2338 1562 1354 2523 2315 2546 2338 1573 1365 1562 1354 2546 2338 2531 2323 2536 2328 2546 2338 2523 2315 2531 2323 2547 2339 2524 2316 2478 2270 2547 2339 1589 1381 2524 2316 2548 2340 2533 2325 1525 1317 2548 2340 1525 1317 1531 1323 2549 2341 2543 2335 2533 2325 2550 2342 2535 2327 2543 2335 2550 2342 2538 2330 2537 2329 2550 2342 2551 2343 2538 2330 2550 2342 2543 2335 2549 2341 2550 2342 2537 2329 2535 2327 2552 2344 1507 1299 1523 1315 2552 2344 2546 2338 2536 2328 2552 2344 2534 2326 1507 1299 2552 2344 2536 2328 2534 2326 2553 2345 2549 2341 2533 2325 2553 2345 2533 2325 2548 2340 2554 2346 2540 2332 2542 2334 2554 2346 1513 1305 2540 2332 2554 2346 2542 2334 1589 1381 2555 2347 2548 2340 1531 1323 2555 2347 1531 1323 1537 1329 2556 2348 1570 1362 1569 1361 2556 2348 1569 1361 1577 1369 2556 2348 1581 1373 1580 1372 2556 2348 1580 1372 1586 1378 2556 2348 2478 2270 1570 1362 2556 2348 1586 1378 1594 1386 2556 2348 1594 1386 1590 1382 2556 2348 1590 1382 1589 1381 2556 2348 2547 2339 2478 2270 2556 2348 1589 1381 2547 2339 2556 2348 1577 1369 1581 1373 2557 2349 2539 2331 2541 2333 2558 2350 2548 2340 2555 2347 2558 2350 2553 2345 2548 2340 2559 2351 2553 2345 2558 2350 2559 2351 2560 2352 2551 2343 2559 2351 2549 2341 2553 2345 2559 2351 2551 2343 2550 2342 2559 2351 2550 2342 2549 2341 2561 2353 1571 1363 1570 1362 2561 2353 1552 1344 1571 1363 2561 2353 1553 1345 1552 1344 2561 2353 1570 1362 1553 1345 2562 2354 1537 1329 1543 1335 2562 2354 2555 2347 1537 1329 2563 2355 2558 2350 2555 2347 2564 2356 1545 1337 1534 1326 2564 2356 1534 1326 2539 2331 2564 2356 2539 2331 2557 2349 2565 2357 2552 2344 1523 1315 2565 2357 1523 1315 1584 1376 2565 2357 1573 1365 2546 2338 2565 2357 2546 2338 2552 2344 2565 2357 1592 1384 1573 1365 2565 2357 1584 1376 1592 1384 2566 2358 2555 2347 2562 2354 2566 2358 2563 2355 2555 2347 2567 2359 2563 2355 2566 2358 2567 2359 2558 2350 2563 2355 2567 2359 2568 2360 2560 2352 2567 2359 2559 2351 2558 2350 2567 2359 2560 2352 2559 2351 2569 2361 2564 2356 2557 2349 2570 2362 2566 2358 2562 2354 2571 2363 2562 2354 1543 1335 2571 2363 1543 1335 1550 1342 2572 2364 2569 2361 2557 2349 2572 2364 2557 2349 2541 2333 2572 2364 2541 2333 2544 2336 2572 2364 2544 2336 2545 2337 2572 2364 2545 2337 2573 2365 2574 2366 2570 2362 2562 2354 2575 2367 2554 2346 1589 1381 2575 2367 1513 1305 2554 2346 2576 2368 1513 1305 2575 2367 2576 2368 1554 1346 1513 1305 2577 2369 1552 1344 1545 1337 2577 2369 1545 1337 2564 2356 2578 2370 2564 2356 2569 2361 2578 2370 2577 2369 2564 2356 2579 2371 2570 2362 2574 2366 2579 2371 2568 2360 2567 2359 2579 2371 2566 2358 2570 2362 2579 2371 2580 2372 2568 2360 2579 2371 2567 2359 2566 2358 2581 2373 2574 2366 2562 2354 2581 2373 2562 2354 2571 2363 2582 2374 2571 2363 1550 1342 2582 2374 1550 1342 1555 1347 2583 2375 2577 2369 2578 2370 2584 2376 2581 2373 2571 2363 2584 2376 2571 2363 2582 2374 2585 2377 2579 2371 2574 2366 2585 2377 2574 2366 2581 2373 2585 2377 2586 2378 2580 2372 2585 2377 2580 2372 2579 2371 2585 2377 2581 2373 2584 2376 2587 2379 2582 2374 1555 1347 2587 2379 1555 1347 1559 1351 2588 2380 2584 2376 2582 2374 2589 2381 2577 2369 2583 2375 2590 2382 2578 2370 2569 2361 2590 2382 2572 2364 2573 2365 2590 2382 2583 2375 2578 2370 2590 2382 2589 2381 2583 2375 2590 2382 2569 2361 2572 2364 2590 2382 2573 2365 2591 2383 2592 2384 2588 2380 2582 2374 2593 2385 1552 1344 2577 2369 2593 2385 1571 1363 1552 1344 2594 2386 2575 2367 1589 1381 2594 2386 1629 1421 2576 2368 2594 2386 2576 2368 2575 2367 2595 2387 2587 2379 1559 1351 2595 2387 1559 1351 1564 1356 2596 2388 2577 2369 2589 2381 2596 2388 2593 2385 2577 2369 2597 2389 2582 2374 2587 2379 2597 2389 2592 2384 2582 2374 2598 2390 2599 2391 2586 2378 2598 2390 2586 2378 2585 2377 2598 2390 2585 2377 2584 2376 2598 2390 2584 2376 2588 2380 2600 2392 2597 2389 2587 2379 2601 2393 2576 2368 1629 1421 2601 2393 1554 1346 2576 2368 2601 2393 1557 1349 1554 1346 2602 2394 2596 2388 2589 2381 2602 2394 2589 2381 2590 2382 2602 2394 2590 2382 2591 2383 2602 2394 2591 2383 2603 2395 2604 2396 2600 2392 2587 2379 2604 2396 2587 2379 2595 2387 2605 2397 1589 1381 1595 1387 2605 2397 1595 1387 1619 1411 2605 2397 1637 1429 1636 1428 2605 2397 1619 1411 1624 1416 2605 2397 1624 1416 1627 1419 2605 2397 1627 1419 1637 1429 2605 2397 2594 2386 1589 1381 2605 2397 1636 1428 1630 1422 2605 2397 1630 1422 1629 1421 2605 2397 1629 1421 2594 2386 2606 2398 2598 2390 2588 2380 2606 2398 2607 2399 2599 2391 2606 2398 2599 2391 2598 2390 2606 2398 2588 2380 2592 2384 2606 2398 2592 2384 2597 2389 2608 2400 1564 1356 1565 1357 2608 2400 2595 2387 1564 1356 2609 2401 2593 2385 2596 2388 2610 2402 2604 2396 2595 2387 2611 2403 2607 2399 2606 2398 2611 2403 2604 2396 2610 2402 2611 2403 2606 2398 2597 2389 2611 2403 2612 2404 2607 2399 2611 2403 2600 2392 2604 2396 2611 2403 2597 2389 2600 2392 2613 2405 1568 1360 1571 1363 2613 2405 1571 1363 2593 2385 2614 2406 2608 2400 1565 1357 2614 2406 1575 1367 1578 1370 2614 2406 1565 1357 1575 1367 2615 2407 2595 2387 2608 2400 2615 2407 2610 2402 2595 2387 2616 2408 2593 2385 2609 2401 2616 2408 2613 2405 2593 2385 2617 2409 2615 2407 2608 2400 2618 2410 2608 2400 2614 2406 2618 2410 2617 2409 2608 2400 2619 2411 1568 1360 2613 2405 2619 2411 1576 1368 1568 1360 2620 2412 2603 2395 2621 2413 2620 2412 2609 2401 2596 2388 2620 2412 2616 2408 2609 2401 2620 2412 2596 2388 2602 2394 2620 2412 2602 2394 2603 2395 2622 2414 2613 2405 2616 2408 2623 2415 2611 2403 2610 2402 2623 2415 2610 2402 2615 2407 2623 2415 2612 2404 2611 2403 2623 2415 2624 2416 2612 2404 2625 2417 1633 1425 1660 1452 2625 2417 1666 1458 1671 1463 2625 2417 1671 1463 1676 1468 2625 2417 2601 2393 1629 1421 2625 2417 1629 1421 1633 1425 2625 2417 1660 1452 1666 1458 2626 2418 2625 2417 1676 1468 2626 2418 2601 2393 2625 2417 2626 2418 1557 1349 2601 2393 2626 2418 1677 1469 1681 1473 2626 2418 1676 1468 1677 1469 2627 2419 2626 2418 1681 1473 2627 2419 1557 1349 2626 2418 2628 2420 1647 1439 1602 1394 2628 2420 1681 1473 1686 1478 2628 2420 1683 1475 1647 1439 2628 2420 1689 1481 1683 1475 2628 2420 1686 1478 1689 1481 2628 2420 1602 1394 1557 1349 2628 2420 2627 2419 1681 1473 2628 2420 1557 1349 2627 2419 2629 2421 2613 2405 2622 2414 2629 2421 2619 2411 2613 2405 2630 2422 2618 2410 2614 2406 2631 2423 1576 1368 2619 2411 2631 2423 1579 1371 1576 1368 2632 2424 2633 2425 2624 2416 2632 2424 2615 2407 2617 2409 2632 2424 2623 2415 2615 2407 2632 2424 2617 2409 2618 2410 2632 2424 2624 2416 2623 2415 2634 2426 2621 2413 2635 2427 2634 2426 2620 2412 2621 2413 2634 2426 2616 2408 2620 2412 2634 2426 2622 2414 2616 2408 2634 2426 2629 2421 2622 2414 2636 2428 2619 2411 2629 2421 2637 2429 2630 2422 2614 2406 2638 2430 1579 1371 2631 2423 2638 2430 1585 1377 1579 1371 2639 2431 2631 2423 2619 2411 2639 2431 2619 2411 2636 2428 2640 2432 2637 2429 2614 2406 2641 2433 1593 1385 1585 1377 2641 2433 1585 1377 2638 2430 2642 2434 2614 2406 1578 1370 2642 2434 2640 2432 2614 2406 2643 2435 2631 2423 2639 2431 2644 2436 2630 2422 2637 2429 2644 2436 2645 2437 2633 2425 2644 2436 2633 2425 2632 2424 2644 2436 2618 2410 2630 2422 2644 2436 2632 2424 2618 2410 2646 2438 2635 2427 2647 2439 2646 2438 2639 2431 2636 2428 2646 2438 2634 2426 2635 2427 2646 2438 2629 2421 2634 2426 2646 2438 2636 2428 2629 2421 2648 2440 2631 2423 2643 2435 2648 2440 2638 2430 2631 2423 2649 2441 2642 2434 1578 1370 2649 2441 1578 1370 1582 1374 2650 2442 1598 1390 1593 1385 2650 2442 1593 1385 2641 2433 2651 2443 2638 2430 2648 2440 2652 2444 2649 2441 1582 1374 2653 2445 2637 2429 2640 2432 2653 2445 2654 2446 2645 2437 2653 2445 2640 2432 2642 2434 2653 2445 2645 2437 2644 2436 2653 2445 2644 2436 2637 2429 2655 2447 2641 2433 2638 2430 2655 2447 2638 2430 2651 2443 2656 2448 2652 2444 1582 1374 2656 2448 1582 1374 1597 1389 2657 2449 2647 2439 2658 2450 2657 2449 2646 2438 2647 2439 2657 2449 2643 2435 2639 2431 2657 2449 2648 2440 2643 2435 2657 2449 2639 2431 2646 2438 2659 2451 2641 2433 2655 2447 2660 2452 2652 2444 2656 2448 2660 2452 2653 2445 2642 2434 2660 2452 2661 2453 2662 2454 2660 2452 2662 2454 2654 2446 2660 2452 2642 2434 2649 2441 2660 2452 2654 2446 2653 2445 2660 2452 2649 2441 2652 2444 2663 2455 2650 2442 2641 2433 2663 2455 2641 2433 2659 2451 2664 2456 1598 1390 2650 2442 2664 2456 1609 1401 1598 1390 2665 2457 2661 2453 2660 2452 2665 2457 2660 2452 2656 2448 2665 2457 1599 1391 1601 1393 2665 2457 2656 2448 1597 1389 2665 2457 1601 1393 1606 1398 2665 2457 1608 1400 2666 2458 2665 2457 2666 2458 2667 2459 2665 2457 2667 2459 2661 2453 2665 2457 1597 1389 1599 1391 2665 2457 1606 1398 1608 1400 2668 2460 2650 2442 2663 2455 2669 2461 2658 2450 2670 2462 2669 2461 2651 2443 2648 2440 2669 2461 2657 2449 2658 2450 2669 2461 2655 2447 2651 2443 2669 2461 2648 2440 2657 2449 2671 2463 2664 2456 2650 2442 2671 2463 2650 2442 2668 2460 2672 2464 2670 2462 2673 2465 2672 2464 2659 2451 2655 2447 2672 2464 2663 2455 2659 2451 2672 2464 2655 2447 2669 2461 2672 2464 2669 2461 2670 2462 2674 2466 2673 2465 2675 2467 2674 2466 2668 2460 2663 2455 2674 2466 2672 2464 2673 2465 2674 2466 2671 2463 2668 2460 2674 2466 2663 2455 2672 2464 2676 2468 2664 2456 2671 2463 2676 2468 2671 2463 2674 2466 2677 2469 2678 2470 1622 1414 2677 2469 2664 2456 2676 2468 2677 2469 1618 1410 1613 1405 2677 2469 1609 1401 2664 2456 2677 2469 1613 1405 1609 1401 2677 2469 1622 1414 1621 1413 2677 2469 1621 1413 1618 1410 2679 2471 2675 2467 2680 2472 2679 2471 2680 2472 2681 2473 2679 2471 2681 2473 2678 2470 2679 2471 2678 2470 2677 2469 2679 2471 2674 2466 2675 2467 2679 2471 2677 2469 2676 2468 2679 2471 2676 2468 2674 2466 2682 2474 803 595 814 606 2682 2474 814 606 1862 1654 2683 2475 1862 1654 1887 1679 2683 2475 2682 2474 1862 1654 2683 2475 1897 1689 611 403 2683 2475 611 403 606 398 2683 2475 1887 1679 1897 1689 2684 2476 838 630 839 631 2684 2476 1880 1672 1879 1671 2684 2476 835 627 838 630 2684 2476 839 631 842 634 2684 2476 842 634 1923 1715 2684 2476 1879 1671 835 627 2684 2476 1941 1733 1880 1672 2684 2476 1923 1715 1941 1733 2685 2477 1857 1649 1903 1695 2685 2477 1963 1755 1946 1738 2685 2477 1939 1731 1963 1755 2685 2477 1946 1738 1924 1716 2685 2477 1907 1699 1857 1649 2685 2477 1924 1716 1907 1699 2685 2477 1903 1695 1939 1731 2686 2478 1968 1760 1939 1731 2686 2478 1941 1733 1995 1787 2686 2478 1995 1787 1987 1779 2686 2478 1987 1779 1968 1760 2686 2478 1939 1731 1880 1672 2686 2478 1880 1672 1941 1733 2687 2479 1928 1720 1984 1776 2687 2479 1995 1787 1941 1733 2687 2479 1984 1776 2002 1794 2687 2479 1941 1733 1928 1720 2688 2480 1994 1786 1995 1787 2688 2480 1995 1787 2687 2479 2688 2480 2002 1794 2013 1805 2688 2480 2013 1805 1994 1786 2688 2480 2687 2479 2002 1794 2689 2481 923 715 918 710 2689 2481 927 719 2082 1874 2689 2481 2082 1874 2091 1883 2689 2481 918 710 927 719 2690 2482 2689 2481 2091 1883 2690 2482 923 715 2689 2481 2691 2483 923 715 2690 2482 2691 2483 930 722 923 715 2691 2483 2690 2482 2091 1883 2691 2483 2091 1883 941 733 2691 2483 941 733 930 722 2692 2484 2077 1869 937 729 2692 2484 2095 1887 2077 1869 2692 2484 937 729 945 737 2693 2485 2095 1887 2692 2484 2693 2485 2692 2484 945 737 2693 2485 945 737 953 745 2693 2485 953 745 701 493 2694 2486 2693 2485 701 493 2694 2486 701 493 692 484 2694 2486 692 484 2095 1887 2694 2486 2095 1887 2693 2485 2695 2487 950 742 2115 1907 2695 2487 948 740 946 738 2695 2487 946 738 950 742 2696 2488 948 740 2695 2487 2696 2488 2695 2487 2115 1907 2697 2489 954 746 948 740 2697 2489 972 764 954 746 2697 2489 2696 2488 2115 1907 2697 2489 2115 1907 972 764 2697 2489 948 740 2696 2488 2698 2490 2220 2012 1084 876 2698 2490 2236 2028 2220 2012 2698 2490 2242 2034 2236 2028 2699 2491 2698 2490 1084 876 2699 2491 1084 876 2288 2080 2700 2492 2242 2034 2698 2490 2700 2492 2698 2490 2699 2491 2701 2493 2264 2056 2245 2037 2701 2493 2245 2037 1062 854 2701 2493 1062 854 2249 2041 2702 2494 1153 945 2249 2041 2702 2494 2242 2034 2700 2492 2702 2494 2248 2040 2242 2034 2702 2494 2249 2041 2248 2040 2703 2495 1153 945 2702 2494 2703 2495 2699 2491 2288 2080 2703 2495 2700 2492 2699 2491 2703 2495 2702 2494 2700 2492 2703 2495 2288 2080 1153 945 2704 2496 2249 2041 2299 2091 2704 2496 2701 2493 2249 2041 2705 2497 2701 2493 2704 2496 2706 2498 2270 2062 2264 2056 2706 2498 2264 2056 2701 2493 2706 2498 2701 2493 2705 2497 2707 2499 2704 2496 2299 2091 2707 2499 2315 2107 2316 2108 2707 2499 2270 2062 2706 2498 2707 2499 2706 2498 2705 2497 2707 2499 2299 2091 2315 2107 2707 2499 2705 2497 2704 2496 2707 2499 2316 2108 2270 2062 2708 2500 2295 2087 2286 2078 2708 2500 2286 2078 2270 2062 2708 2500 2270 2062 2316 2108 2709 2501 2295 2087 2708 2500 2710 2502 1110 902 2301 2093 2710 2502 2314 2106 1110 902 2711 2503 2300 2092 2295 2087 2711 2503 2709 2501 2354 2146 2711 2503 2354 2146 2301 2093 2711 2503 2295 2087 2709 2501 2711 2503 2301 2093 2300 2092 2712 2504 2710 2502 2301 2093 2712 2504 2314 2106 2710 2502 2713 2505 2318 2110 2314 2106 2713 2505 2319 2111 2318 2110 2713 2505 2314 2106 2712 2504 2713 2505 2712 2504 2714 2506 2713 2505 2714 2506 2319 2111 2715 2507 2301 2093 2354 2146 2715 2507 2354 2146 2353 2145 2716 2508 2712 2504 2301 2093 2716 2508 2301 2093 2715 2507 2716 2508 2714 2506 2712 2504 2716 2508 2715 2507 2353 2145 2717 2509 1152 944 1151 943 2717 2509 1151 943 2359 2151 2718 2510 2365 2157 2714 2506 2718 2510 2714 2506 2716 2508 2718 2510 2716 2508 2353 2145 2718 2510 2364 2156 2365 2157 2718 2510 2353 2145 2364 2156 2719 2511 1274 1066 1245 1037 2719 2511 1245 1037 2339 2131 2719 2511 2339 2131 2319 2111 2719 2511 2319 2111 2714 2506 2720 2512 2367 2159 1256 1048 2720 2512 2359 2151 2367 2159 2720 2512 1256 1048 1255 1047 2720 2512 2717 2509 2359 2151 2721 2513 2349 2141 1217 1009 2721 2513 1243 1035 1281 1073 2721 2513 1217 1009 1243 1035 2722 2514 2721 2513 1281 1073 2722 2514 2349 2141 2721 2513 2723 2515 2349 2141 2722 2514 2723 2515 2722 2514 1281 1073 2723 2515 1281 1073 1308 1100 2723 2515 1317 1109 2349 2141 2723 2515 1308 1100 1317 1109 2724 2516 2370 2162 2363 2155 2724 2516 1238 1030 1237 1029 2724 2516 2363 2155 1238 1030 2725 2517 2379 2171 2369 2161 2725 2517 2369 2161 1261 1053 2725 2517 1261 1053 1260 1052 2726 2518 2724 2516 1237 1029 2726 2518 2390 2182 1311 1103 2726 2518 1311 1103 2370 2162 2726 2518 2393 2185 2390 2182 2726 2518 2370 2162 2724 2516 2726 2518 1237 1029 2393 2185 2727 2519 1254 1046 1253 1045 2727 2519 1253 1045 2394 2186 2728 2520 2725 2517 1260 1052 2728 2520 1260 1052 2396 2188 2729 2521 2725 2517 2728 2520 2729 2521 1354 1146 2379 2171 2729 2521 2379 2171 2725 2517 2730 2522 1355 1147 1354 1146 2730 2522 2728 2520 2396 2188 2730 2522 2729 2521 2728 2520 2730 2522 1354 1146 2729 2521 2730 2522 2396 2188 1355 1147 2731 2523 2727 2519 2394 2186 2731 2523 1351 1143 1329 1121 2731 2523 2399 2191 1351 1143 2731 2523 2394 2186 2399 2191 2732 2524 1443 1235 1467 1259 2732 2524 2426 2218 1421 1213 2732 2524 1421 1213 1443 1235 2733 2525 2426 2218 2732 2524 2733 2525 2732 2524 1467 1259 2734 2526 1467 1259 1484 1276 2734 2526 1484 1276 1483 1275 2734 2526 2733 2525 1467 1259 2734 2526 2426 2218 2733 2525 2734 2526 1483 1275 2426 2218 2735 2527 1441 1233 1448 1240 2735 2527 1422 1214 1441 1233 2735 2527 1411 1203 1422 1214 2735 2527 1454 1246 2462 2254 2735 2527 2462 2254 2465 2257 2735 2527 2465 2257 2736 2528 2735 2527 2736 2528 2737 2529 2735 2527 1407 1199 1411 1203 2735 2527 2737 2529 2738 2530 2735 2527 2738 2530 1407 1199 2735 2527 1448 1240 1454 1246 2739 2531 605 397 792 584 2739 2531 606 398 605 397 2739 2531 2683 2475 606 398 2739 2531 792 584 803 595 2739 2531 2682 2474 2683 2475 2739 2531 803 595 2682 2474 2740 2532 2316 2108 1152 944 2740 2532 2708 2500 2316 2108 2740 2532 2709 2501 2708 2500 2741 2533 2740 2532 1152 944 2741 2533 1152 944 2717 2509 2742 2534 2740 2532 2741 2533 2743 2535 2354 2146 2709 2501 2743 2535 2709 2501 2740 2532 2743 2535 2740 2532 2742 2534 2744 2536 1255 1047 2354 2146 2744 2536 2354 2146 2743 2535 2744 2536 2741 2533 2717 2509 2744 2536 2742 2534 2741 2533 2744 2536 2743 2535 2742 2534 2744 2536 2720 2512 1255 1047 2744 2536 2717 2509 2720 2512 2745 2537 1299 1091 1274 1066 2745 2537 2714 2506 2365 2157 2745 2537 1274 1066 2719 2511 2745 2537 2719 2511 2714 2506 2746 2538 1299 1091 2745 2537 2746 2538 2365 2157 1254 1046 2746 2538 1254 1046 2727 2519 2746 2538 2745 2537 2365 2157 2747 2539 2731 2523 1329 1121 2747 2539 1299 1091 2746 2538 2747 2539 1329 1121 1299 1091 2747 2539 2746 2538 2727 2519 2747 2539 2727 2519 2731 2523</p>
        </triangles>
      </mesh>
    </geometry>
  </library_geometries>
  <library_visual_scenes>
    <visual_scene id="Scene" name="Scene">
      <node id="node_ec4b6b97_258f_4f56_a2a1_2ac04dbd6aa0" name="node_ec4b6b97_258f_4f56_a2a1_2ac04dbd6aa0" type="NODE">
        <matrix sid="transform">0.001 0 0 0.012 0 0.001 0 -0.028 0 0 0.001 -0.005 0 0 0 1</matrix>
        <node id="node_447e868e_a4a4_421c_8e1d_9a238db58a89" name="node_447e868e_a4a4_421c_8e1d_9a238db58a89" type="NODE">
          <matrix sid="transform">1 0 0 0 0 1 0 -1.90735e-6 0 0 1 0 0 0 0 1</matrix>
          <node id="node_447e868e_a4a4_421c_8e1d_9a238db58a89_mesh0" name="node_447e868e_a4a4_421c_8e1d_9a238db58a89_mesh0" type="NODE">
            <matrix sid="transform">1 0 0 0 0 1 0 -1.90735e-6 0 0 1 0 0 0 0 1</matrix>
            <instance_geometry url="#geometry_d1f4fab5_125d_4960_be12_3b1e18be1137-mesh" name="node_447e868e_a4a4_421c_8e1d_9a238db58a89_mesh0">
              <bind_material>
                <technique_common>
                  <instance_material symbol="mat_0-material" target="#mat_0-material"/>
                </technique_common>
              </bind_material>
            </instance_geometry>
          </node>
          <node id="node_447e868e_a4a4_421c_8e1d_9a238db58a89_mesh1" name="node_447e868e_a4a4_421c_8e1d_9a238db58a89_mesh1" type="NODE">
            <matrix sid="transform">1 0 0 0 0 1 0 -1.90735e-6 0 0 1 0 0 0 0 1</matrix>
            <instance_geometry url="#geometry_57759889_6266_4fa2_b138_aa2b5b4bec01-mesh" name="node_447e868e_a4a4_421c_8e1d_9a238db58a89_mesh1">
              <bind_material>
                <technique_common>
                  <instance_material symbol="mat_1-material" target="#mat_1-material"/>
                </technique_common>
              </bind_material>
            </instance_geometry>
          </node>
          <node id="node_447e868e_a4a4_421c_8e1d_9a238db58a89_mesh2" name="node_447e868e_a4a4_421c_8e1d_9a238db58a89_mesh2" type="NODE">
            <matrix sid="transform">1 0 0 0 0 1 0 -1.90735e-6 0 0 1 0 0 0 0 1</matrix>
            <instance_geometry url="#geometry_3085efd1_364a_4d22_b9d3_ce194ebf7bbc-mesh" name="node_447e868e_a4a4_421c_8e1d_9a238db58a89_mesh2">
              <bind_material>
                <technique_common>
                  <instance_material symbol="mat_2-material" target="#mat_2-material"/>
                </technique_common>
              </bind_material>
            </instance_geometry>
          </node>
        </node>
      </node>
    </visual_scene>
  </library_visual_scenes>
  <scene>
    <instance_visual_scene url="#Scene"/>
  </scene>
</COLLADA>