<?xml version="1.0" encoding="utf-8"?>
<COLLADA xmlns="http://www.collada.org/2005/11/COLLADASchema" version="1.4.1" xmlns:xsi="http://www.w3.org/2001/XMLSchema-instance">
  <asset>
    <contributor>
      <author>Blender User</author>
      <authoring_tool>Blender 4.5.0 commit date:2025-07-14, commit time:17:45, hash:8cb6b388974a</authoring_tool>
    </contributor>
    <created>2025-07-28T10:33:15</created>
    <modified>2025-07-28T10:33:15</modified>
    <unit name="meter" meter="1"/>
    <up_axis>Z_UP</up_axis>
  </asset>
  <library_effects>
    <effect id="mat_2-effect">
      <profile_COMMON>
        <technique sid="common">
          <lambert>
            <emission>
              <color sid="emission">0 0 0 1</color>
            </emission>
            <diffuse>
              <color sid="diffuse">0.10196 0.10196 0.10196 1</color>
            </diffuse>
            <index_of_refraction>
              <float sid="ior">1.5</float>
            </index_of_refraction>
          </lambert>
        </technique>
      </profile_COMMON>
    </effect>
    <effect id="mat_0-effect">
      <profile_COMMON>
        <technique sid="common">
          <lambert>
            <emission>
              <color sid="emission">0 0 0 1</color>
            </emission>
            <diffuse>
              <color sid="diffuse">1 1 1 1</color>
            </diffuse>
            <index_of_refraction>
              <float sid="ior">1.5</float>
            </index_of_refraction>
          </lambert>
        </technique>
      </profile_COMMON>
    </effect>
    <effect id="mat_1-effect">
      <profile_COMMON>
        <technique sid="common">
          <lambert>
            <emission>
              <color sid="emission">0 0 0 1</color>
            </emission>
            <diffuse>
              <color sid="diffuse">0.49804 0.49804 0.49804 1</color>
            </diffuse>
            <index_of_refraction>
              <float sid="ior">1.5</float>
            </index_of_refraction>
          </lambert>
        </technique>
      </profile_COMMON>
    </effect>
  </library_effects>
  <library_images/>
  <library_materials>
    <material id="mat_2-material" name="mat_2">
      <instance_effect url="#mat_2-effect"/>
    </material>
    <material id="mat_0-material" name="mat_0">
      <instance_effect url="#mat_0-effect"/>
    </material>
    <material id="mat_1-material" name="mat_1">
      <instance_effect url="#mat_1-effect"/>
    </material>
  </library_materials>
  <library_geometries>
    <geometry id="geometry_b7ede3e0_9f19_4b79_b445_211071e2cf8f-mesh" name="geometry_b7ede3e0_9f19_4b79_b445_211071e2cf8f">
      <mesh>
        <source id="geometry_b7ede3e0_9f19_4b79_b445_211071e2cf8f-mesh-positions">
          <float_array id="geometry_b7ede3e0_9f19_4b79_b445_211071e2cf8f-mesh-positions-array" count="1002">-100 12.40416 -68.89221 -113 9.251461 -69.38596 -113 12.40416 -68.89221 -113 15.53109 -68.2553 -100 9.251461 -69.38596 -100 15.53109 -68.2553 -100 18.62574 -67.47653 -113 18.62574 -67.47653 -113 21.68168 -66.55754 -100 21.68168 -66.55754 -113 24.69255 -65.50022 -100 24.69255 -65.50022 -100 27.65211 -64.30677 -113 27.65211 -64.30677 -113 30.55421 -62.97968 -100 30.55421 -62.97968 -100 33.39281 -61.52171 -113 33.39281 -61.52171 -100 36.162 -59.93587 -113 36.162 -59.93587 -100 38.85605 -58.22548 -113 38.85605 -58.22548 -100 41.46934 -56.39409 -113 41.46934 -56.39409 -100 43.99645 -54.44549 -113 43.99645 -54.44549 -100 46.43213 -52.38375 -113 46.43213 -52.38375 -100 48.77131 -50.21314 -113 48.77131 -50.21314 -100 51.00913 -47.93817 -113 51.00913 -47.93817 -100 53.14094 -45.56358 -113 53.14094 -45.56358 -113 55.16231 -43.09429 -100 55.16231 -43.09429 -100 57.06906 -40.53545 -113 57.06906 -40.53545 -113 58.85718 -37.89237 -100 58.85718 -37.89237 -100 60.523 -35.17053 -113 60.523 -35.17053 -100 62.06303 -32.37561 -113 62.06303 -32.37561 -100 63.47408 -29.5134 -113 63.47408 -29.5134 -113 64.75322 -26.58985 -100 64.75322 -26.58985 -113 65.89779 -23.61105 -100 65.89779 -23.61105 -100 66.90541 -20.58317 -113 66.90541 -20.58317 -100 67.77397 -17.51252 -113 67.77397 -17.51252 -100 68.5017 -14.40547 -113 68.5017 -14.40547 -100 69.08705 -11.26849 -113 69.08705 -11.26849 -100 69.52884 -8.108085 -113 69.52884 -8.108085 -100 69.82612 -4.930831 -113 69.82612 -4.930831 -100 69.97829 -1.743331 -113 69.97829 -1.743331 -100 69.98503 1.447793 -113 69.98503 1.447793 -100 69.84632 4.635908 -113 69.84632 4.635908 -100 69.56246 7.814388 -113 69.56246 7.814388 -100 69.13403 10.97663 -113 69.13403 10.97663 -100 68.56192 14.11606 -113 68.56192 14.11606 -100 67.84733 17.22615 -113 67.84733 17.22615 -100 66.99173 20.30044 -113 66.99173 20.30044 -100 65.99691 23.33255 -113 65.99691 23.33255 -100 64.86494 26.31616 -113 64.86494 26.31616 -100 63.59815 29.24508 -113 63.59815 29.24508 -100 62.1992 32.11322 -113 62.1992 32.11322 -113 60.67098 34.91463 -100 60.67098 34.91463 -100 59.01668 37.64347 -113 59.01668 37.64347 -100 57.23973 40.29409 -113 57.23973 40.29409 -100 55.34382 42.86096 -113 55.34382 42.86096 -113 53.33289 45.33876 -100 53.33289 45.33876 -113 51.21112 47.72233 -100 51.21112 47.72233 -100 48.98292 50.00673 -113 48.98292 50.00673 -100 46.65293 52.1872 -113 46.65293 52.1872 -113 44.22599 54.25921 -100 44.22599 54.25921 -100 41.70713 56.21846 -113 41.70713 56.21846 -100 39.10159 58.06087 -113 39.10159 58.06087 -100 36.41479 59.78263 -113 36.41479 59.78263 -100 33.65232 61.38014 -113 33.65232 61.38014 -113 30.8199 62.85009 -100 30.8199 62.85009 -100 27.92344 64.18943 -113 27.92344 64.18943 -113 24.96894 65.39535 -100 24.96894 65.39535 -100 21.96256 66.46538 -113 21.96256 66.46538 -100 18.91053 67.39727 -113 18.91053 67.39727 -100 15.81919 68.1891 -113 15.81919 68.1891 -100 12.69499 68.83921 -113 12.69499 68.83921 -100 9.544399 69.34627 -113 9.544399 69.34627 -113 6.373973 69.7092 -100 6.373973 69.7092 -100 3.190302 69.92726 -113 3.190302 69.92726 -113 0 70 -100 0 70 -100 5.699925 -69.83972 -113 5.699925 -69.83972 -100 2.111189 -70.25817 -113 2.111189 -70.25817 -100 -4.77429 -70.94844 -113 -4.77429 -70.94844 -100 -11.63953 -71.48907 -113 -11.63953 -71.48907 -100 -18.46461 -71.87934 -113 -18.46461 -71.87934 -100 -25.23003 -72.11934 -113 -25.23003 -72.11934 -100 -31.91682 -72.20996 -113 -31.91682 -72.20996 -100 -38.50674 -72.1529 -113 -38.50674 -72.1529 -100 -44.9824 -71.95056 -113 -44.9824 -71.95056 -100 -51.32739 -71.60613 -113 -51.32739 -71.60613 -100 -57.52642 -71.1234 -113 -57.52642 -71.1234 -113 -63.56537 -70.50682 -100 -63.56537 -70.50682 -113 -69.43144 -69.76136 -100 -69.43144 -69.76136 -100 -75.11314 -68.89251 -113 -75.11314 -68.89251 -100 -80.60039 -67.90618 -113 -80.60039 -67.90618 -100 -85.88452 -66.80858 -113 -85.88452 -66.80858 -100 -90.95827 -65.60624 -113 -90.95827 -65.60624 -100 -95.8158 -64.30587 -113 -95.8158 -64.30587 -113 -100.4527 -62.91427 -100 -100.4527 -62.91427 -100 -104.8657 -61.43836 -113 -104.8657 -61.43836 -100 -109.0532 -59.88496 -113 -109.0532 -59.88496 -100 -113.0145 -58.26082 -113 -113.0145 -58.26082 -113 -116.7501 -56.57252 -100 -116.7501 -56.57252 -113 -120.2616 -54.82641 -100 -120.2616 -54.82641 -100 -123.5515 -53.02857 -113 -123.5515 -53.02857 -100 -126.6231 -51.1847 -113 -126.6231 -51.1847 -113 -129.1457 -49.53047 -100 -129.1457 -49.53047 -100 -131.2675 -48.02467 -113 -131.2675 -48.02467 -100 -132.7838 -46.87491 -113 -132.7838 -46.87491 -100 -134.2354 -45.70877 -113 -134.2354 -45.70877 -100 -135.6221 -44.5272 -113 -135.6221 -44.5272 -100 -136.9436 -43.33123 -113 -136.9436 -43.33123 -100 -138.2001 -42.12183 -113 -138.2001 -42.12183 -100 -139.3915 -40.90002 -113 -139.3915 -40.90002 -113 -140.5179 -39.66678 -100 -140.5179 -39.66678 -100 -141.5795 -38.42311 -113 -141.5795 -38.42311 -100 -142.5767 -37.16999 -113 -142.5767 -37.16999 -100 -143.5099 -35.9084 -113 -143.5099 -35.9084 -100 -144.3793 -34.63932 -113 -144.3793 -34.63932 -100 -145.1856 -33.36368 -113 -145.1856 -33.36368 -113 -145.9295 -32.08245 -100 -145.9295 -32.08245 -113 -146.6114 -30.79654 -100 -146.6114 -30.79654 -100 -147.2322 -29.50686 -113 -147.2322 -29.50686 -100 -147.7926 -28.21431 -113 -147.7926 -28.21431 -100 -148.2935 -26.91977 -113 -148.2935 -26.91977 -100 -148.7357 -25.62407 -113 -148.7357 -25.62407 -100 -149.1202 -24.32806 -113 -149.1202 -24.32806 -100 -149.4479 -23.03254 -113 -149.4479 -23.03254 -100 -149.7468 -21.5946 -113 -149.7468 -21.5946 -113 -150 -20 -100 -150 -20 -100 -150.1085 -19.08722 -113 -150.1085 -19.08722 -100 -150.1916 -18.16622 -113 -150.1916 -18.16622 -100 -150.2698 -16.6925 -113 -150.2698 -16.6925 -100 -150.2814 -15.19923 -113 -150.2814 -15.19923 -100 -150.2247 -13.68709 -113 -150.2247 -13.68709 -100 -150.0981 -12.15682 -113 -150.0981 -12.15682 -113 -149.9001 -10.60922 -100 -149.9001 -10.60922 -100 -149.6293 -9.045116 -113 -149.6293 -9.045116 -100 -149.2843 -7.465417 -113 -149.2843 -7.465417 -100 -148.8636 -5.871068 -113 -148.8636 -5.871068 -100 -148.3062 -4.0836 -113 -148.3062 -4.0836 -100 -147.5738 -2.079508 -113 -147.5738 -2.079508 -113 -146.7207 -0.05846643 -100 -146.7207 -0.05846643 -100 -145.7451 1.977337 -113 -145.7451 1.977337 -113 -144.6457 4.02561 -100 -144.6457 4.02561 -100 -143.4214 6.083968 -113 -143.4214 6.083968 -100 -142.0714 8.149935 -113 -142.0714 8.149935 -100 -140.5952 10.22095 -113 -140.5952 10.22095 -100 -138.8068 12.52481 -113 -138.8068 12.52481 -100 -136.8451 14.84798 -113 -136.8451 14.84798 -100 -134.7054 17.18795 -113 -134.7054 17.18795 -100 -132.3833 19.5418 -113 -132.3833 19.5418 -100 -129.8748 21.90621 -113 -129.8748 21.90621 -100 -127.1763 24.2775 -113 -127.1763 24.2775 -100 -124.2848 26.65162 -113 -124.2848 26.65162 -113 -121.1978 29.02414 -100 -121.1978 29.02414 -100 -117.9135 31.39034 -113 -117.9135 31.39034 -100 -114.4308 33.74515 -113 -114.4308 33.74515 -100 -110.7493 36.08323 -113 -110.7493 36.08323 -100 -106.8696 38.39897 -113 -106.8696 38.39897 -113 -102.793 40.68656 -100 -102.793 40.68656 -100 -98.52185 42.93996 -113 -98.52185 42.93996 -100 -94.05942 45.15301 -113 -94.05942 45.15301 -100 -89.40995 47.31943 -113 -89.40995 47.31943 -113 -84.5787 49.43286 -100 -84.5787 49.43286 -100 -79.57193 51.48694 -113 -79.57193 51.48694 -113 -74.39693 53.47533 -100 -74.39693 53.47533 -100 -69.06194 55.39174 -113 -69.06194 55.39174 -113 -63.5762 57.23005 -100 -63.5762 57.23005 -113 -57.94988 58.98429 -100 -57.94988 58.98429 -113 -52.19404 60.64871 -100 -52.19404 60.64871 -100 -46.32058 62.21784 -113 -46.32058 62.21784 -113 -40.34215 63.68654 -100 -40.34215 63.68654 -113 -34.2721 65.05004 -100 -34.2721 65.05004 -113 -28.12439 66.30393 -100 -28.12439 66.30393 -100 -21.91349 67.4443 -113 -21.91349 67.4443 -100 -15.54419 68.48459 -113 -15.54419 68.48459 -100 -9.251461 69.38596 -113 -9.251461 69.38596 -100 -3.091863 69.93169 -113 -3.091863 69.93169 -100 -6.17769 69.72687 -113 -6.17769 69.72687</float_array>
          <technique_common>
            <accessor source="#geometry_b7ede3e0_9f19_4b79_b445_211071e2cf8f-mesh-positions-array" count="334" stride="3">
              <param name="X" type="float"/>
              <param name="Y" type="float"/>
              <param name="Z" type="float"/>
            </accessor>
          </technique_common>
        </source>
        <source id="geometry_b7ede3e0_9f19_4b79_b445_211071e2cf8f-mesh-normals">
          <float_array id="geometry_b7ede3e0_9f19_4b79_b445_211071e2cf8f-mesh-normals-array" count="993">0 0.1772027 -0.9841744 0 0.1407439 -0.990046 0 0.1772029 -0.9841744 0 0.2218725 -0.9750758 0 0.1407439 -0.9900462 0 0.2218723 -0.9750757 0 0.2660815 -0.9639505 0 0.2660815 -0.9639506 0 0.3097391 -0.9508216 0 0.309738 -0.950822 0 0.3527511 -0.9357172 0 0.3527508 -0.9357173 0 0.3950309 -0.918668 0 0.3950306 -0.918668 0 0.4364882 -0.8997101 0 0.4364889 -0.8997097 0 0.4770409 -0.8788812 0 0.4770396 -0.8788818 0 0.5166013 -0.8562262 0 0.5166006 -0.8562265 0 0.5550861 -0.831793 0 0.5550857 -0.8317931 0 0.5924192 -0.80563 0 0.5924187 -0.8056303 0 0.6285215 -0.7777923 0 0.6285208 -0.7777929 0 0.6633165 -0.748339 0 0.6633154 -0.74834 0 0.6967334 -0.7173302 0 0.6967322 -0.7173314 0 0.7287021 -0.6848309 0 0.7287021 -0.6848309 0 0.7591565 -0.6509082 0 0.7591573 -0.6509073 0 0.7880325 -0.6156337 0 0.7880331 -0.6156331 0 0.8152719 -0.5790783 0 0.8152719 -0.5790785 0 0.8408172 -0.5413191 0 0.8646149 -0.5024351 0 0.8646141 -0.5024368 0 0.8866155 -0.4625076 0 0.8866145 -0.4625093 0 0.9067724 -0.4216207 0 0.906773 -0.4216194 0 0.925047 -0.3798527 0 0.925045 -0.3798578 0 0.9413973 -0.3373001 0 0.9413965 -0.3373023 0 0.9557915 -0.2940457 0 0.9557918 -0.2940443 0 0.9681998 -0.2501783 0 0.9681999 -0.2501782 0 0.9785959 -0.2057912 0 0.9785955 -0.2057932 0 0.9869579 -0.1609791 0 0.9869579 -0.1609786 0 0.9932691 -0.11583 0 0.993269 -0.1158309 0 0.997516 -0.07044035 0 0.9975161 -0.07043999 0 0.9996898 -0.02490681 0 0.99969 -0.02490139 0 0.9997861 0.02068072 0 0.9997861 0.02068358 0 0.9978047 0.06622618 0 0.9978045 0.06622785 0 0.9937494 0.1116344 0 0.9937492 0.1116361 0 0.9876291 0.1568078 0 0.9876289 0.1568094 0 0.979456 0.2016584 0 0.9794561 0.2016574 0 0.9692472 0.2460895 0 0.9692479 0.2460862 0 0.9570249 0.2900058 0 0.9570246 0.2900072 0 0.9428133 0.3333213 0 0.9428133 0.3333216 0 0.9266414 0.3759465 0 0.9266425 0.3759438 0 0.9085448 0.4177874 0 0.9085453 0.4177865 0 0.8885602 0.4587602 0 0.8885598 0.4587609 0 0.8667282 0.4987808 0 0.866728 0.4987811 0 0.8430947 0.5377652 0 0.8430964 0.5377624 0 0.8177098 0.5756307 0 0.8177116 0.5756283 0 0.7906257 0.6122998 0 0.7618979 0.6476973 0 0.761899 0.6476959 0 0.7315872 0.6817479 0 0.7315874 0.6817477 0 0.699755 0.7143829 0 0.6997561 0.7143819 0 0.6664696 0.7455322 0 0.6664709 0.7455312 0 0.6318001 0.7751315 0 0.6317994 0.7751321 0 0.5958162 0.803121 0 0.5958166 0.8031207 0 0.5585941 0.8294413 0 0.5585955 0.8294402 0 0.5202112 0.8540377 0 0.5202127 0.8540368 0 0.480747 0.8768594 0 0.4807471 0.8768594 0 0.4402838 0.8978587 0 0.4402843 0.8978585 0 0.3989058 0.916992 0 0.3989058 0.916992 0 0.3566994 0.9342193 0 0.3566991 0.9342194 0 0.3137505 0.9495055 0 0.3137519 0.9495051 0 0.2701491 0.9628186 0 0.2701503 0.9628182 0 0.2259877 0.9741302 0 0.2259885 0.97413 0 0.1813575 0.9834172 0 0.1813583 0.9834171 0 0.1363487 0.990661 0 0.09105622 0.9958458 0 0.09105616 0.9958457 0 0.04557591 0.9989609 0 0.04557591 0.998961 0 3.52443e-4 1 0 3.52466e-4 1 0 0.1212777 -0.9926186 0 0.1212779 -0.9926187 0 0.1077859 -0.9941743 0 0.1077861 -0.9941741 0 0.0891326 -0.9960198 0 0.0891329 -0.9960198 0 0.06780093 -0.997699 0 0.06780123 -0.9976989 0 0.04627305 -0.9989289 0 0.04627335 -0.9989289 0 0.0245034 -0.9996998 0 0.0245037 -0.9996998 0 0.002445757 -0.999997 0 0.002446055 -0.999997 0 -0.01994603 -0.9998011 0 -0.01994568 -0.9998011 0 -0.04272031 -0.9990871 0 -0.04271996 -0.9990871 0 -0.06592541 -0.9978246 0 -0.065925 -0.9978247 0 -0.08961117 -0.9959768 0 -0.08961141 -0.9959768 0 -0.1138281 -0.9935005 0 -0.1138274 -0.9935005 0 -0.1386255 -0.9903449 0 -0.1386253 -0.9903449 0 -0.1640534 -0.9864515 0 -0.1640531 -0.9864515 0 -0.1901623 -0.9817527 0 -0.1901618 -0.9817528 0 -0.2170019 -0.9761713 0 -0.217001 -0.9761714 0 -0.2446181 -0.9696196 0 -0.2446167 -0.9696199 0 -0.273054 -0.9619988 0 -0.273053 -0.961999 0 -0.3023464 -0.9531981 0 -0.302347 -0.953198 0 -0.3325316 -0.9430921 0 -0.332531 -0.9430924 0 -0.363633 -0.9315423 0 -0.363633 -0.9315423 0 -0.3956622 -0.9183961 0 -0.3956613 -0.9183965 0 -0.4286178 -0.9034859 0 -0.4286177 -0.903486 0 -0.462482 -0.8866286 0 -0.4624804 -0.8866297 0 -0.4972098 -0.8676304 0 -0.497211 -0.8676297 0 -0.5316318 -0.8469757 0 -0.5316317 -0.8469757 0 -0.5636557 -0.82601 0 -0.563657 -0.826009 0 -0.5915487 -0.8062693 0 -0.5915504 -0.806268 0 -0.615301 -0.7882923 0 -0.61531 -0.7882854 0 -0.6374922 -0.7704569 0 -0.6374989 -0.7704513 0 -0.659856 -0.7513922 0 -0.6598584 -0.75139 0 -0.6823191 -0.7310545 0 -0.6823186 -0.731055 0 -0.704816 -0.7093902 0 -0.7048158 -0.7093904 0 -0.727267 -0.6863548 0 -0.7272668 -0.6863549 0 -0.7495696 -0.6619256 0 -0.7495748 -0.6619197 0 -0.7716382 -0.6360617 0 -0.7716384 -0.6360615 0 -0.7933496 -0.6087663 0 -0.7933577 -0.6087558 0 -0.8146043 -0.5800173 0 -0.8146041 -0.5800175 0 -0.8352694 -0.5498409 0 -0.8352671 -0.5498445 0 -0.8552078 -0.5182854 0 -0.8552102 -0.5182814 0 -0.8742988 -0.4853881 0 -0.8743065 -0.4853742 0 -0.8924187 -0.4512083 0 -0.8924257 -0.4511944 0 -0.9094405 -0.4158344 0 -0.9094429 -0.4158291 0 -0.9252365 -0.379391 0 -0.9252411 -0.3793799 0 -0.9397045 -0.3419878 0 -0.9397066 -0.3419818 0 -0.9527413 -0.3037828 0 -0.9527471 -0.3037648 0 -0.964275 -0.2649034 0 -0.9642783 -0.2648913 0 -0.9744892 -0.2244346 0 -0.9744892 -0.224435 0 -0.9836257 -0.1802234 0 -0.9836277 -0.1802124 0 -0.9905046 -0.1374793 0 -0.9905039 -0.1374846 0 -0.9945839 -0.103937 0 -0.9945819 -0.1039561 0 -0.9974481 -0.07139599 0 -0.9974463 -0.0714209 0 -0.999538 -0.03039497 0 -0.9995382 -0.03038901 0 -0.9998897 0.0148589 0 -0.9998896 0.01486498 0 -0.9982004 0.05996602 0 -0.9982004 0.05996608 0 -0.9945062 0.1046783 0 -0.9945051 0.1046893 0 -0.9888684 0.1487933 0 -0.9888708 0.1487774 0 -0.9813852 0.19205 0 -0.9813832 0.1920604 0 -0.972164 0.2343011 0 -0.9721654 0.234296 0 -0.9610229 0.2764688 0 -0.9610256 0.2764597 0 -0.9472248 0.3205701 0 -0.9472251 0.3205693 0 -0.9305433 0.3661822 0 -0.9305392 0.3661923 0 -0.9117907 0.4106553 0 -0.9117964 0.4106426 0 -0.8916845 0.4526577 0 -0.89168 0.4526665 0 -0.8704911 0.4921842 0 -0.8704955 0.4921765 0 -0.848484 0.5292211 0 -0.8484798 0.529228 0 -0.8258889 0.5638329 0 -0.8258862 0.5638371 0 -0.8022915 0.5969324 0 -0.8022915 0.5969326 0 -0.7771517 0.6293135 0 -0.7771534 0.6293112 0 -0.751154 0.660127 0 -0.7511546 0.6601266 0 -0.7250617 0.6886839 0 -0.7250621 0.6886836 0 -0.6990082 0.7151138 0 -0.6990099 0.7151121 0 -0.6731025 0.7395493 0 -0.6731019 0.7395498 0 -0.6474286 0.7621262 0 -0.6474269 0.7621276 0 -0.6220556 0.7829731 0 -0.6220565 0.7829724 0 -0.5970345 0.8022157 0 -0.5970352 0.802215 0 -0.5723998 0.8199748 0 -0.5723987 0.8199756 0 -0.5481731 0.8363649 0 -0.5481728 0.8363651 0 -0.52437 0.8514906 0 -0.5243688 0.8514914 0 -0.5009919 0.865452 0 -0.500991 0.8654525 0 -0.4780359 0.8783404 0 -0.4780367 0.8783399 0 -0.4554965 0.8902376 0 -0.4554963 0.8902378 0 -0.4333541 0.9012238 0 -0.4333552 0.9012233 0 -0.411594 0.9113674 0 -0.4115955 0.9113667 0 -0.3901965 0.9207317 0 -0.3901958 0.9207319 0 -0.3691357 0.9293755 0 -0.3691352 0.9293758 0 -0.3483868 0.9373509 0 -0.3483871 0.9373508 0 -0.3279229 0.9447045 0 -0.3279228 0.9447045 0 -0.3077169 0.9514781 0 -0.3077167 0.951478 0 -0.2877395 0.9577088 0 -0.2877395 0.9577087 0 -0.2679612 0.9634297 0 -0.2679613 0.9634298 0 -0.2483511 0.9686701 0 -0.2483515 0.96867 0 -0.2288804 0.9734547 0 -0.2288801 0.9734547 0 -0.2095155 0.9778054 0 -0.2095158 0.9778053 0 -0.1902271 0.9817402 0 -0.1902272 0.9817402 0 -0.1708994 0.9852886 0 -0.1708998 0.9852885 0 -0.1514997 0.9884573 0 -0.1515001 0.9884573 0 -0.1260291 0.9920266 0 -0.1260291 0.9920266 0 -0.0441699 0.999024 0 -0.04416912 0.9990242 0 -0.08825308 0.9960981 0 -0.0882523 0.9960982</float_array>
          <technique_common>
            <accessor source="#geometry_b7ede3e0_9f19_4b79_b445_211071e2cf8f-mesh-normals-array" count="331" stride="3">
              <param name="X" type="float"/>
              <param name="Y" type="float"/>
              <param name="Z" type="float"/>
            </accessor>
          </technique_common>
        </source>
        <vertices id="geometry_b7ede3e0_9f19_4b79_b445_211071e2cf8f-mesh-vertices">
          <input semantic="POSITION" source="#geometry_b7ede3e0_9f19_4b79_b445_211071e2cf8f-mesh-positions"/>
        </vertices>
        <triangles material="mat_2-material" count="334">
          <input semantic="VERTEX" source="#geometry_b7ede3e0_9f19_4b79_b445_211071e2cf8f-mesh-vertices" offset="0"/>
          <input semantic="NORMAL" source="#geometry_b7ede3e0_9f19_4b79_b445_211071e2cf8f-mesh-normals" offset="1"/>
          <p>0 0 1 1 2 2 0 0 2 2 3 3 0 0 4 4 1 1 5 5 0 0 3 3 6 6 3 3 7 7 6 6 7 7 8 8 6 6 5 5 3 3 9 9 8 8 10 10 9 9 6 6 8 8 11 11 9 9 10 10 12 12 10 10 13 13 12 12 13 13 14 14 12 12 11 11 10 10 15 15 12 12 14 14 16 16 14 14 17 17 16 16 15 15 14 14 18 18 17 17 19 19 18 18 16 16 17 17 20 20 19 19 21 21 20 20 18 18 19 19 22 22 21 21 23 23 22 22 20 20 21 21 24 24 23 23 25 25 24 24 22 22 23 23 26 26 25 25 27 27 26 26 24 24 25 25 28 28 27 27 29 29 28 28 26 26 27 27 30 30 29 29 31 31 30 30 28 28 29 29 32 32 31 31 33 33 32 32 33 33 34 34 32 32 30 30 31 31 35 35 32 32 34 34 36 36 35 35 34 34 36 36 34 34 37 37 36 36 37 37 38 38 39 38 36 36 38 38 40 39 39 38 38 38 40 39 38 38 41 40 42 41 41 40 43 42 42 41 40 39 41 40 44 43 42 41 43 42 44 43 43 42 45 44 44 43 45 44 46 45 47 46 46 45 48 47 47 46 44 43 46 45 49 48 47 46 48 47 50 49 48 47 51 50 50 49 49 48 48 47 52 51 51 50 53 52 52 51 50 49 51 50 54 53 53 52 55 54 54 53 52 51 53 52 56 55 55 54 57 56 56 55 54 53 55 54 58 57 57 56 59 58 58 57 56 55 57 56 60 59 59 58 61 60 60 59 58 57 59 58 62 61 61 60 63 62 62 61 60 59 61 60 64 63 63 62 65 64 64 63 62 61 63 62 66 65 65 64 67 66 66 65 64 63 65 64 68 67 67 66 69 68 68 67 66 65 67 66 70 69 69 68 71 70 70 69 68 67 69 68 72 71 71 70 73 72 72 71 70 69 71 70 74 73 73 72 75 74 74 73 72 71 73 72 76 75 75 74 77 76 76 75 74 73 75 74 78 77 77 76 79 78 78 77 76 75 77 76 80 79 79 78 81 80 80 79 78 77 79 78 82 81 80 79 81 80 82 81 81 80 83 82 84 83 82 81 83 82 84 83 83 82 85 84 84 83 85 84 86 85 87 86 84 83 86 85 88 87 87 86 86 85 88 87 86 85 89 88 90 89 88 87 89 88 90 89 89 88 91 90 92 91 90 89 91 90 92 91 91 90 93 91 92 91 93 91 94 92 95 93 92 91 94 92 95 93 94 92 96 94 97 95 95 93 96 94 98 96 97 95 96 94 98 96 96 94 99 97 100 98 98 96 99 97 100 98 99 97 101 99 100 98 101 99 102 100 103 101 100 98 102 100 104 102 103 101 102 100 104 102 102 100 105 103 106 104 104 102 105 103 106 104 105 103 107 105 108 106 106 104 107 105 108 106 107 105 109 107 110 108 109 107 111 109 110 108 111 109 112 110 110 108 108 106 109 107 113 111 110 108 112 110 114 112 112 110 115 113 114 112 115 113 116 114 114 112 113 111 112 110 117 115 114 112 116 114 118 116 116 114 119 117 118 116 117 115 116 114 120 118 119 117 121 119 120 118 118 116 119 117 122 120 121 119 123 121 122 120 120 118 121 119 124 122 123 121 125 123 124 122 122 120 123 121 126 124 125 123 127 124 126 124 127 124 128 125 126 124 124 122 125 123 129 126 126 124 128 125 130 127 128 125 131 128 130 127 131 128 132 129 130 127 129 126 128 125 133 130 130 127 132 129 1 1 134 131 135 132 4 4 134 131 1 1 134 131 136 133 135 132 135 132 136 133 137 134 136 133 138 135 137 134 137 134 138 135 139 136 138 135 140 137 139 136 139 136 140 137 141 138 140 137 142 139 141 138 141 138 142 139 143 140 142 139 144 141 143 140 143 140 144 141 145 142 144 141 146 143 145 142 145 142 146 143 147 144 146 143 148 145 147 144 147 144 148 145 149 146 148 145 150 147 149 146 149 146 150 147 151 148 150 147 152 149 151 148 151 148 152 149 153 150 152 149 154 151 153 150 155 152 154 151 156 153 153 150 154 151 155 152 154 151 157 154 156 153 156 153 157 154 158 155 157 154 159 156 158 155 159 156 160 157 158 155 158 155 160 157 161 158 160 157 162 159 161 158 161 158 162 159 163 160 162 159 164 161 163 160 163 160 164 161 165 162 164 161 166 163 165 162 165 162 166 163 167 164 166 163 168 165 167 164 169 166 168 165 170 167 167 164 168 165 169 166 168 165 171 168 170 167 170 167 172 169 173 170 171 168 172 169 170 167 173 170 174 171 175 172 172 169 174 171 173 170 175 172 176 173 177 174 174 171 176 173 175 172 178 175 179 176 180 177 177 174 179 176 178 175 176 173 179 176 177 174 179 176 181 178 180 177 181 178 182 179 180 177 180 177 182 179 183 180 182 179 184 181 183 180 185 182 184 181 186 183 183 180 184 181 185 182 184 181 187 184 186 183 187 184 188 185 186 183 186 183 188 185 189 186 188 185 190 187 189 186 189 186 190 187 191 188 190 187 192 189 191 188 191 188 192 189 193 190 192 189 194 191 193 190 193 190 194 191 195 192 194 191 196 193 195 192 195 192 196 193 197 194 196 193 198 195 197 194 197 194 198 195 199 196 198 195 200 197 199 196 201 198 200 197 202 199 199 196 200 197 201 198 200 197 203 200 202 199 203 200 204 201 202 199 202 199 204 201 205 202 204 201 206 203 205 202 205 202 206 203 207 204 207 204 208 205 209 206 206 203 208 205 207 204 209 206 210 207 211 208 208 205 210 207 209 206 211 208 212 209 213 210 210 207 212 209 211 208 214 211 215 212 216 213 213 210 215 212 214 211 212 209 215 212 213 210 215 212 217 214 216 213 216 213 218 215 219 216 217 214 218 215 216 213 219 216 220 217 221 218 218 215 220 217 219 216 221 218 222 219 223 220 220 217 222 219 221 218 223 220 224 221 225 222 222 219 224 221 223 220 225 222 226 223 227 224 224 221 226 223 225 222 226 223 228 225 227 224 227 224 228 225 229 226 228 225 230 227 229 226 231 228 230 227 232 229 229 226 230 227 231 228 230 227 233 230 232 229 233 230 234 231 232 229 232 229 234 231 235 232 234 231 236 233 235 232 235 232 236 233 237 234 236 233 238 235 237 234 237 234 238 235 239 236 238 235 240 237 239 236 239 236 240 237 241 238 240 237 242 239 241 238 241 238 242 239 243 240 242 239 244 241 243 240 245 242 244 241 246 243 243 240 244 241 245 242 244 241 247 244 246 243 247 244 248 245 246 243 246 243 248 245 249 246 248 245 250 247 249 246 249 246 250 247 251 248 250 247 252 249 251 248 251 248 252 249 253 250 252 249 254 251 253 250 253 250 254 251 255 252 254 251 256 253 255 252 257 254 256 253 258 255 255 252 256 253 257 254 256 253 259 256 258 255 259 256 260 257 258 255 261 258 260 257 262 259 258 255 260 257 261 258 260 257 263 260 262 259 263 260 264 261 262 259 262 259 264 261 265 262 264 261 266 263 265 262 265 262 266 263 267 264 266 263 268 265 267 264 267 264 268 265 269 266 269 266 270 267 271 268 268 265 270 267 269 266 271 268 272 269 273 270 270 267 272 269 271 268 273 270 274 271 275 272 272 269 274 271 273 270 275 272 276 273 277 274 274 271 276 273 275 272 277 274 278 275 279 276 276 273 278 275 277 274 278 275 280 277 279 276 279 276 280 277 281 278 280 277 282 279 281 278 283 280 282 279 284 281 281 278 282 279 283 280 282 279 285 282 284 281 285 282 286 283 284 281 284 281 286 283 287 284 286 283 288 285 287 284 287 284 288 285 289 286 288 285 290 287 289 286 289 286 290 287 291 288 290 287 292 289 291 288 293 290 292 289 294 291 291 288 292 289 293 290 292 289 295 292 294 291 295 292 296 293 294 291 294 291 296 293 297 294 296 293 298 295 297 294 297 294 298 295 299 296 298 295 300 297 299 296 301 298 300 297 302 299 299 296 300 297 301 298 300 297 303 300 302 299 303 300 304 301 302 299 305 302 304 301 306 303 302 299 304 301 305 302 304 301 307 304 306 303 307 304 308 305 306 303 309 306 308 305 310 307 306 303 308 305 309 306 308 305 311 308 310 307 312 309 313 310 314 311 310 307 313 310 312 309 311 308 313 310 310 307 313 310 315 312 314 311 314 311 316 313 317 314 315 312 316 313 314 311 318 315 319 316 320 317 317 314 319 316 318 315 316 313 319 316 317 314 320 317 321 318 322 319 319 316 321 318 320 317 321 318 323 320 322 319 322 319 324 321 325 322 323 320 324 321 322 319 325 322 326 323 327 324 324 321 326 323 325 322 327 324 328 325 329 326 326 323 328 325 327 324 330 327 133 130 132 129 330 327 132 129 331 328 332 329 331 328 333 330 332 329 330 327 331 328 328 325 333 330 329 326 328 325 332 329 333 330</p>
        </triangles>
      </mesh>
    </geometry>
    <geometry id="geometry_01f2a8c7_8215_473d_a8cd_91771ed3b446-mesh" name="geometry_01f2a8c7_8215_473d_a8cd_91771ed3b446">
      <mesh>
        <source id="geometry_01f2a8c7_8215_473d_a8cd_91771ed3b446-mesh-positions">
          <float_array id="geometry_01f2a8c7_8215_473d_a8cd_91771ed3b446-mesh-positions-array" count="8244">-100 28 -15 -88 28 -15 -88 27.00309 -14.97514 -100 27.00309 -14.97514 -100 26.00864 -14.90062 -88 26.00864 -14.90062 -100 25.01916 -14.77662 -88 25.01916 -14.77662 -100 24.03708 -14.60345 -88 24.03708 -14.60345 -88 23.06486 -14.38155 -100 23.06486 -14.38155 -88 22.1049 -14.11146 -100 22.1049 -14.11146 -100 21.1596 -13.79385 -88 21.1596 -13.79385 -100 20.23131 -13.42952 -88 20.23131 -13.42952 -100 19.32233 -13.01938 -88 19.32233 -13.01938 -100 18.43492 -12.56443 -88 18.43492 -12.56443 -100 17.5713 -12.06582 -88 17.5713 -12.06582 -100 16.7336 -11.52478 -88 16.7336 -11.52478 -100 15.92392 -10.94265 -88 15.92392 -10.94265 -88 15.14425 -10.32089 -100 15.14425 -10.32089 -88 14.39655 -9.661038 -100 14.39655 -9.661038 -100 13.68267 -8.964736 -88 13.68267 -8.964736 -88 13.00438 -8.233717 -100 13.00438 -8.233717 -100 12.36337 -7.469797 -88 12.36337 -7.469797 -100 11.76124 -6.674873 -88 11.76124 -6.674873 -88 11.19949 -5.850925 -100 11.19949 -5.850925 -100 10.67949 -5 -88 10.67949 -5 -100 10.20257 -4.124213 -88 10.20257 -4.124213 -100 9.769886 -3.225742 -88 9.769886 -3.225742 -100 9.382529 -2.30682 -88 9.382529 -2.30682 -100 9.041457 -1.369733 -88 9.041457 -1.369733 -88 8.747518 -0.4168093 -100 8.747518 -0.4168093 -100 8.501445 0.5495814 -88 8.501445 0.5495814 -100 8.303849 1.527036 -88 8.303849 1.527036 -100 8.15522 2.513126 -88 8.15522 2.513126 -100 8.055928 3.505398 -88 8.055928 3.505398 -100 8.006219 4.501386 -88 8.006219 4.501386 -100 8.006219 5.498614 -88 8.006219 5.498614 -100 8.055928 6.494602 -88 8.055928 6.494602 -100 8.15522 7.486875 -88 8.15522 7.486875 -100 8.303849 8.472964 -88 8.303849 8.472964 -100 8.501445 9.450419 -88 8.501445 9.450419 -100 8.747518 10.41681 -88 8.747518 10.41681 -100 9.041457 11.36973 -88 9.041457 11.36973 -100 9.382529 12.30682 -88 9.382529 12.30682 -100 9.769886 13.22574 -88 9.769886 13.22574 -100 10.20257 14.12421 -88 10.20257 14.12421 -100 10.67949 15 -88 10.67949 15 -100 11.19949 15.85093 -88 11.19949 15.85093 -100 11.76124 16.67487 -88 11.76124 16.67487 -100 12.36337 17.4698 -88 12.36337 17.4698 -100 13.00438 18.23372 -88 13.00438 18.23372 -100 13.68267 18.96474 -88 13.68267 18.96474 -100 14.39655 19.66104 -88 14.39655 19.66104 -88 15.14425 20.32089 -100 15.14425 20.32089 -100 15.92392 20.94265 -88 15.92392 20.94265 -100 16.7336 21.52478 -88 16.7336 21.52478 -100 17.5713 22.06582 -88 17.5713 22.06582 -100 18.43492 22.56443 -88 18.43492 22.56443 -100 19.32233 23.01938 -88 19.32233 23.01938 -100 20.23131 23.42952 -88 20.23131 23.42952 -100 21.1596 23.79385 -88 21.1596 23.79385 -100 22.1049 24.11145 -88 22.1049 24.11145 -100 23.06486 24.38154 -88 23.06486 24.38154 -100 24.03708 24.60345 -88 24.03708 24.60345 -100 25.01916 24.77662 -88 25.01916 24.77662 -100 26.00864 24.90062 -88 26.00864 24.90062 -100 27.00309 24.97514 -88 27.00309 24.97514 -100 28 25 -88 28 25 -100 60.67098 34.91463 -100 42.31734 18.96474 -100 62.1992 32.11322 -100 41.60346 19.66104 -100 42.99563 18.23372 -100 63.59815 29.24508 -100 59.01668 37.64347 -100 40.85575 20.32089 -100 43.63663 17.4698 -100 57.23973 40.29409 -100 40.07609 20.94265 -100 44.23876 16.67487 -100 64.86494 26.31616 -100 39.2664 21.52478 -100 44.80052 15.85093 -100 55.34382 42.86096 -100 38.42871 22.06582 -100 45.32051 15 -100 65.99691 23.33255 -100 37.56508 22.56443 -100 45.79743 14.12421 -100 53.33289 45.33876 -100 36.67768 23.01938 -100 46.23012 13.22574 -100 66.99173 20.30044 -100 35.7687 23.42952 -100 51.21112 47.72233 -100 46.61748 12.30682 -100 67.84733 17.22615 -100 48.98292 50.00673 -100 34.8404 23.79385 -100 46.95855 11.36973 -100 33.89511 24.11145 -100 47.25248 10.41681 -100 68.56192 14.11606 -100 46.65293 52.1872 -100 32.93515 24.38154 -100 47.49856 9.450419 -100 31.96293 24.60345 -100 44.22599 54.25921 -100 47.69616 8.472964 -100 69.13403 10.97663 -100 30.98085 24.77662 -100 47.84479 7.486875 -100 29.99136 24.90062 -100 41.70713 56.21846 -100 47.94408 6.494602 -100 69.56246 7.814388 -100 28.99692 24.97514 -100 39.10159 58.06087 -100 47.99378 5.498614 -100 69.84632 4.635908 -100 36.41479 59.78263 -100 47.99378 4.501386 -100 33.65232 61.38014 -100 47.94408 3.505398 -100 69.98503 1.447793 -100 30.8199 62.85009 -100 47.84479 2.513126 -100 47.69616 1.527036 -100 69.97829 -1.743331 -100 27.92344 64.18943 -100 47.49856 0.5495814 -100 24.96894 65.39535 -100 47.25248 -0.4168093 -100 69.82612 -4.930831 -100 21.96256 66.46538 -100 46.95855 -1.369733 -100 69.52884 -8.108085 -100 18.91053 67.39727 -100 46.61748 -2.30682 -100 15.81919 68.1891 -100 46.23012 -3.225742 -100 69.08705 -11.26849 -100 12.69499 68.83921 -100 45.79743 -4.124213 -100 68.5017 -14.40547 -100 9.544399 69.34627 -100 45.32051 -5 -100 6.373973 69.7092 -100 3.190302 69.92726 -100 44.80052 -5.850925 -100 67.77397 -17.51252 -100 0 70 -100 44.23876 -6.674873 -100 -3.091863 69.93169 -100 43.63663 -7.469797 -100 66.90541 -20.58317 -100 -6.17769 69.72687 -100 42.99563 -8.233717 -100 65.89779 -23.61105 -100 -9.251461 69.38596 -100 42.31734 -8.964736 -100 -15.54419 68.48459 -100 41.60346 -9.661038 -100 64.75322 -26.58985 -100 40.85575 -10.32089 -100 63.47408 -29.5134 -100 40.07609 -10.94265 -100 -21.91349 67.4443 -100 39.2664 -11.52478 -100 62.06303 -32.37561 -100 38.42871 -12.06582 -100 -28.12439 66.30393 -100 60.523 -35.17053 -100 37.56508 -12.56443 -100 -34.2721 65.05004 -100 35.7687 -13.42952 -100 58.85718 -37.89237 -100 36.67768 -13.01938 -100 -40.34215 63.68654 -100 34.8404 -13.79385 -100 57.06906 -40.53545 -100 -46.32058 62.21784 -100 33.89511 -14.11146 -100 55.16231 -43.09429 -100 -52.19404 60.64871 -100 32.93515 -14.38155 -100 53.14094 -45.56358 -100 51.00913 -47.93817 -100 31.96293 -14.60345 -100 -57.94988 58.98429 -100 30.98085 -14.77662 -100 48.77131 -50.21314 -100 28.99692 -14.97514 -100 46.43213 -52.38375 -100 29.99136 -14.90062 -100 -63.5762 57.23005 -100 43.99645 -54.44549 -100 -69.06194 55.39174 -100 41.46934 -56.39409 -100 38.85605 -58.22548 -100 -74.39693 53.47533 -100 36.162 -59.93587 -100 -79.57193 51.48694 -100 33.39281 -61.52171 -100 30.55421 -62.97968 -100 27.65211 -64.30677 -100 24.69255 -65.50022 -100 21.68168 -66.55754 -100 18.62574 -67.47653 -100 15.53109 -68.2553 -100 12.40416 -68.89221 -100 9.251461 -69.38596 -100 5.699925 -69.83972 -100 2.111189 -70.25817 -100 -4.77429 -70.94844 -100 -11.63953 -71.48907 -100 -18.46461 -71.87934 -100 -25.23003 -72.11934 -100 -31.91682 -72.20996 -100 -38.50674 -72.1529 -100 -44.9824 -71.95056 -100 -51.32739 -71.60613 -100 -57.52642 -71.1234 -100 -63.56537 -70.50682 -100 -84.5787 49.43286 -100 -89.40995 47.31943 -100 -69.43144 -69.76136 -100 -94.05942 45.15301 -100 -75.11314 -68.89251 -100 -98.52185 42.93996 -100 -80.60039 -67.90618 -100 -102.793 40.68656 -100 -85.88452 -66.80858 -100 -106.8696 38.39897 -100 -90.95827 -65.60624 -100 -110.7493 36.08323 -100 -95.8158 -64.30587 -100 -114.4308 33.74515 -100 -100.4527 -62.91427 -100 -117.9135 31.39034 -100 -104.8657 -61.43836 -100 -121.1978 29.02414 -100 -109.0532 -59.88496 -100 -124.2848 26.65162 -100 -113.0145 -58.26082 -100 -127.1763 24.2775 -100 -150.1085 -19.08722 -100 -149.7468 -21.5946 -100 -150.1916 -18.16622 -100 -150 -20 -100 -149.4479 -23.03254 -100 -150.2698 -16.6925 -100 -116.7501 -56.57252 -100 -129.8748 21.90621 -100 -149.1202 -24.32806 -100 -150.2814 -15.19923 -100 -148.7357 -25.62407 -100 -150.2247 -13.68709 -100 -120.2616 -54.82641 -100 -132.3833 19.5418 -100 -148.2935 -26.91977 -100 -150.0981 -12.15682 -100 -147.7926 -28.21431 -100 -149.9001 -10.60922 -100 -123.5515 -53.02857 -100 -134.7054 17.18795 -100 -147.2322 -29.50686 -100 -149.6293 -9.045116 -100 -146.6114 -30.79654 -100 -149.2843 -7.465417 -100 -126.6231 -51.1847 -100 -136.8451 14.84798 -100 -145.9295 -32.08245 -100 -148.8636 -5.871068 -100 -145.1856 -33.36368 -100 -129.1457 -49.53047 -100 -138.8068 12.52481 -100 -144.3793 -34.63932 -100 -148.3062 -4.0836 -100 -131.2675 -48.02467 -100 -140.5952 10.22095 -100 -143.5099 -35.9084 -100 -147.5738 -2.079508 -100 -132.7838 -46.87491 -100 -142.5767 -37.16999 -100 -146.7207 -0.05846643 -100 -134.2354 -45.70877 -100 -142.0714 8.149935 -100 -141.5795 -38.42311 -100 -143.4214 6.083968 -100 -135.6221 -44.5272 -100 -140.5179 -39.66678 -100 -145.7451 1.977337 -100 -136.9436 -43.33123 -100 -139.3915 -40.90002 -100 -144.6457 4.02561 -100 -138.2001 -42.12183 -88 28.99692 24.97514 -88 29.99136 24.90062 -88 30.98085 24.77662 -88 31.96293 24.60345 -88 32.93515 24.38154 -88 33.89511 24.11145 -88 34.8404 23.79385 -88 35.7687 23.42952 -88 36.67768 23.01938 -88 37.56508 22.56443 -88 38.42871 22.06582 -88 39.2664 21.52478 -88 40.07609 20.94265 -88 40.85575 20.32089 -88 41.60346 19.66104 -88 42.31734 18.96474 -88 42.99563 18.23372 -88 43.63663 17.4698 -88 44.23876 16.67487 -88 44.80052 15.85093 -88 45.32051 15 -88 45.79743 14.12421 -88 46.23012 13.22574 -88 46.61748 12.30682 -88 46.95855 11.36973 -88 47.25248 10.41681 -88 47.49856 9.450419 -88 47.69616 8.472964 -88 47.84479 7.486875 -88 47.94408 6.494602 -88 47.99378 5.498614 -88 47.99378 4.501386 -88 47.94408 3.505398 -88 47.84479 2.513126 -88 47.69616 1.527036 -88 47.49856 0.5495814 -88 47.25248 -0.4168093 -88 46.95855 -1.369733 -88 46.61748 -2.30682 -88 46.23012 -3.225742 -88 45.79743 -4.124213 -88 45.32051 -5 -88 44.80052 -5.850925 -88 44.23876 -6.674873 -88 43.63663 -7.469797 -88 42.99563 -8.233717 -88 42.31734 -8.964736 -88 41.60346 -9.661038 -88 40.85575 -10.32089 -88 40.07609 -10.94265 -88 39.2664 -11.52478 -88 38.42871 -12.06582 -88 37.56508 -12.56443 -88 36.67768 -13.01938 -88 35.7687 -13.42952 -88 34.8404 -13.79385 -88 33.89511 -14.11146 -88 32.93515 -14.38155 -88 31.96293 -14.60345 -88 30.98085 -14.77662 -88 29.99136 -14.90062 -88 28.99692 -14.97514 -113 44.22599 54.25921 -113 46.65293 52.1872 -113 48.98292 50.00673 -113 55.34382 42.86096 -113 51.21112 47.72233 -113 53.33289 45.33876 -113 36.41479 59.78263 -113 41.70713 56.21846 -113 39.10159 58.06087 -113 33.65232 61.38014 -113 57.23973 40.29409 -113 59.01668 37.64347 -113 64.86494 26.31616 -113 62.1992 32.11322 -113 63.59815 29.24508 -113 65.99691 23.33255 -113 60.67098 34.91463 -113 21.96256 66.46538 -113 27.92344 64.18943 -113 30.8199 62.85009 -113 24.96894 65.39535 -113 66.99173 20.30044 -113 15.81919 68.1891 -113 18.91053 67.39727 -113 67.84733 17.22615 -113 9.544399 69.34627 -113 12.69499 68.83921 -113 69.56246 7.814388 -113 68.56192 14.11606 -113 69.13403 10.97663 -113 69.84632 4.635908 -113 3.190302 69.92726 -113 6.373973 69.7092 -113 -3.091863 69.93169 -113 0 70 -113 69.82612 -4.930831 -113 69.98503 1.447793 -113 69.97829 -1.743331 -113 -9.251461 69.38596 -113 -6.17769 69.72687 -113 69.08705 -11.26849 -113 69.52884 -8.108085 -113 68.5017 -14.40547 -113 66.90541 -20.58317 -113 67.77397 -17.51252 -113 65.89779 -23.61105 -113 63.47408 -29.5134 -113 64.75322 -26.58985 -113 62.06303 -32.37561 -113 55.16231 -43.09429 -113 58.85718 -37.89237 -113 57.06906 -40.53545 -113 60.523 -35.17053 -113 53.14094 -45.56358 -113 48.77131 -50.21314 -113 51.00913 -47.93817 -113 41.46934 -56.39409 -113 46.43213 -52.38375 -113 43.99645 -54.44549 -113 36.162 -59.93587 -113 38.85605 -58.22548 -113 33.39281 -61.52171 -113 30.55421 -62.97968 -113 21.68168 -66.55754 -113 27.65211 -64.30677 -113 24.69255 -65.50022 -113 18.62574 -67.47653 -113 15.53109 -68.2553 -113 12.40416 -68.89221 -113 9.251461 -69.38596 -113 5.699925 -69.83972 -113 -15.54419 68.48459 -113 2.111189 -70.25817 -113 -21.91349 67.4443 -113 -4.77429 -70.94844 -113 -28.12439 66.30393 -113 -11.63953 -71.48907 -113 -34.2721 65.05004 -113 -18.46461 -71.87934 -113 -40.34215 63.68654 -113 -25.23003 -72.11934 -113 -46.32058 62.21784 -113 -31.91682 -72.20996 -113 -52.19404 60.64871 -113 -38.50674 -72.1529 -113 -57.94988 58.98429 -113 -44.9824 -71.95056 -113 -63.5762 57.23005 -113 -51.32739 -71.60613 -113 -69.06194 55.39174 -113 -57.52642 -71.1234 -113 -74.39693 53.47533 -113 -79.57193 51.48694 -113 -63.56537 -70.50682 -113 -84.5787 49.43286 -113 -69.43144 -69.76136 -113 -89.40995 47.31943 -113 -75.11314 -68.89251 -113 -94.05942 45.15301 -113 -80.60039 -67.90618 -113 -98.52185 42.93996 -113 -85.88452 -66.80858 -113 -102.793 40.68656 -113 -90.95827 -65.60624 -113 -106.8696 38.39897 -113 -95.8158 -64.30587 -113 -110.7493 36.08323 -113 -100.4527 -62.91427 -113 -114.4308 33.74515 -113 -104.8657 -61.43836 -113 -117.9135 31.39034 -113 -109.0532 -59.88496 -113 -121.1978 29.02414 -113 -113.0145 -58.26082 -113 -124.2848 26.65162 -113 -127.1763 24.2775 -113 -149.7468 -21.5946 -113 -150.1085 -19.08722 -113 -150.1916 -18.16622 -113 -150 -20 -113 -149.4479 -23.03254 -113 -150.2698 -16.6925 -113 -116.7501 -56.57252 -113 -129.8748 21.90621 -113 -149.1202 -24.32806 -113 -150.2814 -15.19923 -113 -148.7357 -25.62407 -113 -150.2247 -13.68709 -113 -120.2616 -54.82641 -113 -132.3833 19.5418 -113 -148.2935 -26.91977 -113 -150.0981 -12.15682 -113 -147.7926 -28.21431 -113 -149.9001 -10.60922 -113 -123.5515 -53.02857 -113 -134.7054 17.18795 -113 -147.2322 -29.50686 -113 -149.6293 -9.045116 -113 -146.6114 -30.79654 -113 -149.2843 -7.465417 -113 -126.6231 -51.1847 -113 -136.8451 14.84798 -113 -145.9295 -32.08245 -113 -148.8636 -5.871068 -113 -145.1856 -33.36368 -113 -129.1457 -49.53047 -113 -138.8068 12.52481 -113 -144.3793 -34.63932 -113 -148.3062 -4.0836 -113 -131.2675 -48.02467 -113 -140.5952 10.22095 -113 -143.5099 -35.9084 -113 -147.5738 -2.079508 -113 -132.7838 -46.87491 -113 -142.5767 -37.16999 -113 -146.7207 -0.05846643 -113 -134.2354 -45.70877 -113 -142.0714 8.149935 -113 -141.5795 -38.42311 -113 -135.6221 -44.5272 -113 -143.4214 6.083968 -113 -140.5179 -39.66678 -113 -145.7451 1.977337 -113 -136.9436 -43.33123 -113 -139.3915 -40.90002 -113 -144.6457 4.02561 -113 -138.2001 -42.12183 -111.5 55 -40 -111.5 55 -30 -111.5 45 -40 -111.5 45 -30 -101.5 55 -40 -101.5 55 -30 -101.5 45 -30 -101.5 45 -40 -101.5 -100.285 -30 -101.5 -90.28503 -40 -101.5 -100.285 -40 -101.5 -90.28503 -30 -111.5 -100.285 -30 -111.5 -100.285 -40 -111.5 -90.28503 -40 -111.5 -90.28503 -30 -118.1138 -105.487 22.2154 -120.1747 -98.46768 18.68686 -119.2547 -104.901 17.82757 -119.0429 -99.05375 23.07469 -120.261 -104.3149 13.43974 -119.8794 -92.62046 23.93398 -121.1725 -97.8816 14.29902 -121.0004 -92.03438 19.54614 -122.03 -97.29551 9.91119 -121.1263 -103.7288 9.051902 -121.9879 -91.4483 15.15831 -120.6229 -86.18717 24.79327 -121.7313 -85.60108 20.40543 -122.7418 -96.70944 5.523357 -121.8451 -103.1427 4.664069 -122.4127 -102.5567 0.2762365 -122.8361 -90.86222 10.77048 -122.7071 -85.01501 16.0176 -123.3037 -96.12336 1.135525 -121.2733 -79.75387 25.65255 -122.3674 -79.1678 21.26472 -123.5399 -90.27615 6.382646 -123.5448 -84.42893 11.62977 -122.8257 -101.9706 -4.111596 -123.7123 -95.53729 -3.252308 -123.0814 -101.3845 -8.499429 -123.3301 -78.58171 16.87689 -124.0952 -89.69007 1.994813 -122.9086 -72.7345 22.12401 -121.8304 -73.32057 26.51184 -124.2395 -83.84285 7.241934 -123.9651 -94.9512 -7.640141 -124.1561 -77.99564 12.48905 -124.4987 -89.10398 -2.39302 -123.857 -72.14842 17.73618 -124.7874 -83.25678 2.854101 -124.0607 -94.36512 -12.02797 -123.1784 -100.7984 -12.88726 -122.2943 -66.88729 27.37113 -123.3552 -66.3012 22.9833 -124.8409 -77.40956 8.101222 -124.7482 -88.51792 -6.780852 -122.6652 -60.45398 28.23042 -124.6703 -71.56234 13.34834 -125.1853 -82.6707 -1.533731 -123.9986 -93.77906 -16.41581 -123.116 -100.2123 -17.27509 -124.2879 -65.71513 18.59546 -125.3806 -76.82348 3.713389 -124.8423 -87.93183 -11.16868 -123.7073 -59.86791 23.84259 -125.3443 -70.97627 8.960511 -125.4311 -82.08462 -5.921564 -123.7793 -93.19297 -20.80364 -122.8949 -99.62627 -21.66292 -122.5164 -99.04019 -26.05076 -125.0876 -65.12905 14.20763 -125.7725 -76.23741 -0.6744433 -124.7806 -87.34576 -15.55652 -124.6231 -59.28182 19.45475 -125.8754 -70.39019 4.572677 -125.5237 -81.49855 -10.3094 -123.4042 -92.6069 -25.19147 -123.9654 -53.43461 24.70187 -122.9437 -54.02069 29.08971 -125.75 -64.54297 9.819799 -126.0145 -75.65132 -5.062276 -124.5634 -86.75967 -19.94435 -125.4081 -58.69575 15.06692 -126.2608 -69.80411 0.1848448 -125.4624 -80.91246 -14.69723 -122.8758 -92.02082 -29.57931 -121.9831 -98.45411 -30.43859 -124.8632 -52.84854 20.31404 -126.2718 -63.95689 5.431965 -126.1053 -75.06525 -9.450109 -124.1924 -86.17361 -24.33218 -126.0582 -58.10968 10.67909 -126.4986 -69.21803 -4.202988 -125.2478 -80.32639 -19.08506 -122.1974 -91.43474 -33.96714 -121.2986 -97.86804 -34.82642 -125.6324 -52.26246 15.92621 -126.6503 -63.37081 1.044133 -126.0446 -74.47917 -13.83794 -123.6696 -85.58753 -28.72002 -126.5701 -57.5236 6.291254 -126.5876 -68.63195 -8.590821 -124.8813 -79.74031 -23.47289 -121.3735 -90.84866 -38.35497 -120.4675 -97.28195 -39.21426 -126.2693 -51.67638 11.53837 -126.8837 -62.78473 -3.343699 -125.8329 -73.89309 -18.22577 -122.9985 -85.00144 -33.10785 -126.9413 -56.93752 1.903421 -126.5276 -68.04588 -12.97865 -124.365 -79.15423 -27.86073 -120.4094 -90.26258 -42.7428 -119.4953 -96.69588 -43.60209 -126.7707 -51.0903 7.150542 -126.9709 -62.19865 -7.731532 -125.4713 -73.30702 -22.61361 -122.1832 -84.41537 -37.49568 -127.1702 -56.35144 -2.484411 -126.3189 -67.4598 -17.36649 -123.7021 -78.56815 -32.24856 -119.3115 -89.67651 -47.13063 -118.3887 -96.1098 -47.98992 -127.1342 -50.50422 2.762709 -126.9117 -61.61258 -12.11936 -124.9622 -72.72093 -27.00144 -121.2288 -83.82929 -41.88351 -127.2555 -55.76536 -6.872244 -125.9629 -66.87372 -21.75432 -122.8966 -77.98207 -36.63639 -127.3582 -49.91815 -1.625123 -126.7063 -61.0265 -16.5072 -124.3084 -72.13486 -31.38927 -120.1413 -83.24321 -46.27134 -127.1971 -55.17928 -11.26008 -125.4615 -66.28764 -26.14215 -121.9533 -77.396 -41.02422 -127.4415 -49.33207 -6.012956 -126.3561 -60.44042 -20.89503 -123.5138 -71.54878 -35.7771 -126.9953 -54.5932 -15.64791 -124.8176 -65.70156 -30.52998 -120.878 -76.80992 -45.41205 -127.3841 -48.74599 -10.40079 -125.8631 -59.85434 -25.28286 -122.583 -70.9627 -40.16493 -126.6514 -54.00713 -20.03574 -124.0348 -65.11549 -34.91781 -127.1862 -48.15991 -14.78862 -125.2298 -59.26826 -29.6707 -121.5214 -70.37662 -44.55277 -126.1673 -53.42105 -24.42358 -123.1177 -64.52941 -39.30565 -126.8491 -47.57383 -19.17645 -124.46 -58.68219 -34.05853 -125.5455 -52.83498 -28.81141 -122.0714 -63.94332 -43.69348 -126.3745 -46.98775 -23.56429 -123.5578 -58.09611 -38.44636 -124.7895 -52.24889 -33.19924 -125.765 -46.40167 -27.95212 -122.5282 -57.51003 -42.83419 -123.9034 -51.66281 -37.58707 -125.024 -45.8156 -32.33995 -122.892 -51.07674 -41.9749 -124.1552 -45.22952 -36.72778 -123.1635 -44.64344 -41.11561 -113 -118.5485 30.94456 -114.8206 -117.4182 25.63198 -113.0001 -121.8385 28.54436 -115.2652 -119.2167 22.56339 -114.8179 -115.2913 27.23477 -113 -115.0575 33.3322 -114.824 -113.031 28.83071 -113 -111.3644 35.70261 -114.8391 -110.6363 30.41673 -115.6891 -115.208 24.17581 -115.6812 -113.6628 25.37987 -113.0001 -107.4732 38.04801 -114.8633 -108.1082 31.98869 -115.683 -112.0178 26.57998 -116.3307 -116.3605 20.77698 -115.6799 -120.884 19.49424 -116.3267 -114.915 21.98189 -115.695 -110.2723 27.77379 -115.7171 -108.4257 28.95901 -116.9214 -117.416 17.37816 -116.0623 -122.4205 16.42883 -116.9229 -116.0675 18.58307 -115.7495 -106.4801 30.13173 -113.0001 -103.3831 40.36412 -115.2166 -103.3033 33.82895 -117.4563 -119.5274 12.78978 -116.0588 -124.0234 14.83252 -116.3987 -125.3059 11.78155 -117.4574 -118.3721 13.98495 -117.466 -117.123 15.18425 -116.9449 -111.7724 22.05973 -117.9214 -121.265 8.23133 -116.3935 -126.6596 10.2052 -116.6857 -127.6985 7.178577 -117.9249 -120.2958 9.408499 -117.9351 -119.2344 10.59587 -116.2328 -103.2634 30.56137 -117.7347 -112.3453 18.33123 -113.0001 -99.0978 42.64414 -115.5446 -98.36711 35.64741 -116.2617 -101.2184 31.7194 -118.3307 -120.972 6.037414 -118.3165 -121.854 4.868571 -116.9047 -104.0046 27.77938 -118.3087 -122.6021 3.783507 -116.6766 -128.7852 5.675973 -116.9196 -129.4237 2.963047 -115.5701 -95.44776 37.15272 -118.4478 -112.8536 14.60274 -118.6466 -122.3091 1.589591 -118.6319 -122.8117 0.7991819 -118.619 -123.3136 -0.05256175 -118.6089 -123.7836 -0.9220943 -116.9082 -130.0933 1.868279 -116.7091 -98.00177 32.14904 -116.8917 -131.3304 -0.4190452 -118.6021 -124.1973 -1.762272 -117.0708 -131.6517 -2.982102 -116.8987 -130.7412 0.7207613 -119.0704 -114.0659 10.08121 -116.7334 -95.85913 33.28906 -117.5406 -98.35243 29.12426 -118.8479 -123.9042 -3.956188 -118.8307 -124.2656 -4.76668 -116.7669 -93.62274 34.407 -115.8664 -90.25807 38.91417 -118.816 -124.5952 -5.5906 -118.8039 -124.8906 -6.427296 -117.0573 -132.1124 -4.071711 -118.7944 -125.1498 -7.27597 -117.0459 -132.529 -5.178788 -119.5959 -115.0289 5.579632 -118.7879 -125.3706 -8.135407 -117.0368 -132.8988 -6.302368 -118.7844 -125.5508 -9.004325 -117.0302 -133.2188 -7.441109 -117.0261 -133.4861 -8.593345 -117.1133 -133.5025 -11.21967 -117.1631 -90.40608 34.83665 -120.0171 -115.725 1.151806 -118.9041 -125.2577 -11.19824 -116.134 -84.94647 40.64099 -117.1905 -88.07461 35.93124 -118.8883 -125.3953 -12.0749 -118.8766 -125.4812 -12.86886 -117.1011 -133.6515 -12.33342 -118.1432 -91.14421 31.20242 -118.8682 -125.5269 -13.58622 -117.0922 -133.7392 -13.34096 -118.862 -125.5417 -14.30485 -117.0859 -133.7795 -14.29829 -117.0815 -133.7785 -15.25628 -118.858 -125.5252 -15.0232 -117.079 -133.7356 -16.21304 -118.8562 -125.4774 -15.73998 -117.0785 -133.6507 -17.16682 -117.5494 -84.85797 36.36088 -118.8565 -125.3978 -16.45388 -117.0798 -133.5235 -18.11586 -118.8592 -125.2866 -17.16353 -117.0832 -133.3544 -19.05836 -117.5695 -82.43868 37.42687 -116.3716 -79.52013 42.32767 -118.8641 -125.1441 -17.86764 -117.0884 -133.1439 -19.99267 -118.6584 -85.30104 32.50501 -118.8711 -124.9709 -18.56499 -117.0956 -132.8928 -20.91717 -118.8803 -124.7675 -19.25439 -117.8907 -79.22203 37.85652 -118.8121 -124.4744 -21.4483 -117.0452 -132.4065 -23.29274 -117.0446 -132.0772 -24.19252 -117.0458 -131.7109 -25.07791 -118.8105 -124.2416 -22.12835 -117.0488 -131.3092 -25.94785 -117.9025 -76.71845 38.89091 -116.3847 -76.12242 43.68608 -118.8111 -123.9804 -22.79799 -117.0536 -130.8735 -26.80131 -119.113 -79.39931 33.78853 -118.8137 -123.6921 -23.45643 -117.0601 -130.4056 -27.63752 -117.9214 -74.12546 39.89413 -118.8184 -123.3778 -24.10289 -117.0682 -129.9073 -28.45597 -118.8251 -123.0386 -24.73662 -117.0778 -129.3802 -29.25621 -118.8337 -122.676 -25.35721 -117.0889 -128.8261 -30.03794 -116.5822 -70.4707 45.28466 -118.188 -70.90882 40.32377 -118.8441 -122.2911 -25.9643 -118.8562 -121.8854 -26.55757 -116.7463 -64.7227 46.83029 -118.1967 -68.24088 41.28879 -119.5159 -71.71273 35.71979 -118.87 -121.4599 -27.13689 -118.6522 -121.1669 -29.33081 -116.9281 -128.0511 -32.26367 -116.9322 -127.4477 -33.00814 -116.9378 -126.8221 -33.73392 -116.9447 -126.1757 -34.44115 -118.6565 -120.723 -29.89617 -118.4248 -65.02423 41.71843 -118.6625 -120.2618 -30.44752 -116.9551 -125.3952 -35.24146 -118.6701 -119.7845 -30.98484 -116.8765 -58.88051 48.32065 -118.4224 -62.28681 42.64221 -118.6792 -119.2921 -31.50835 -119.8365 -65.64525 36.936 -118.6119 -59.07017 43.07186 -118.6937 -118.6138 -32.1853 -118.3813 -118.3207 -34.37921 -116.728 -124.2909 -37.58119 -116.7329 -123.2886 -38.4818 -116.7414 -122.1102 -39.46787 -118.5977 -56.26094 43.95398 -117.0004 -52.35309 49.83263 -118.3853 -117.6356 -35.01794 -120.0922 -59.53144 38.12471 -118.3932 -116.8173 -35.73014 -118.7871 -52.15284 44.50269 -118.4058 -115.8681 -36.49705 -118.0147 -115.5751 -38.69096 -116.4602 -120.6312 -41.92972 -116.4631 -119.3132 -42.88349 -118.7555 -49.27905 45.33982 -116.9728 -48.48564 50.91621 -118.0169 -114.5988 -39.42292 -116.4695 -117.9638 -43.79416 -120.3064 -52.77546 39.36503 -119.6971 -110.0634 -34.47756 -118.0233 -113.598 -40.12162 -118.7281 -46.35166 46.12806 -117.0308 -41.81015 52.29938 -118.0334 -112.5747 -40.78892 -117.566 -112.2816 -42.98284 -116.1362 -116.3916 -46.12579 -118.839 -42.24357 46.67678 -116.1406 -114.7535 -47.08504 -119.1975 -107.6725 -38.80142 -117.5676 -111.2398 -43.61906 -117.0398 -35.0722 53.61373 -118.7929 -39.26581 47.41457 -120.4212 -43.43055 41.18023 -117.5756 -109.8246 -44.42171 -117.0471 -109.5315 -46.61563 -115.7687 -112.4973 -49.66323 -118.5945 -105.6437 -42.68589 -118.8492 -35.15772 47.96329 -117.0481 -107.8554 -47.48634 -116.981 -31.02131 54.4902 -118.7844 -32.13664 48.64829 -120.4545 -35.96791 42.40371 -116.4709 -107.5623 -49.68026 -115.3631 -109.9955 -52.26893 -117.9024 -104.1355 -46.19159 -118.7226 -29.08138 49.278 -124.5397 -49.03348 23.05667 -125.0321 -44.63235 21.41147 -124.1595 -45.21842 25.7993 -116.4664 -105.7788 -50.52419 -113.0001 -111.0729 -59.07691 -114.9268 -107.3482 -54.83771 -113 -107.0625 -60.64319 -115.843 -105.4858 -52.7181 -117.1327 -102.5558 -49.67943 -116.9253 -24.19016 55.65787 -118.7038 -24.97328 49.82672 -125.3622 -48.4474 18.66884 -125.7795 -44.04627 17.02363 -115.8345 -103.5914 -53.53341 -114.9241 -104.7484 -55.90334 -116.8174 -17.17476 56.77261 -118.622 -21.88991 50.39981 -120.3287 -26.43956 44.01181 -125.0478 -36.41616 22.50889 -124.6447 -40.81729 24.1541 -124.2032 -37.00223 26.89673 -115.837 -101.5862 -54.31655 -126.3982 -43.46018 12.6358 -126.056 -47.86132 14.281 -114.9313 -101.9996 -56.92429 -113 -102.8266 -62.13977 -118.5502 -17.78798 50.9477 -115.8507 -99.46819 -55.06484 -124.0981 -28.78605 27.99415 -123.7109 -33.18718 29.63936 -123.1713 -29.37212 32.38199 -123.2413 -37.58831 31.28456 -125.4425 -40.23121 19.76626 -125.7712 -35.83008 18.12106 -126.6175 -47.27524 9.893173 -126.8851 -42.87411 8.24797 -118.4384 -14.45019 51.49881 -116.6468 -9.982655 57.82645 -114.9486 -99.10221 -57.89603 -113 -98.37026 -63.55838 -120.1508 -18.91063 45.12494 -115.8759 -97.24004 -55.77415 -117.1092 -93.1593 -53.33799 -115.9127 -94.90068 -56.44168 -118.3067 -10.34825 52.0467 -114.976 -96.05721 -58.81391 -113.0001 -93.69165 -64.89341 -125.6085 -27.61389 19.21849 -125.3691 -32.01502 20.86369 -124.9118 -28.19997 23.60632 -116.3932 -91.68404 -56.01203 -118.1608 -6.999824 52.52846 -116.5579 -7.234059 58.21063 -126.8409 -34.65792 9.345397 -126.6596 -39.05905 10.9906 -126.3699 -35.244 13.73323 -119.8621 -11.21619 46.22287 -118.1276 -6.22536 52.62297 -116.528 -6.200193 58.32509 -118.0974 -5.449024 52.70016 -116.4987 -5.018175 58.4256 -117.7448 -87.23802 -53.17989 -118.063 -4.452332 52.77373 -116.4699 -3.688101 58.50471 -116.4267 -89.23543 -56.63417 -124.6242 -19.98378 24.70375 -124.4027 -24.38491 26.34895 -123.8449 -20.56986 29.09158 -115.3315 -90.7208 -59.38726 -113.0001 -88.7943 -66.13772 -118.0331 -3.453912 52.81882 -126.0186 -31.42894 16.47586 -126.1849 -27.02781 14.83066 -127.4852 -45.51701 -3.270326 -127.5361 -41.11588 -4.915528 -127.4554 -41.70196 -0.5276956 -116.8701 -86.01878 -56.20452 -122.957 -21.15593 33.47941 -123.2419 -16.76096 31.83339 -123.4417 -12.36598 30.18737 -122.5965 -12.95206 34.5752 -125.1427 -23.79883 21.96112 -125.2913 -19.3977 20.31592 -126.544 -30.84287 12.08803 -126.6384 -26.44173 10.44282 -127.3923 -33.48577 0.5697321 -127.3537 -37.8869 2.214935 -127.1823 -34.07184 4.957564 -127.2381 -42.28803 3.860137 -116.1738 3.91006 58.995 -117.6495 2.948287 53.55704 -116.2075 2.578089 59.02997 -117.6925 1.948984 53.54048 -115.6609 -85.2404 -59.89774 -116.8992 -83.46344 -56.77775 -117.6102 3.947648 53.54507 -116.1435 5.240471 58.92201 -124.0563 -16.17488 27.44556 -124.1837 -11.7799 25.79953 -125.7664 -23.21275 17.57329 -125.8432 -18.81162 15.92809 -117.5746 4.946244 53.50458 -118.3511 -79.47348 -53.33638 -116.9388 -80.80526 -57.29854 -126.943 -30.25679 7.700194 -126.9669 -25.85565 6.054992 -127.4702 -32.89969 -3.8181 -127.5004 -37.30082 -2.172898 -116.1165 6.568253 58.81101 -117.5425 5.943264 53.43558 -115.6911 -81.76473 -60.62709 -117.5139 6.937916 53.3381 -116.0926 7.892336 58.66213 -122.8818 -4.16211 31.28315 -122.7828 -8.557085 32.92917 -122.0814 -4.748188 35.67098 -124.7629 -15.5888 23.05772 -124.8189 -11.19382 21.4117 -117.4887 7.929391 53.21226 -116.0719 9.211646 58.47553 -117.3285 -77.58862 -56.8689 -126.2709 -22.62668 13.18546 -126.2773 -18.22554 11.54025 -117.4667 8.916879 53.05819 -127.2138 -29.67071 3.312362 -127.169 -25.26958 1.66716 -118.8637 -73.3442 -53.074 -126.9598 -39.35764 -18.07903 -127.1076 -43.75878 -16.43382 -127.2876 -39.94372 -13.69119 -117.3617 -74.82799 -57.33461 -125.3443 -10.60775 17.02387 -125.3583 -15.00272 18.66989 -115.9876 -76.00777 -60.99832 -121.6514 0.6547081 36.39264 -121.8888 6.643682 32.72646 -121.1446 6.057604 37.11429 -115.6571 15.43354 58.47098 -116.9064 14.31977 53.77985 -115.6886 14.12703 58.73249 -117.7128 -71.61135 -56.90496 -113.0001 19.56389 67.21048 -115.6031 18.02144 57.83659 -115.6287 16.73204 58.17227 -113 21.47469 66.62445 -116.8696 15.30246 53.5977 -124.227 -7.384929 24.15351 -124.1869 -2.989954 22.50748 -123.5848 -3.576032 26.89531 -119.3141 -67.14867 -52.7728 -118.4156 11.56572 48.22467 -115.5806 19.30066 57.46419 -113 23.36793 65.98415 -116.8361 16.27955 53.38758 -126.7851 -17.05339 2.764587 -126.9137 -21.45452 4.40979 -126.5917 -17.63946 7.15242 -117.7384 -68.75134 -57.31245 -116.8059 17.25022 53.14964 -115.5609 20.56868 57.05541 -113 25.24212 65.29014 -125.9062 -38.18549 -26.85469 -126.1721 -42.58662 -25.20949 -126.4986 -38.77156 -22.46686 -116.7789 18.21364 52.88405 -123.0521 -0.1694604 28.83903 -116.2541 -70.11625 -61.29402 -115.544 21.82449 56.61064 -124.7926 -6.798851 19.76568 -124.6852 -2.403876 18.11965 -116.755 19.16905 52.59104 -122.7736 1.533825 29.81089 -126.2056 -13.83057 9.894227 -126.057 -9.435592 8.248203 -125.7576 -10.02167 12.63603 -118.0504 -65.53469 -56.88282 -122.5427 7.22976 28.33863 -122.4869 3.237111 30.78275 -116.7344 20.11567 52.27089 -119.7009 -60.89045 -52.43059 -123.477 0.2212582 25.91381 -126.4656 -30.55538 -21.36943 -126.745 -34.95651 -19.72423 -126.9121 -31.14146 -16.9816 -116.7169 21.05276 51.92388 -121.0149 9.854895 36.13279 -125.0773 -1.817798 13.73182 -125.2501 -6.212773 15.37784 -118.0671 -62.58066 -57.2288 -123.4032 2.119903 25.42306 -115.0145 26.66903 56.61136 -113 30.7355 62.89141 -113 28.9274 63.7432 -113 27.09577 64.54297 -116.4888 -64.0958 -61.50991 -126.7062 -22.92526 -15.88417 -127.0007 -27.3264 -14.23897 -127.0118 -23.51134 -11.49634 -127.2294 -31.72753 -12.59377 -120.5587 11.4605 37.83596 -120.9288 11.75354 35.64204 -114.9887 27.89745 56.09571 -113 32.51861 61.98815 -123.3162 4.018548 24.9323 -123.1029 7.815838 23.9508 -118.3395 -59.36402 -56.79915 -124.1935 1.002696 20.06337 -115.9471 26.45566 52.64554 -125.5975 -5.626694 10.99001 -125.3613 -1.231719 9.343985 -120.0223 -54.57863 -52.04507 -114.9658 29.1107 55.54518 -117.3392 23.25824 47.94957 -121.2776 12.04658 33.44812 -120.588 17.44948 34.16978 -120.8289 13.65218 35.15129 -119.8921 16.8634 38.55762 -123.9342 2.705981 21.03523 -115.9164 27.38249 52.27196 -121.9259 10.63633 30.28235 -123.666 4.409267 22.00708 -123.5668 8.401917 19.56297 -114.9459 30.30777 54.96016 -113 34.2753 61.03421 -115.889 28.29829 51.87207 -121.6045 12.33962 31.25421 -118.3459 -56.32958 -57.08015 -125.5795 -33.78435 -28.49989 -125.1859 -37.59941 -31.24252 -125.1949 -29.38322 -30.1451 -125.8922 -29.9693 -25.75726 -121.2744 14.0429 32.22607 -121.1994 18.03555 29.78195 -123.377 -36.42725 -40.01819 -123.7929 -40.82839 -38.37298 -124.3414 -37.01333 -35.63035 -115.865 29.20234 51.44616 -114.9289 31.4877 54.3411 -113 36.00413 60.0305 -124.6112 1.588774 15.67553 -116.6902 -57.95906 -61.64147 -121.9093 12.63266 29.06029 -124.364 3.292059 16.64739 -115.8442 30.0939 50.99454 -114.9149 32.64955 53.68856 -113.0001 37.70367 58.97789 -118.5784 -53.11293 -56.65052 -122.5042 11.22241 25.89452 -124.1075 4.995345 17.61925 -123.9319 8.987995 15.17513 -115.8267 30.97225 50.51758 -122.1914 12.9257 26.86638 -114.9037 33.79234 53.00312 -119.8663 20.85605 36.1135 -119.1446 22.2663 39.27927 -115.8124 31.83667 50.01572 -121.8697 14.62898 27.83823 -121.7233 18.62163 25.39412 -124.924 2.174852 11.2877 -119.4923 22.55933 37.08536 -115.8013 32.68644 49.48942 -118.5733 -49.99181 -56.86509 -120.2775 -48.20902 -51.61526 -114.8954 34.91513 52.28537 -113.0001 39.37249 57.87727 -124.6905 3.878137 12.25956 -119.1094 24.26262 38.05722 -118.9733 28.25527 35.6131 -118.3171 27.66919 40.00093 -122.9891 11.80849 21.50669 -124.4473 5.581423 13.23142 -124.1966 9.574072 10.7873 -115.7934 33.52084 48.9391 -119.8198 22.85237 34.89144 -125.0522 -21.16703 -29.04767 -125.4999 -25.56816 -27.40247 -125.7239 -21.75311 -24.65983 -114.8899 36.01694 51.53592 -113.0001 41.00914 56.72954 -122.6864 13.51177 22.47854 -116.8569 -51.71092 -61.68543 -123.4433 -28.21106 -38.92076 -123.9176 -32.6122 -37.27556 -124.3772 -28.79714 -34.53293 -115.7886 34.33916 48.36524 -120.4933 21.44213 31.72567 -122.3746 15.21506 23.4504 -122.1571 19.20771 21.00629 -118.7658 -46.77517 -56.43544 -125.1304 2.76093 6.899869 -125.5362 -0.6456415 4.956152 -114.8873 37.09684 50.75535 -113.0001 42.6122 55.53558 -120.1268 23.14541 32.69752 -123.2593 12.19921 18.58146 -115.7871 35.14069 47.76826 -124.9121 4.464215 7.871727 -126.6345 -15.29515 -10.39891 -126.258 -10.90018 -12.04493 -126.3419 -14.70907 -14.78674 -125.8192 -6.505201 -13.69096 -126.0978 -7.091279 -9.303129 -119.5495 28.84135 31.22527 -119.7512 24.8487 33.66938 -125.4013 -13.53692 -23.56241 -125.8672 -17.93805 -21.91721 -125.9301 -14.123 -19.17458 -126.2762 -22.33918 -20.272 -124.6837 6.167501 8.843586 -124.3596 10.16015 6.39947 -114.8874 38.15393 49.94425 -115.7887 35.92479 47.14859 -120.4128 23.43845 30.50361 -123.0871 14.09785 18.09071 -115.7934 36.69088 46.50676 -121.0354 22.0282 27.33784 -114.8904 39.18738 49.10326 -113.0001 44.18038 54.29625 -125.2297 3.347008 2.512036 -125.601 -0.05956339 0.5683195 -120.6776 23.73149 28.30969 -115.8013 37.43836 45.84332 -122.9029 15.9965 17.59996 -122.4986 19.79379 16.61845 -125.0279 5.050293 3.483895 -118.7483 -43.58835 -56.58016 -116.9877 -45.36119 -61.63853 -120.0431 29.42742 26.83744 -120.3107 25.43478 29.28155 -114.8961 40.19643 48.23308 -113.0001 45.71256 53.01258 -115.8121 38.16662 45.15884 -116.9238 35.33514 41.50695 -123.6698 12.98064 12.73102 -124.8156 6.753579 4.455753 -124.4202 10.74623 2.011637 -123.3917 14.68393 13.70288 -115.8261 38.87507 44.45387 -114.9045 41.18026 47.33446 -113.0001 47.20751 51.68569 -121.4899 22.61428 22.95 -123.1037 16.38722 14.67474 -122.7462 20.37987 12.23062 -125.2213 3.933086 -1.875796 -125.5556 0.5265147 -3.819513 -121.1422 24.31757 23.92186 -113.0001 48.66405 50.31673 -114.9156 42.13807 46.40816 -116.1693 39.16811 42.25996 -125.0374 5.636372 -0.9039378 -120.4517 30.0135 22.4496 -120.7852 26.02085 24.89372 -118.7363 -40.33331 -56.65368 -116.9731 -41.06662 -61.78402 -123.8624 13.56672 8.343187 -124.5523 -16.7659 -30.69287 -124.2644 -20.58095 -33.4355 -124.0034 -12.36476 -32.33807 -124.7579 -12.95084 -27.95024 -124.3782 11.33231 -2.376195 -124.8425 7.339658 0.06792056 -120.4695 -39.03129 -51.10852 -118.9035 -36.22521 -56.10497 -116.1787 39.85613 41.53507 -120.5945 -31.33644 -50.37727 -123.5985 15.27001 9.315046 -117.3804 37.05949 37.09364 -121.8547 23.20036 18.56217 -116.1911 40.52312 40.79084 -122.8989 20.96594 7.842788 -123.3245 16.97329 10.2869 -115.1579 43.2644 43.99232 -113.0001 50.08094 48.9068 -125.1054 4.519164 -6.263629 -125.4004 1.112593 -8.207346 -121.5184 24.90365 19.53403 -116.2063 41.16856 40.02782 -124.9406 6.22245 -5.29177 -121.1724 26.60693 20.50589 -120.7735 30.59958 18.06177 -118.8718 -32.89912 -56.10553 -115.1677 44.16775 43.01292 -113 51.45699 47.45704 -123.9551 14.1528 3.955354 -124.7644 7.925735 -4.319912 -124.2339 11.91838 -6.764027 -123.7067 15.85609 4.927213 -116.5082 41.4616 37.83391 -115.1801 45.0427 42.00808 -113 52.79098 45.96859 -122.1281 23.78644 14.17434 -122.9559 21.55202 3.454956 -123.4478 17.55937 5.899071 -116.5184 42.08499 37.05273 -117.7825 38.65162 32.57156 -124.8828 5.105242 -10.65146 -125.1361 1.698671 -12.59518 -121.8042 25.48972 15.1462 -124.2869 2.870827 -21.37084 -124.8841 -1.524148 -19.72482 -124.7643 2.284749 -16.98301 -125.4271 -5.919123 -18.07879 -124.9236 -5.333045 -22.46662 -117.0792 -33.94047 -61.4676 -124.7382 6.808527 -9.679603 -118.9808 -28.79103 -55.55681 -123.5926 -4.160889 -31.24229 -124.1988 -8.555865 -29.59626 -124.3111 -4.746967 -26.85446 -116.5312 42.68586 36.25408 -121.4705 27.19301 16.11805 -121.007 31.18566 13.67394 -120.6182 -23.61561 -49.59634 -123.9476 14.73888 -0.4324783 -124.5817 8.511814 -8.707745 -123.988 12.50446 -11.15186 -115.3955 46.08395 39.51601 -112.9999 54.08185 44.44255 -116.5466 43.26372 35.43862 -123.7158 16.44216 0.5393802 -122.3089 24.37252 9.786505 -123.4732 18.14545 1.511239 -122.917 22.1381 -0.932877 -115.4059 46.90012 38.46279 -112.9999 55.32864 42.8802 -124.5546 5.691319 -15.03929 -116.8056 43.55675 33.24471 -121.9985 26.0758 10.75836 -118.9288 -25.42598 -55.48285 -124.4312 7.394605 -14.06744 -123.409 -7.969786 -33.9841 -123.1413 -11.77868 -36.72591 -122.7718 -3.574811 -35.63012 -115.4187 47.68594 37.38671 -112.9999 56.53037 41.28289 -121.151 31.77173 9.286107 -121.6781 27.77909 11.73022 -116.8154 44.11112 32.41311 -118.1258 40.10279 27.95267 -123.8399 15.32496 -4.820311 -124.2956 9.097892 -13.09558 -123.6421 13.09054 -15.53969 -122.3774 24.76323 6.861283 -123.6259 17.02824 -3.848453 -124.278 6.082039 -17.96452 -116.8277 44.64151 31.56606 -117.1319 -26.74099 -61.05285 -123.4007 18.73153 -2.876594 -122.7825 22.72418 -5.32071 -116.8426 45.14744 30.7042 -118.9812 -21.31789 -54.93413 -115.6051 48.63611 34.82607 -112.9999 57.68608 39.65197 -122.1004 26.66188 6.370531 -124.0213 7.980684 -18.45527 -123.6328 15.91103 -9.208144 -115.6152 49.35928 33.70697 -117.0569 45.44048 28.51029 -121.8126 28.56052 5.879778 -121.2051 32.35781 4.898273 -123.4375 17.61432 -8.236286 -117.0656 45.92155 27.6343 -118.4064 41.40503 23.24915 -123.1979 13.67662 -19.92753 -123.7558 9.879329 -18.94602 -120.5415 -15.86725 -48.76512 -118.9086 -17.91154 -54.78472 -115.6275 50.05015 32.56769 -122.3894 25.54467 1.01084 -123.2307 19.31761 -7.264426 -122.5532 23.31025 -9.708542 -123.589 6.863476 -23.81496 -123.7063 3.456905 -25.75868 -117.0767 46.37742 26.7449 -122.1094 27.24796 1.982698 -122.9417 0.2340859 -32.88832 -122.248 4.629061 -34.53434 -123.0255 4.042983 -30.14651 -123.5108 8.566762 -22.8431 -121.8186 28.95124 2.954557 -121.1691 32.94389 0.5104411 -117.0902 46.80775 25.84284 -123.3274 16.49711 -13.59598 -123.4194 10.27005 -21.87124 -122.6578 14.2627 -24.31536 -117.1321 -19.48799 -60.53812 -115.783 50.90351 29.94652 -123.1517 18.2004 -12.62412 -118.9057 -13.80344 -54.23601 -117.2586 47.10079 23.64892 -122.2891 26.13075 -3.376993 -122.2302 23.89633 -14.09637 -122.9641 19.90369 -11.65226 -115.7921 51.52815 28.76959 -122.0256 27.83404 -2.405134 -117.2655 47.50522 22.73496 -118.6211 42.55192 18.47421 -121.751 29.53732 -1.433276 -121.043 33.52997 -3.877392 -115.8032 52.11894 27.57529 -117.2747 47.88343 21.80985 -122.9252 17.08319 -17.98381 -117.2861 48.23505 20.87434 -122.77 18.78648 -17.01195 -122.0955 26.71683 -7.764825 -122.6023 20.48976 -16.04009 -121.8154 24.48241 -18.48421 -115.9262 52.87082 24.902 -121.8494 28.42011 -6.792967 -122.6045 17.47391 -20.90903 -117.4076 48.52809 18.68043 -118.8119 -10.36641 -54.01047 -117.081 -12.18701 -59.92235 -121.5919 30.1234 -5.821108 -120.8278 34.11605 -8.265225 -115.9336 53.39258 23.67594 -117.4122 48.8528 17.73529 -118.7676 43.5376 13.64149 -121.9152 27.10755 -10.69005 -122.2944 19.37256 -21.39978 -117.4189 49.15035 16.78129 -115.9428 53.87913 22.43553 -117.4278 49.42053 15.81918 -121.5818 29.00619 -11.1808 -122.0222 19.66559 -23.5937 -121.9755 21.2712 -21.89053 -121.3108 25.06849 -22.87204 -120.2744 -5.795986 -47.68251 -118.6368 -2.804636 -53.16081 -118.7196 -6.906573 -53.7087 -116.9953 -7.589094 -59.57081 -121.84 18.25535 -26.75947 -122.0247 14.84877 -28.70319 -117.5016 49.71357 13.62526 -116.0319 54.52538 19.71916 -121.5689 27.69363 -15.07788 -121.2389 30.90484 -11.67155 -120.5244 34.70212 -12.65306 -121.7275 19.95863 -25.78762 -117.5035 49.95621 12.6558 -118.8442 44.35802 8.764674 -116.0372 54.94022 18.45307 -121.6017 21.66192 -24.81576 -120.7192 25.65457 -27.25987 -117.5074 50.17112 11.67975 -121.2243 29.59227 -15.56863 -116.0442 55.31871 17.17566 -121.4107 20.25167 -27.98153 -117.5135 50.35812 10.69787 -121.1627 18.84143 -31.14731 -121.3019 15.43485 -33.09102 -120.1344 35.2882 -17.04089 -120.8703 31.49091 -16.05938 -121.0723 20.54471 -30.17545 -117.5391 50.65115 8.503956 -116.0986 55.85594 14.42534 -120.9686 28.47506 -20.92832 -120.0437 26.24065 -31.64771 -120.9681 22.248 -29.20359 -117.538 50.81005 7.516979 -118.8503 45.00988 3.85772 -118.5405 0.0196861 -52.85897 -116.8795 -0.6650299 -58.80315 -120.7786 30.17835 -19.95647 -117.5391 50.94067 6.525791 -116.1013 56.16098 13.12833 -120.7126 20.83775 -32.36936 -120.5761 31.88163 -18.98461 -119.6598 35.87428 -21.42872 -117.5422 51.04287 5.531359 -116.1057 56.42891 11.82305 -120.6105 28.86578 -23.85354 -120.5234 30.47139 -22.15038 -117.5195 51.33591 3.337443 -117.5154 51.40967 2.340653 -120.247 30.76443 -24.3443 -116.1247 56.85487 9.047866 -117.5135 51.45495 1.34226 -118.7856 45.49116 -1.063767 -118.2756 6.940261 -51.96014 -116.719 5.831568 -58.0027 -118.4009 4.121622 -52.31108 -116.1247 57.04788 7.729089 -117.5137 51.47175 0.3430447 -120.0034 29.45186 -28.24138 -119.9499 31.05747 -26.53821 -119.103 36.46036 -25.81656 -119.8746 32.66307 -24.83505 -116.1265 57.20309 6.405342 -117.4428 51.76478 -1.850872 -118.2088 8.533845 -51.71018 -116.6264 8.773051 -57.6021 -119.6324 31.3505 -28.73213 -117.436 51.75307 -2.850126 -118.6574 45.84723 -5.320838 -116.11 57.51576 3.61525 -117.4312 51.71283 -3.848645 -118.1543 10.11417 -51.38704 -116.5706 10.88899 -57.22003 -119.2949 31.64354 -30.92605 -116.1073 57.59512 2.285128 -119.2526 33.24915 -29.22288 -118.4668 37.04644 -30.20439 -117.3218 52.00587 -6.042561 -116.1063 57.63651 0.9533892 -117.3102 51.93708 -7.039557 -117.3009 51.8398 -8.034219 -118.4568 46.04349 -10.23484 -117.2937 51.71417 -9.025728 -116.0545 57.83525 -1.841535 -116.0492 57.80061 -3.173384 -117.1373 52.00721 -11.21964 -117.1235 51.85336 -12.20718 -117.7456 17.08746 -50.26792 -116.2682 18.56944 -55.71383 -117.8168 15.51706 -50.66538 -116.3263 16.5914 -56.25853 -117.1121 51.67142 -13.18992 -118.1901 46.07041 -15.125 -117.103 51.46151 -14.16706 -115.9686 57.92328 -5.966338 -116.2251 20.22312 -55.18736 -117.6897 18.48413 -49.84833 -115.9591 57.81257 -7.294109 -116.1943 21.56932 -54.70607 -117.6511 19.56798 -49.47822 -117.6211 20.50342 -49.1264 -115.9516 57.66397 -8.618224 -116.9007 51.75455 -16.36098 -117.4715 45.62765 -24.77607 -117.5945 21.42845 -48.748 -116.1692 22.80963 -54.21926 -116.8853 51.51683 -17.33168 -118.5181 24.24305 -42.49114 -116.975 28.64716 -47.1912 -117.5509 23.24426 -47.91286 -116.8725 51.25144 -18.29518 -117.8604 45.93049 -19.97672 -117.5711 22.34231 -48.34337 -116.1471 24.03555 -53.69724 -116.9401 29.53645 -46.73513 -116.8622 50.95859 -19.25072 -115.837 57.673 -11.4002 -116.128 25.24609 -53.14048 -115.8257 57.44914 -12.71372 -116.6152 51.25164 -21.44464 -115.8163 57.18791 -14.0203 -117.0278 45.1671 -29.50915 -116.5991 50.93163 -22.39146 -116.5857 50.58475 -23.32878 -116.5749 50.2113 -24.25583 -113 67.21467 -19.54946 -115.669 57.08485 -16.78148 -113 67.74546 -17.62248 -115.7329 30.04219 -52.06832 -115.6562 56.74944 -18.07094 -113 66.62898 -21.46055 -116.2849 50.50434 -26.44975 -115.7031 31.21898 -51.44343 -116.2689 50.1046 -27.36574 -115.6456 56.37728 -19.3503 -112.9999 65.98897 -23.3542 -116.2557 49.67887 -28.26992 -116.9084 30.41235 -46.25386 -115.6764 32.37741 -50.78518 -116.2454 49.22743 -29.16153 -113.0001 38.00128 -58.78676 -115.6525 33.51649 -50.09409 -113 39.66402 -57.67785 -116.88 31.27409 -45.74775 -115.6315 34.63532 -49.37078 -113 41.29443 -56.52199 -116.8547 32.12097 -45.21723 -117.4389 35.39278 -39.05741 -116.0154 39.96884 -42.76226 -116.7973 34.56594 -43.48392 -115.4672 56.16408 -22.08115 -112.9999 65.29522 -25.22884 -115.9865 40.74979 -42.13879 -115.6133 35.73304 -48.61586 -113 42.89123 -55.32012 -116.8325 32.95233 -44.66278 -116.8134 33.76754 -44.08486 -115.4539 55.71949 -23.33725 -112.9999 64.54833 -27.08294 -115.9143 49.52047 -31.35545 -115.5978 36.80878 -47.82995 -115.8994 49.04372 -32.23382 -115.8875 48.54209 -33.09825 -112.9999 63.74884 -28.91493 -115.4429 55.23928 -24.58017 -115.8787 48.01601 -33.94804 -115.8729 47.46593 -34.78247 -113 62.89738 -30.72328 -115.2352 54.91918 -27.27148 -115.2221 54.36886 -28.48493 -113 61.9945 -32.50651 -115.2115 53.78408 -29.68211 -113.0001 61.041 -34.26325 -115.059 41.46361 -46.53256 -113 44.45314 -54.07317 -113 45.97884 -52.78206 -113 47.46708 -51.44772 -115.0348 42.4928 -45.68654 -115.9608 41.51264 -41.49322 -115.0134 43.49745 -44.81139 -113 48.91667 -50.07128 -114.9769 53.36066 -32.32472 -113.0001 60.03773 -35.99211 -115.9383 42.25676 -40.82606 -114.995 44.47673 -43.9078 -113 50.32645 -48.65396 -114.965 52.7084 -33.48659 -113.0001 58.98558 -37.69168 -115.9191 42.98156 -40.13784 -114.9794 45.42985 -42.97655 -113.0001 51.69527 -47.19699 -114.9557 52.02326 -34.6294 -113.0002 57.88541 -39.36055 -115.8902 44.37087 -38.7007 -114.9667 46.35606 -42.01845 -115.9031 43.68645 -39.42918 -113.0001 53.02199 -45.70162 -114.949 51.30582 -35.75221 -113.0001 56.73809 -40.99732 -114.9568 47.25458 -41.03434 -115.8805 45.03422 -37.95301 -114.945 50.55665 -36.85409 -115.8701 46.89227 -35.60085 -114.9496 48.12463 -40.02503 -113.0001 54.30545 -44.16907 -115.8739 45.67594 -37.18673 -113.0001 55.54449 -42.60058 -114.9438 49.77634 -37.93409 -115.8704 46.29546 -36.40248 -114.9453 48.96546 -38.99135 -112.9999 -135.326 16.52765 -114.1867 -133.1448 13.6286 -112.9999 -137.4489 14.15293 -114.1996 -131.667 15.21695 -112.9999 -133.0155 18.91801 -114.0643 -129.1853 18.35571 -113 -130.5171 21.31659 -112.9999 -139.3873 11.79859 -114.2925 -136.4413 8.97849 -112.9999 -141.1514 9.460907 -114.3058 -135.2071 10.5425 -113.0001 -127.82 23.72643 -114.0679 -126.9192 20.49061 -114.3899 -137.9641 6.206654 -113 -142.6476 7.290779 -114.3895 -139.2102 4.193898 -113 -143.6528 5.709959 -114.3784 -139.8799 3.099129 -113 -144.6565 4.006474 -114.3707 -140.5278 1.951611 -113.0001 -145.5966 2.2674 -114.5723 -128.5195 16.87527 -114.7617 -130.9928 13.36643 -114.7519 -132.0543 12.17906 -114.582 -127.2703 18.07456 -114.7812 -129.8376 14.5616 -114.5753 -126.4688 18.87271 -114.7678 -129.1607 15.34978 -114.4465 -141.3776 -0.4057501 -113.0001 -146.4239 0.5870499 -114.9167 -134.0863 8.737282 -114.9252 -132.5737 10.66575 -114.906 -134.9683 7.568439 -114.9364 -133.117 9.914451 -114.5877 -125.1203 20.07762 -114.3828 -122.9065 22.81523 -113.0001 -124.929 26.13622 -114.4403 -142.0332 -1.875222 -113.0001 -147.1468 -1.033931 -115.0589 -135.6223 5.664592 -114.4354 -142.6171 -3.339357 -113.0002 -147.8058 -2.681772 -115.0419 -136.3704 4.579528 -115.0469 -136.6944 4.00577 -115.0562 -136.989 3.435867 -115.0417 -137.4916 2.645457 -114.4315 -143.1404 -4.826014 -113.0002 -148.3967 -4.355165 -115.0305 -137.9934 1.793714 -115.0847 -125.6537 17.52598 -115.2057 -127.4483 15.17736 -115.0239 -138.4635 0.9241811 -114.957 -123.7082 19.88316 -115.3335 -128.327 13.63492 -115.4247 -130.6023 10.51223 -114.4286 -143.5993 -6.333673 -113.0002 -148.9151 -6.052513 -115.5357 -131.3108 9.002493 -115.1401 -138.8545 -0.9021515 -114.4215 -143.9193 -7.472414 -113.0002 -149.3567 -7.771384 -115.1267 -139.2682 -1.742329 -115.6111 -133.3433 5.668385 -115.131 -139.4765 -2.295867 -115.119 -139.8379 -3.106359 -115.1241 -140.0228 -3.66815 -115.6856 -134.494 3.293273 -115.6902 -134.9064 2.530831 -115.1125 -140.3523 -4.49207 -114.4604 -144.1921 -9.500094 -113.0001 -149.717 -9.509226 -115.1184 -140.5123 -5.06144 -115.1075 -140.8077 -5.898136 -115.1142 -140.9414 -6.474253 -114.4541 -144.4535 -11.03506 -113.0001 -149.9921 -11.26254 -115.7397 -136.3464 -0.7411161 -115.1039 -141.2006 -7.322928 -115.0982 -141.4214 -8.182366 -114.4487 -144.6318 -12.48465 -113.0001 -150.1639 -12.85046 -115.7934 -137.0218 -2.887815 -115.7846 -137.5249 -4.171696 -115.1606 -141.4296 -9.49553 -114.4448 -144.7329 -13.8113 -113 -150.2553 -14.28516 -115.7774 -137.9745 -5.475082 -115.1507 -141.6098 -10.36445 -115.1514 -141.6843 -10.92132 -115.7721 -138.3672 -6.796539 -114.4424 -144.7729 -15.08796 -113 -150.2849 -15.72243 -115.1425 -141.8218 -11.79798 -115.1434 -141.8657 -12.30175 -114.4408 -144.7575 -16.36487 -113 -150.252 -17.15915 -115.1365 -141.9516 -13.09571 -115.8003 -138.7817 -9.194802 -115.1378 -141.9717 -13.57437 -114.4387 -144.7146 -17.32163 -113 -150.1563 -18.5927 -115.1324 -142.0174 -14.29173 -115.1342 -142.0169 -14.77073 -115.8253 -138.957 -11.02077 -114.4385 -144.6014 -18.59334 -113 -149.9972 -20.0205 -115.1294 -142.0317 -15.48936 -115.1316 -142.0102 -15.96774 -115.8157 -139.1276 -12.31231 -115.1276 -141.9938 -16.68609 -114.4392 -144.4319 -19.85872 -113 -149.7748 -21.4398 -115.8088 -139.2276 -13.49657 -115.127 -141.9459 -17.40287 -115.1269 -141.9035 -17.87976 -115.8041 -139.2711 -14.61325 -114.4406 -144.2063 -21.1154 -113 -149.4898 -22.84801 -115.1271 -141.824 -18.59366 -115.8009 -139.2663 -15.73058 -115.1274 -141.7604 -19.06818 -113.0001 -94.625 44.88003 -114.3251 -95.03638 41.01638 -116.9567 -106.9564 25.5872 -114.4429 -143.9257 -22.36114 -113 -149.1434 -24.24272 -115.1283 -141.6492 -19.77783 -115.1292 -141.5646 -20.24909 -115.7974 -139.1808 -17.32419 -114.446 -143.5909 -23.5938 -113 -148.7365 -25.62153 -115.1308 -141.4221 -20.95319 -115.7977 -139.0571 -18.43439 -115.1321 -141.3169 -21.42034 -114.4502 -143.3 -24.50676 -113.0001 -148.2708 -26.9816 -115.1343 -141.1436 -22.1177 -115.7995 -138.8842 -19.53801 -113.0001 -89.96205 47.06921 -114.4781 -90.11006 42.99169 -115.1361 -141.0181 -22.57995 -115.1391 -140.8146 -23.26934 -115.8029 -138.6627 -20.63302 -114.4269 -142.8086 -26.19841 -113.0001 -147.7485 -28.32087 -113.0001 -85.12347 49.20121 -114.089 -86.67733 45.63713 -115.1455 -140.5818 -23.94939 -114.6104 -87.45426 43.8551 -115.8076 -138.3933 -21.71752 -114.4308 -142.4423 -27.08379 -113.0001 -147.1719 -29.63776 -115.0428 -88.38887 42.20812 -115.1084 -140.3386 -25.13717 -115.1112 -140.0775 -25.80681 -114.4315 -141.9308 -28.25366 -113.0002 -146.5432 -30.93069 -114.6169 -85.03498 44.9211 -115.7978 -137.8567 -23.73051 -115.1173 -139.7892 -26.46525 -115.1116 -139.6246 -26.91514 -113.0001 -80.11631 51.26997 -114.1738 -81.58664 47.59962 -114.4329 -141.373 -29.40225 -113.0002 -145.8649 -32.19815 -119.5118 -119.7023 -1.604404 -120.3099 -116.593 -4.00799 -114.7369 -82.3218 45.76444 -115.1183 -139.3102 -27.56161 -115.2168 -83.19669 44.05662 -115.1132 -139.1271 -28.0043 -119.9736 -110.9412 8.237582 -115.7787 -137.2186 -25.70768 -114.4351 -140.7712 -30.52844 -113.0002 -145.1396 -33.43932 -115.1204 -138.7879 -28.63803 -119.396 -122.2619 -7.438844 -114.7406 -79.81822 46.79882 -115.78 -136.7771 -26.73371 -115.1159 -138.587 -29.073 -118.561 -94.03903 28.08689 -114.438 -140.1277 -31.63138 -113.0002 -144.3699 -34.6535 -112.9999 -74.93035 53.27642 -114.1794 -77.05636 49.41083 -115.1236 -138.2244 -29.69358 -114.7438 -78.11937 47.47802 -115.7826 -136.295 -27.74131 -119.6679 -121.0953 -8.362967 -120.4531 -117.3 -10.29864 -119.6808 -120.9476 -7.944618 -115.1195 -138.0066 -30.12032 -114.4464 -139.6006 -32.43162 -113.0002 -143.5584 -35.84004 -119.9066 -119.4961 -6.632409 -120.4032 -109.3789 7.315767 -120.538 -111.2989 3.798502 -115.3008 -78.58629 45.76124 -115.1277 -137.6217 -30.72741 -115.7865 -135.7741 -28.72949 -114.7494 -75.52639 48.48125 -120.7675 -109.0858 5.12185 -115.1387 -137.216 -31.32068 -114.4503 -138.8905 -33.49208 -113.0002 -142.7075 -36.99869 -115.1327 -136.982 -31.73878 -120.9037 -107.3002 6.431868 -120.9828 -109.4338 2.907938 -115.8004 -134.9458 -30.09296 -112.9999 -69.59449 55.20649 -114.2498 -71.66517 51.25584 -115.144 -136.5566 -32.31811 -120.4206 -116.9465 -7.153314 -114.4547 -138.1448 -34.52802 -113.0001 -141.8197 -38.1294 -114.8495 -72.70053 49.28054 -120.9801 -111.6249 -0.8599826 -115.1387 -136.3074 -32.72733 -115.3772 -73.84116 47.41571 -119.5912 -89.98394 26.64322 -119.1853 -87.54414 29.50024 -119.4293 -88.6657 27.99784 -115.8071 -134.3402 -31.03073 -115.1503 -135.8635 -33.29269 -121.2725 -109.1408 0.7140215 -115.1455 -135.6 -33.69281 -114.8516 -70.03259 50.24555 -115.8149 -133.7024 -31.9472 -121.4821 -107.1415 2.030704 -114.3827 -136.9227 -36.54173 -113.0001 -140.8973 -39.23211 -113.0001 -139.9427 -40.30674 -119.9911 -119.8025 -14.63882 -121.4287 -109.5748 -1.865877 -119.6838 -85.7441 28.64914 -119.7028 -121.0538 -16.80891 -119.6957 -121.0299 -17.1673 -120.4578 -116.5824 -18.59462 -115.0439 -134.9354 -35.19654 -113 -64.11967 57.0541 -114.3089 -66.14561 53.03025 -114.3872 -136.297 -37.26751 -115.7561 -133.0837 -33.21643 -114.9383 -67.15859 51.01837 -115.0477 -134.4742 -35.74789 -115.5023 -68.26263 49.10713 -114.3939 -135.6506 -37.97473 -113 -138.958 -41.35377 -121.3812 -111.7592 -7.602018 -115.0542 -133.9969 -36.28521 -120.5269 -116.9412 -14.44663 -119.7314 -81.48474 30.6487 -120.2335 -83.74736 27.65027 -120.0202 -82.52745 29.07878 -121.9182 -107.0401 -2.61445 -121.6356 -109.2818 -4.059793 -115.0631 -133.5046 -36.80872 -114.9368 -64.42118 51.94215 -114.3986 -134.669 -39.0232 -113 -137.6013 -42.70767 -115.0575 -133.2029 -37.18096 -115.7053 -131.4856 -35.54186 -119.6767 -119.9801 -21.34876 -115.0703 -132.5245 -37.85791 -113.0001 -58.50119 58.81827 -114.3565 -60.50044 54.73097 -119.6857 -119.8105 -21.66563 -119.4146 -120.7657 -22.89615 -120.2416 -79.57659 29.72054 -119.6964 -119.6292 -21.97591 -115.0101 -61.50008 52.68733 -122.159 -106.6494 -5.539672 -121.8031 -108.9888 -6.253709 -114.4045 -133.5515 -40.14224 -115.0646 -132.2117 -38.2208 -113 -136.231 -43.98514 -115.7128 -130.6237 -36.48325 -121.845 -109.3422 -9.399033 -115.6047 -62.57429 50.73498 -115.0783 -131.5266 -38.85953 -115.0726 -131.2033 -39.21314 -115.7214 -129.7429 -37.38673 -115.0046 -58.69085 53.56945 -119.9364 -117.8135 -23.08802 -120.5343 -76.35994 30.15019 -120.7935 -77.49125 28.65097 -120.2139 -74.81088 32.00672 -115.6384 -128.8992 -38.66915 -114.3084 -131.7055 -42.32528 -113 -134.5945 -45.40953 -114.9337 -130.261 -40.78316 -113 -52.75359 60.4925 -114.4037 -54.53596 56.38113 -120.4557 -115.3822 -21.95343 -120.3525 -114.182 -25.31224 -122.3261 -106.4943 -10.56177 -121.9172 -109.0492 -11.59295 -115.0815 -55.42714 54.32543 -115.6955 -56.57826 52.32384 -114.9395 -129.4427 -41.49536 -114.3167 -130.5271 -43.31135 -112.9999 -132.696 -46.94333 -120.7316 -72.51666 31.11582 -121.9126 -108.6904 -15.74094 -121.482 -111.5603 -13.92684 -114.952 -128.4934 -42.26226 -115.0703 -52.55334 55.16256 -115.5619 -126.7585 -41.00211 -114.9452 -127.9923 -42.71257 -119.5567 -116.7371 -28.41029 -120.0885 -112.0893 -30.14045 -121.4149 -110.3256 -20.39398 -112.9999 -46.89884 62.06901 -114.3905 -49.37936 57.8259 -114.3217 -128.9093 -44.61079 -112.9999 -130.7434 -48.40725 -120.6118 -68.08176 33.34231 -115.0631 -50.61962 55.70436 -121.2757 -70.6402 29.86759 -120.9746 -69.30001 31.54546 -114.9592 -127.016 -43.44453 -122.3381 -105.8644 -16.25233 -121.8691 -108.3974 -17.93486 -115.7245 -51.19744 53.74711 -115.5699 -125.3807 -42.11898 -114.9519 -126.4268 -43.93756 -115.0524 -47.69224 56.4926 -121.1281 -66.26627 32.15356 -115.4655 -124.4949 -43.26828 -121.8404 -107.1972 -21.29367 -114.7877 -125.6873 -45.16849 -114.2085 -126.7055 -46.71387 -112.9999 -128.7419 -49.80464 -113.0001 -40.94332 63.54458 -114.4139 -43.21744 59.30432 -114.7937 -124.6866 -45.86718 -115.0998 -44.35449 57.18419 -120.9323 -61.87689 34.43037 -121.6939 -106.9042 -23.48758 -115.739 -45.73155 55.09486 -121.327 -63.04961 32.5832 -114.216 -125.3561 -47.62454 -112.9999 -126.6952 -51.13926 -121.6657 -64.32884 30.84585 -119.2866 -113.9787 -33.31875 -122.2083 -104.6736 -21.41675 -114.8051 -123.6632 -46.53449 -121.0568 -108.4372 -27.16782 -115.371 -122.2132 -45.31749 -121.5078 -106.6111 -25.6815 -114.7966 -123.0042 -47.01138 -115.0828 -41.37673 57.92198 -121.4452 -59.99271 33.17756 -114.2185 -123.54 -48.81148 -112.9999 -124.6115 -52.4117 -121.9937 -104.2828 -24.34197 -114.8087 -121.9623 -47.64759 -115.3759 -120.6295 -46.36311 -113.0001 -34.90116 64.91459 -114.4208 -36.97222 60.69097 -114.8015 -121.2876 -48.10293 -121.3627 -105.5647 -28.09561 -115.1118 -38.00775 58.57915 -115.7651 -39.27522 56.4859 -121.1865 -55.44253 35.52648 -121.6003 -56.77606 33.60721 -115.2545 -119.6556 -47.44388 -121.9718 -58.00204 31.81494 -120.6463 -106.8689 -31.68554 -114.6132 -120.5015 -49.26874 -121.0931 -105.2717 -30.28952 -114.0911 -120.9281 -50.8515 -113 -121.7811 -54.017 -115.0886 -34.98668 59.26417 -121.5901 -103.1945 -28.8766 -114.6212 -119.0863 -50.0714 -121.6942 -53.39807 34.22737 -112.9999 -28.79066 66.17411 -114.393 -31.57104 61.85961 -115.1375 -117.6421 -49.07595 -115.0732 -32.96123 59.70241 -120.8897 -104.2588 -32.45808 -114.6168 -118.2673 -50.55102 -115.7423 -33.66489 57.67285 -114.0966 -118.3211 -52.28682 -113.0001 -118.4288 -55.75842 -120.1105 -105.2013 -36.03514 -120.5429 -103.9657 -34.65199 -115.0502 -29.90597 60.33211 -114.6298 -116.5911 -51.42173 -122.2195 -50.86688 32.88062 -121.83 -49.28998 34.77608 -123.1662 -45.8045 30.18713 -121.0433 -102.1285 -33.24752 -115.0151 -115.2265 -50.83557 -113.0007 -22.6239 67.32022 -114.3767 -25.20156 63.0507 -115.0511 -26.49039 60.91595 -115.7054 -28.0007 58.77404 -121.8666 -44.61753 35.68368 -121.3816 -47.33684 36.9108 -114.4306 -113.6795 -53.55476 -113.0001 -114.8618 -57.44626 -123.7858 -51.52708 26.07319 -120.3604 -100.9408 -37.61404 -115.0218 -23.40703 61.48904 -123.5925 -49.61956 27.4445 -122.3593 -42.27445 34.21731 -121.4533 -38.99559 38.2895 -121.9266 -40.50943 36.23239 -112.9991 -15.94832 68.42243 -114.3428 -18.58232 64.17175 -115.0044 -19.89933 62.0464 -115.654 -21.3296 59.9169 -121.9214 -36.77811 36.84413 -114.9646 -16.56154 62.59751 -123.9491 -43.3109 27.17061 -123.7256 -41.40337 28.54193 -112.9998 -9.251461 69.38596 -114.2881 -11.72748 65.21161 -114.9264 -12.96549 63.12443 -115.5637 -14.36858 61.00716 -122.3751 -34.30945 35.35675 -121.9147 -32.67002 37.39285 -121.4048 -30.5932 39.59917 -112.999 -7.702581 69.57492 -114.2424 -8.062685 65.72385 -114.8749 -9.617058 63.6062 -112.9999 -6.149838 69.72933 -114.2284 -6.684195 65.87648 -114.8486 -8.242761 63.79829 -117.1601 -97.78899 -51.52739 -121.8218 -27.90584 38.19689 -114.8358 -7.468296 63.89279 -115.4567 -8.822726 61.80768 -114.828 -6.951363 63.95003 -116.7446 -97.60601 -52.94297 -113.0004 -4.156476 69.87649 -114.2161 -5.10817 66.01049 -117.1792 -96.67491 -51.88204 -114.8172 -6.175027 64.02722 -114.8101 -5.584018 64.07748 -115.416 -7.045595 62.03689 -113.0003 -2.159636 69.96668 -114.2036 -3.334738 66.11596 -114.7985 -4.587325 64.15105 -122.236 -25.65587 36.6244 -115.3933 -5.78941 62.16002 -121.226 -22.16871 40.87205 -121.741 -23.79775 38.74561 -114.7914 -3.922288 64.1906 -126.9174 -48.88973 6.32794 -126.0124 -41.11218 15.92683 -114.7818 -2.923869 64.2357 -124.7542 -33.87279 24.33732 -115.3702 -4.287584 62.26893 -126.2645 -41.55266 14.00712 -124.5986 -32.6011 25.25153 -113 -0.1610295 69.9998 -114.1408 -0.35834 66.33113 -124.4373 -31.32941 26.16573 -126.1152 -39.64513 15.37843 -126.0072 -38.37345 16.29264 -127.0441 -46.68917 5.50534 -114.6954 -0.4569955 64.4968 -112.9999 1.837692 69.97586 -114.1292 0.9741029 66.33419 -121.6235 -20.03328 39.30218 -126.9731 -44.78164 6.876655 -115.2965 -1.53403 62.49943 -116.2449 1.245646 59.02692 -123.8297 -26.87852 29.36547 -114.6803 0.5423085 64.51335 -123.5498 -24.97099 30.73679 -112.9999 3.834885 69.89488 -114.1133 2.750222 66.30023 -114.6695 1.541669 64.50138 -114.6571 2.20789 64.50291 -127.355 -48.01062 -0.2538082 -121.9861 -17.67288 37.72652 -120.9516 -14.35963 41.97433 -127.3337 -46.10308 1.117507 -113 5.828925 69.75685 -114.0993 4.524623 66.21558 -121.4758 -15.93134 39.85007 -114.6478 3.206487 64.46243 -115.1959 1.887142 62.67757 -118.9838 -85.24062 -49.72562 -126.989 -40.67354 7.425368 -114.6364 3.872472 64.44494 -115.1691 3.441011 62.63995 -114.6284 4.869493 64.37593 -114.0869 6.295875 66.08026 -113 7.818226 69.56188 -114.618 5.534698 64.33943 -117.1195 -0.8695583 56.0226 -127.1357 -39.74466 5.688558 -127.4042 -43.90253 0.2949056 -119.125 -5.908318 48.80994 -118.7902 -83.31824 -50.92921 -115.1452 4.993152 62.55796 -127.0731 -38.47298 6.602766 -121.2957 -12.08412 40.39903 -114.6113 6.52935 64.24195 -127.003 -37.20129 7.516976 -114.6018 7.19324 64.18646 -114.0721 8.503915 65.84475 -113 9.801174 69.31018 -119.2898 -81.35835 -49.80386 -119.8372 -79.8422 -48.33993 -119.6011 -5.749797 46.90342 -119.2621 -0.2834069 47.58398 -118.7352 -3.254383 50.10347 -114.5958 7.855282 64.11202 -127.479 -47.1315 -6.835557 -115.1115 7.426272 62.34502 -114.5875 8.846758 63.98617 -127.1375 -36.27241 5.780166 -114.063 10.26299 65.59595 -113.0001 11.77615 69.00205 -114.5824 9.506412 63.89287 -121.5979 -9.638813 38.82301 -121.0754 -7.982187 40.94692 -119.6651 -78.1417 -49.37422 -115.0943 8.968387 62.14929 -114.5752 10.4939 63.73881 -127.4978 -44.93093 -7.658158 -120.4902 -5.415927 43.15927 -127.5263 -43.02341 -6.286843 -127.48 -40.5298 -9.303361 -113.9399 13.2149 65.45745 -113.0001 15.69569 68.21754 -113.0001 13.74153 68.63775 -119.4128 -76.54254 -50.60748 -119.92 -75.07706 -49.24303 -114.3986 12.95159 63.86729 -114.9665 11.70494 62.07004 -120.4743 -73.51025 -47.6796 -127.2887 -46.25238 -13.41731 -114.3861 13.93428 63.68513 -113.0001 17.63703 67.74168 -114.3703 -84.46204 -63.59095 -113.0001 -83.68369 -67.28417 -127.3717 -44.34486 -12.04599 -120.7291 -2.515797 41.62748 -127.5335 -38.91531 -5.738129 -120.2513 -71.86042 -48.81338 -118.4554 5.741858 49.74807 -121.0583 -1.458962 39.88253 -120.5235 0.1856505 41.98831 -127.3385 -42.14429 -12.86859 -127.5124 -36.71474 -6.56073 -118.8945 5.641156 47.90433 -119.9545 -70.28983 -50.13319 -127.3831 -31.2852 -0.2528692 -120.4726 -68.76264 -48.66278 -126.6574 -23.50764 9.346024 -127.5005 -34.80722 -5.189415 -127.4158 -32.31361 -8.205933 -123.7705 -9.240639 27.6274 -121.0283 -67.15621 -47.00635 -123.5561 -7.971007 28.54134 -120.2979 2.887099 42.34914 -114.3906 -80.06603 -64.47642 -113.0001 -78.36731 -68.32575 -126.8185 -23.94813 7.426307 -114.9342 -78.71327 -63.31705 -123.2247 -6.066558 29.91224 -120.7622 2.142968 40.36364 -126.6539 -22.0406 8.797623 -126.7619 -44.63974 -20.27326 -119.6954 5.779972 44.30765 -123.5751 -6.506015 27.99267 -127.3552 -29.08463 -1.07547 -120.7596 -65.546 -48.23314 -126.4734 -20.13307 10.16894 -126.5508 -45.08023 -22.19297 -125.8499 -15.88164 14.83073 -127.2708 -27.1771 0.2958446 -127.2439 -24.6835 -2.720673 -126.6417 -20.57355 8.249222 -126.707 -43.1727 -20.82166 -126.0661 -16.32109 12.91116 -126.8434 -41.26517 -19.45034 -125.84 -14.41664 14.28206 -120.423 -63.99415 -49.63229 -126.6448 -41.70565 -21.37006 -120.9464 -62.41689 -48.06204 -121.4987 -60.78127 -46.31942 -125.5993 -12.5122 15.65296 -127.0566 -37.45011 -16.70771 -119.8299 8.811661 42.66948 -114.0391 -75.74038 -66.19374 -113.0001 -72.84606 -69.25717 -114.544 -74.42691 -65.12775 -127.1184 -23.06901 0.8445585 -125.8213 -12.95165 13.73338 -127.1337 -35.54259 -15.3364 -115.1275 -72.99002 -63.84984 -120.089 9.694608 41.05831 -121.189 -59.20024 -47.63239 -119.5373 11.51311 43.03031 -125.643 -44.20111 -28.77472 -127.2484 -29.82 -11.22245 -127.0494 -20.86844 0.02195721 -127.0312 -33.34202 -16.159 -114.6741 -71.48117 -65.2756 -117.5472 17.99767 49.58842 -127.2482 -27.91248 -9.851136 -126.8568 -16.46731 -1.623245 -126.9258 -18.96092 1.393272 -117.933 17.41198 48.08712 -119.2238 14.21456 43.39114 -120.8171 -57.6597 -49.10329 -121.3407 -56.04433 -47.43963 -119.6802 13.29654 41.53941 -125.5056 -42.00054 -29.59732 -121.8849 -54.38847 -45.61806 -126.3702 -36.571 -23.28946 -114.1335 -70.02946 -66.87445 -113.0001 -67.12606 -70.07215 -118.6218 17.22912 44.91062 -114.6822 -68.62115 -65.68309 -126.4537 -13.24449 5.506395 -127.1385 -25.71191 -10.67374 -127.1913 -24.09742 -7.108505 -115.3004 -67.1127 -64.29203 -126.2412 -8.849514 3.86037 -126.2634 -11.34004 6.877298 -121.5389 -52.82768 -47.00999 -126.1284 -35.64212 -25.02627 -126.2261 -34.37043 -24.11206 -126.7768 -28.94089 -17.8042 -126.3148 -33.09875 -23.19785 -124.7111 -41.41447 -33.98515 -114.7992 -65.61093 -65.79103 -118.6552 20.06082 43.25359 -121.1358 -51.28813 -48.54508 -121.6548 -49.64288 -46.79508 -122.1866 -47.9764 -44.90193 -126.0666 -32.16986 -24.93466 -126.6254 -26.74032 -18.6268 -124.5332 -39.2139 -34.80775 -114.2173 -64.14662 -67.44873 -113 -61.21802 -70.76412 -114.8043 -62.6569 -66.13702 -115.4513 -61.09095 -64.63851 -121.8086 -46.42623 -46.36544 -125.8332 -5.040616 6.602177 -124.9406 -34.66532 -32.33932 -125.6051 -3.136168 7.97308 -117.8725 25.46372 43.97525 -117.2091 27.29989 46.15602 -118.3055 24.39791 42.40993 -126.1243 -26.15424 -23.01463 -114.9077 -59.58852 -66.2028 -124.8087 -33.19828 -32.88772 -124.9465 -31.92659 -31.97352 -121.3856 -43.96125 -47.94646 -121.8927 -41.83737 -46.11207 -117.116 29.32072 45.25926 -122.4209 -40.034 -44.08077 -126.8064 -15.88123 -6.011078 -126.4849 -11.48625 -7.657104 -125.9313 -23.95368 -23.83724 -114.2898 -58.10873 -67.91057 -112.9999 -55.14914 -71.32614 -117.1051 29.75293 45.00833 -126.3484 -18.52413 -17.52937 -114.9092 -56.5541 -66.48381 -124.5995 -30.99771 -33.71033 -115.5793 -54.9397 -64.88435 -124.9818 -27.18265 -30.9677 -126.2994 -9.288767 -8.480115 -126.2615 -7.677357 -4.915296 -122.0175 -37.72927 -45.56335 -126.1467 -16.32356 -18.35198 -114.9985 -53.43003 -66.50578 -126.1354 -12.51159 -15.60976 -124.7554 -24.98208 -31.7903 -121.5629 -35.59833 -47.16799 -114.3502 -51.92231 -68.25561 -113 -48.90689 -71.75536 -125.4256 -18.81902 -25.75664 -122.0632 -33.88185 -45.19773 -122.559 -31.99159 -43.10541 -114.9961 -50.30891 -66.72035 -115.6832 -48.65966 -65.02642 -125.9139 -10.3141 -16.43277 -125.2674 -17.35197 -26.30504 -125.3211 -16.08029 -25.39083 -115.0711 -47.13404 -66.6969 -122.1194 -29.77375 -44.64902 -125.0191 -15.15141 -27.12764 -114.3983 -45.60044 -68.47951 -113.0001 -42.53324 -72.04475 -115.7196 -42.98702 -65.15576 -115.0645 -43.94721 -66.84162 -124.0006 -18.38039 -34.2581 -123.3645 -19.99487 -37.82333 -121.6375 -27.72104 -46.29813 -122.1088 -25.91334 -44.25856 -122.5654 -23.94052 -42.11348 -125.3206 -2.110226 -15.33699 -115.0606 -41.79993 -66.91437 -124.8817 -9.141942 -25.20843 -123.7252 -16.17982 -35.0807 -122.0977 -21.80524 -43.70984 -125.0495 0.08726125 -16.16 -119.5792 33.18124 25.74657 -124.6026 -6.944454 -26.03145 -114.3912 -39.87435 -68.6735 -113 -36.02317 -72.19175 -115.0552 -38.5449 -66.98789 -115.7559 -37.01009 -65.14779 -124.6384 -3.135558 -23.28964 -119.329 35.05815 25.20114 -121.5961 -19.82591 -45.39493 -122.0309 -17.93106 -43.29422 -122.4415 -15.88027 -41.10478 -115.1217 -34.98183 -66.82968 -119.9202 34.00604 21.25351 -124.3402 -0.9380702 -24.11265 -119.4707 35.70927 22.84938 -119.0367 37.17377 24.55047 -121.9531 -13.82297 -42.74551 -119.6342 36.0023 20.65546 -114.4306 -33.11155 -68.6174 -112.9999 -29.371 -72.19288 -115.1094 -31.65574 -66.83023 -115.8126 -30.01749 -64.90444 -120.18 34.77905 16.73664 -123.6917 -0.3519921 -28.50048 -119.743 36.57575 18.26799 -119.3128 38.18551 19.92838 -121.4116 -11.14731 -44.39118 -115.1556 -28.05599 -66.62286 -121.7805 -8.787335 -42.20421 -122.1488 -7.049827 -40.01285 -119.8614 36.86879 16.07407 -123.3643 1.845495 -29.3235 -120.3569 35.49833 12.20051 -119.9359 37.36163 13.65771 -114.4518 -26.25096 -68.43022 -113.0001 -22.6409 -72.04493 -115.1363 -24.69095 -66.5489 -119.5138 39.09173 15.26321 -115.8335 -22.95663 -64.54531 -121.6255 -4.685398 -41.65631 -120.0086 37.65467 11.4638 -122.856 6.979472 -29.25805 -121.8129 10.03196 -33.81268 -120.4497 36.16252 7.649684 -115.1627 -21.06444 -66.29154 -122.7611 8.447717 -28.81382 -121.4498 -1.009333 -41.19044 -120.0481 38.06488 9.02539 -121.0943 -2.604884 -43.35446 -119.9887 1.556144 -46.75076 -121.7563 0.8701314 -38.97174 -119.638 39.88912 10.56409 -122.5262 10.5814 -28.77694 -120.0746 38.35791 6.831473 -114.455 -19.31903 -68.10973 -113 -15.8282 -71.7461 -115.1365 -17.6581 -66.14212 -115.8194 -15.8344 -64.06887 -120.4577 36.77053 3.088811 -121.2237 3.092603 -40.64255 -120.0787 38.68385 4.377996 -119.6841 40.57524 5.840222 -114.5051 57.80608 27.97109 -113.0002 63.60198 29.23606 -113.0001 62.74133 31.04018 -113.0001 61.8296 32.81899 -115.1437 -14.0076 -65.83423 -114.5043 58.23641 27.06903 -120.059 38.97689 2.18408 -114.5089 58.49729 26.45601 -113.0002 64.41086 27.40813 -119.3519 -0.6242461 -49.95579 -121.2201 8.849583 -37.87846 -120.381 37.32167 -1.476906 -117.8556 -5.196866 -56.36581 -120.637 6.024312 -42.19116 -114.5088 58.90172 25.54204 -120.8891 8.258396 -39.91135 -119.4074 11.88773 -45.28836 -120.0277 39.21752 -0.2766631 -115.7655 -9.576747 -63.59607 -114.4406 -12.32312 -67.65451 -113.0002 -8.954125 -71.29521 -119.652 41.14831 1.101464 -115.1107 -10.57057 -65.6087 -115.0342 58.09168 21.9472 -114.5137 59.145 24.92184 -114.5143 59.52321 23.99673 -119.9619 39.51056 -2.470579 -120.9219 12.45151 -37.39736 -120.682 10.95984 -39.55052 -114.5182 59.87482 23.06122 -120.2228 37.83108 -5.821151 -115.0643 58.44538 20.61972 -115.0886 -8.271616 -65.43292 -114.0217 61.63898 23.89345 -113.0001 65.87053 23.68691 -113.0002 65.16727 25.55791 -119.8977 39.6886 -4.599115 -114.5613 60.19795 21.70304 -114.5653 60.40538 21.06999 -115.0686 58.9263 19.14179 -119.265 6.794712 -47.99976 -120.4553 13.66129 -39.1897 -119.5421 41.62279 -3.420665 -114.5643 60.73009 20.12485 -119.7894 39.98164 -6.793031 -115.6957 -3.429529 -63.02182 -114.5687 60.91933 19.48615 -115.055 -4.811778 -65.13116 -114.0543 62.44357 21.31221 -113.0001 66.51997 21.79664 -114.401 -6.192564 -67.18579 -113.0004 -2.034462 -70.69151 -119.9801 38.28722 -10.38437 -115.0927 59.61002 16.52181 -114.5685 61.21688 18.53215 -118.8863 9.413995 -48.62425 -119.687 40.07977 -9.250031 -114.0569 62.98457 19.62031 -113.0001 67.11505 19.88863 -114.5715 61.48706 17.57004 -120.2281 20.17189 -35.98384 -119.3606 42.00226 -7.9403 -119.8374 17.18855 -40.29018 -115.1102 60.05254 14.52639 -115.0322 -1.349746 -64.74732 -114.0582 63.36305 18.3429 -113.0001 67.65541 17.96441 -114.5976 61.75568 16.19488 -119.9622 19.83895 -37.79108 -119.5336 40.37281 -11.44395 -114.5983 61.99831 15.22542 -115.113 60.3868 13.00826 -119.6562 38.68691 -14.93965 -114.599 62.15083 14.57692 -119.3982 40.38627 -13.88903 -114.077 63.88402 16.13842 -113 68.14068 16.0255 -115.6079 2.926907 -62.29789 -119.8157 23.77382 -35.50273 -114.9975 1.474577 -64.44548 -119.666 22.5404 -37.43025 -114.6003 62.36574 13.60087 -114.3618 0.3048971 -66.52749 -112.9993 3.614184 -70.08782 -119.1002 42.27201 -12.67097 -119.026 18.06539 -43.88975 -115.1232 60.74276 10.99352 -114.6015 62.49971 12.94822 -114.0782 64.29073 14.40908 -113 68.5705 14.0734 -119.2006 40.67931 -16.08295 -114.6034 62.6867 11.96634 -119.3492 25.24185 -37.06942 -115.1276 61.05501 8.97088 -118.5688 18.87807 -45.6353 -114.961 4.722876 -64.04526 -114.6122 62.89968 10.57875 -113 68.94449 12.10963 -114.0802 64.64797 12.6687 -117.2369 13.20303 -53.94271 -115.1282 61.25816 7.429247 -114.6119 63.05858 9.591775 -115.5094 7.952026 -61.66358 -118.7671 42.4297 -17.38087 -114.6119 63.15509 8.932387 -114.0867 65.02056 10.43106 -113 69.26229 10.13571 -114.9159 7.541514 -63.69432 -114.6122 63.2857 7.941199 -115.1252 61.48226 5.395012 -114.3127 6.232404 -65.8255 -112.9998 9.251461 -69.38596 -114.6126 63.36331 7.279325 -118.7395 28.62549 -37.73208 -118.7828 30.81671 -35.35256 -115.4529 10.70022 -61.23605 -114.8906 9.012255 -63.49403 -114.0867 65.2779 8.672695 -113 69.52353 8.15328 -114.6136 63.46551 6.284893 -115.1164 61.66211 3.357081 -114.8658 10.60584 -63.24406 -114.605 63.62184 4.889847 -114.0874 65.48485 6.907699 -113 69.72793 6.164451 -115.1149 61.73255 1.804198 -114.6037 63.6956 3.893058 -114.8517 11.66381 -63.05302 -114.2686 10.15438 -65.29136 -113 12.43864 -68.886 -114.603 63.73528 3.227996 -115.3636 14.35989 -60.57277 -118.0334 29.81792 -40.77428 -115.0986 61.82379 -0.2374991 -114.8335 13.24413 -62.72988 -114.6023 63.78057 2.229603 -113 69.87544 4.170864 -114.0814 65.70639 4.650187 -114.602 63.80126 1.563734 -117.9955 36.21961 -34.6309 -114.2437 12.97563 -64.78193 -113.0004 15.59928 -68.23975 -114.6019 63.81805 0.5645188 -117.6401 30.86273 -42.07044 -114.0802 65.8122 2.87669 -113 69.96601 2.174077 -115.0764 61.84385 -2.94494 -114.7452 16.09534 -62.24914 -114.5761 63.91743 -0.8329434 -114.0797 65.86738 1.101039 -113.0001 69.9996 0.1756489 -115.2416 18.89808 -59.526 -115.0493 61.87319 -4.319874 -114.5737 63.90572 -1.832198 -114.7201 17.66574 -61.85168 -114.5746 63.86547 -2.830717 -114.5706 63.84814 -3.496642 -115.2057 20.83122 -58.92221 -114.1731 16.97692 -63.98103 -113 18.74008 -67.44485 -114.707 19.0624 -61.43208 -114.0614 65.93701 -1.162916 -113.0001 69.97618 -1.822862 -117.3176 38.70856 -36.23032 -117.2297 40.36644 -34.81678 -117.2198 40.70865 -34.45254 -117.2123 41.04033 -34.0787 -114.6857 20.05142 -61.15974 -114.5321 63.90948 -4.893118 -115.1793 22.45481 -58.35174 -114.0607 65.90238 -2.494765 -113.0001 69.89569 -3.819898 -114.1555 18.95496 -63.43633 -112.9999 21.5334 -66.60565 -114.6768 21.13527 -60.78963 -114.5281 63.84069 -5.890114 -115.1654 23.31698 -58.02903 -114.6612 21.96211 -60.52639 -114.5275 63.74342 -6.884776 -115.1472 24.75574 -57.44049 -114.5225 63.68807 -7.548662 -114.6542 22.89755 -60.17456 -113.0002 69.75811 -5.81389 -114.0312 65.85903 -5.200042 -114.1325 21.26798 -62.7283 -113 23.7011 -65.86543 -114.6433 23.57065 -59.93392 -114.5226 63.56244 -8.540171 -115.1313 26.17714 -56.81115 -114.637 24.1908 -59.69052 -114.518 63.48814 -9.202228 -114.0291 65.74832 -6.527814 -113.0002 69.56356 -7.803213 -114.6282 25.11583 -59.31212 -114.5187 63.33428 -10.18976 -114.1161 23.1654 -62.07152 -113 25.57198 -65.16176 -114.6228 25.72879 -59.05112 -114.0255 65.56282 -8.294519 -113.0001 69.00458 -11.7613 -113.0002 69.31229 -9.786229 -114.6151 26.64266 -58.64649 -114.9995 28.78065 -55.98117 -114.4581 63.3388 -11.58075 -113.0001 68.2209 -15.68106 -113.0001 68.6407 -13.72679 -114.6104 27.24793 -58.36811 -114.1 25.26788 -61.262 -113 27.42203 -64.40496 -114.6039 28.14988 -57.93759 -114.0903 26.90245 -60.56599 -113.0001 29.24975 -63.5957 -114.0819 28.51651 -59.82363 -113.0001 31.05366 -62.73467 -114.4192 30.54793 -57.40151 -113.0001 36.30753 -59.8478 -114.4074 31.43722 -56.94544 -113.9535 31.30937 -58.87519 -113.0001 32.83225 -61.82255 -113.0001 34.58404 -60.86003 -119.2506 -111.8974 11.42016 -119.6032 -109.3699 12.09335 -119.8717 -120.4489 -11.50089 -121.2256 -111.692 -4.231 -121.4723 -111.6597 -10.76443 -121.1573 -112.8228 -17.63848 -121.4929 -110.9429 -17.16041 -120.1876 -49.79711 40.53855 -120.1214 -48.30794 41.1253 -120.2275 -46.68214 41.14361 -119.3923 -105.4225 -39.36051 -119.5237 -101.0935 -41.30067 -119.9674 -98.81835 -40.60806 -120.2554 -32.89925 43.55039 -120.1497 -31.36492 44.12373 -120.2159 -29.72314 44.08642 -127.4439 -38.32923 -10.12596 -127.3644 -37.40035 -11.86277 -127.3899 -36.12866 -10.94856 -127.4275 -30.69912 -4.640702 -127.4123 -34.22113 -9.577248 -127.3441 -34.66162 -11.49696 -127.3913 -29.77024 -6.377513 -127.3666 -28.49855 -5.463303 -127.3338 -27.22687 -4.549093 -127.2878 -26.29799 -6.285904 -127.161 -22.48293 -3.543274 -127.0602 -20.28236 -4.365875 -126.6932 -14.8559 1.941575 -126.9674 -18.37484 -2.99456 -126.5832 -12.65841 1.118562 -126.4206 -10.75396 2.489466 -126.3095 -8.263436 -0.5274629 -126.709 -13.97678 -4.640174 -126.5935 -12.07233 -3.26927 -126.7088 -19.11021 -13.14154 -126.436 -9.874846 -4.092283 -125.9563 -4.454538 2.214344 -126.5332 -16.90964 -13.96414 -120.1766 -45.25287 -52.0473 -120.12 -43.77479 -52.26331 -120.2425 -42.19363 -51.87838 -124.142 -26.59658 -35.35553 -125.6992 -11.92551 -19.99759 -123.8946 -24.39601 -36.17813 -125.6475 -2.696304 -10.94915 -125.4456 -10.99765 -21.73454 -125.4543 -9.728021 -20.8206 -125.2834 -8.26303 -21.36928 -125.3993 -0.4988168 -11.77217 -120.2983 -12.46032 -49.05558 -120.1703 -10.75686 -49.20082 -120.2124 -9.103235 -48.69472 -114.4212 55.90394 32.27782 -113.0001 60.86745 34.57097 -113 59.85559 36.29467 -113 58.79481 37.98878 -118.7089 -110.8576 15.21229 -127.0775 -21.89685 -7.931107 -126.9767 -20.96797 -9.667919 -126.9465 -19.69629 -8.753708 -126.908 -18.4246 -7.839498 -126.7987 -17.49572 -9.57631 -125.9662 -3.86846 -2.173488 -125.8631 -3.282382 -6.56132 -125.6396 -1.084895 -7.384334</float_array>
          <technique_common>
            <accessor source="#geometry_01f2a8c7_8215_473d_a8cd_91771ed3b446-mesh-positions-array" count="2748" stride="3">
              <param name="X" type="float"/>
              <param name="Y" type="float"/>
              <param name="Z" type="float"/>
            </accessor>
          </technique_common>
        </source>
        <source id="geometry_01f2a8c7_8215_473d_a8cd_91771ed3b446-mesh-normals">
          <float_array id="geometry_01f2a8c7_8215_473d_a8cd_91771ed3b446-mesh-normals-array" count="8139">0.7127538 0 -0.7014143 0.7015392 0 -0.7126309 0.7015345 -0.03552174 -0.7117496 0.712759 -0.03497201 -0.7005367 0.7127529 -0.06984466 -0.6979292 0.7015216 -0.07095718 -0.7091069 0.7127565 -0.1045401 -0.6935775 0.7015372 -0.1062128 -0.7046734 0.7127541 -0.138982 -0.6875067 0.7015398 -0.1412051 -0.6985006 0.701537 -0.1758475 -0.6905966 0.7127572 -0.1730782 -0.6797214 0.701533 -0.2100607 -0.6809743 0.7127583 -0.2067516 -0.6702458 0.7127563 -0.239902 -0.6591097 0.7015367 -0.2437348 -0.6696565 0.7127556 -0.2724469 -0.6463376 0.7015368 -0.2768083 -0.6566759 0.7127585 -0.3043256 -0.6319504 0.7015371 -0.3092004 -0.6420599 0.7127586 -0.3354457 -0.6159963 0.7015371 -0.34082 -0.6258495 0.7127584 -0.3657355 -0.598509 0.7015115 -0.3716052 -0.6081047 0.7127572 -0.395124 -0.5795294 0.7015371 -0.4014409 -0.5888047 0.7127518 -0.4235214 -0.5591194 0.7015399 -0.4302887 -0.5680612 0.7015602 -0.458014 -0.5459272 0.7127563 -0.4508635 -0.5373087 0.701534 -0.4847151 -0.5223997 0.7127578 -0.4770824 -0.514168 0.7127582 -0.502112 -0.4897544 0.7015244 -0.5101592 -0.4975954 0.7015346 -0.5343213 -0.47154 0.7127587 -0.5259044 -0.4641118 0.712756 -0.5483871 -0.4373221 0.7015368 -0.5571598 -0.4443188 0.7127547 -0.5695042 -0.4094457 0.7015396 -0.5786123 -0.4159928 0.7015347 -0.598632 -0.386638 0.7127627 -0.5891964 -0.3805482 0.7127594 -0.6074365 -0.3507064 0.7015373 -0.6171562 -0.3563199 0.7127541 -0.6241703 -0.3199894 0.7014736 -0.6342374 -0.3250812 0.7127591 -0.6393381 -0.288481 0.7015371 -0.649569 -0.2930972 0.7127553 -0.6529273 -0.2562535 0.7015342 -0.6633746 -0.2603536 0.7127535 -0.6648904 -0.2233906 0.7013351 -0.6757565 -0.226897 0.7015324 -0.6860024 -0.1930101 0.71276 -0.6751924 -0.1899699 0.7127605 -0.6838217 -0.1560786 0.7015146 -0.6947875 -0.1585802 0.7127615 -0.6907505 -0.1217986 0.7014947 -0.70185 -0.1237409 0.7127597 -0.6959651 -0.087215 0.7015373 -0.7071022 -0.08861219 0.7127544 -0.6994525 -0.05241644 0.7015373 -0.7106402 -0.05325502 0.7127563 -0.7011938 -0.01748722 0.7015371 -0.7124115 -0.01776593 0.7127543 -0.7011959 0.01748609 0.7015288 -0.7124196 0.01776725 0.7127556 -0.6994513 0.05241632 0.7015373 -0.7106402 0.05325525 0.7127527 -0.6959719 0.08721613 0.7015372 -0.7071024 0.08861064 0.7127541 -0.6907581 0.1217988 0.7015335 -0.7018101 0.1237472 0.7127571 -0.6838251 0.1560786 0.7015372 -0.6947658 0.1585753 0.7127591 -0.675193 0.1899709 0.701537 -0.6859978 0.1930099 0.7127594 -0.6648839 0.2233908 0.7015368 -0.6755245 0.2269641 0.7127562 -0.6529264 0.2562536 0.7015351 -0.6633732 0.2603546 0.7127576 -0.6393397 0.2884813 0.7015371 -0.6495693 0.2930964 0.7127573 -0.6241658 0.3199908 0.7015367 -0.6341527 0.3251106 0.7127591 -0.6074368 0.3507066 0.701537 -0.6171582 0.3563168 0.7127591 -0.5892007 0.3805482 0.7015375 -0.5986297 0.3866366 0.7127547 -0.5695061 0.4094429 0.7015109 -0.5786343 0.4160106 0.7127568 -0.5483877 0.4373201 0.7015371 -0.5571584 0.4443201 0.712759 -0.5259045 0.4641112 0.7015371 -0.5343192 0.4715385 0.712756 -0.5021158 0.4897537 0.7015371 -0.510151 0.497586 0.712754 -0.4770834 0.5141724 0.7015368 -0.4847137 0.5223972 0.7015343 -0.4580734 0.5459108 0.7127623 -0.4508497 0.5373123 0.7127608 -0.4235055 0.55912 0.7015371 -0.4302903 0.5680633 0.7127569 -0.395119 0.5795332 0.7015364 -0.4014406 0.5888058 0.7127508 -0.3657522 0.5985078 0.7015368 -0.371592 0.6080836 0.7127574 -0.3354516 0.6159945 0.7015368 -0.3408191 0.6258503 0.7127562 -0.3043337 0.6319493 0.7015374 -0.3091988 0.6420603 0.7127556 -0.2724578 0.6463329 0.7015326 -0.2768142 0.656678 0.712755 -0.2399033 0.6591105 0.7015371 -0.2437346 0.6696559 0.7127572 -0.2067389 0.6702509 0.701537 -0.2100527 0.6809728 0.7127578 -0.1730666 0.6797237 0.7015274 -0.1758505 0.6906054 0.7127569 -0.1389759 0.6875051 0.7015371 -0.1412062 0.698503 0.7127602 -0.1045442 0.6935729 0.7015367 -0.1062129 0.7046738 0.712756 -0.06982821 0.6979276 0.7015368 -0.07095479 0.7090921 0.7127549 -0.03495728 0.7005416 0.7015368 -0.03552162 0.7117474 0.7127526 3.42693e-6 0.7014155 0.7015397 0 0.7126305 1 3.034e-6 0 0.7127571 0.5021133 0.4897547 1 1.58304e-6 0 0.7127616 0.4770753 0.5141693 0.7127546 0.5259043 0.4641183 1 6.16115e-7 0 1 1.25626e-6 0 0.7127496 0.4508608 0.5373198 0.7127616 0.5483805 0.4373212 1 -1.55646e-6 0 0.7127531 0.423516 0.559122 0.712753 0.5695036 0.4094495 1 1.64944e-6 0 0.7127606 0.3951163 0.5795305 0.7127599 0.5891997 0.3805485 1 -2.73504e-6 0 0.7127542 0.3657431 0.5985094 0.712757 0.6074398 0.3507058 1 1.5994e-6 0 0.7127611 0.3354523 0.6159899 0.7127565 0.6241649 0.3199946 1 -1.22975e-6 0 0.7127501 0.3043327 0.6319565 0.7127625 0.6393335 0.2884827 1 1.22583e-6 0 0.7127535 0.2724516 0.6463379 1 0 0 0.7127598 0.6529219 0.256255 1 4.33315e-7 0 1 0 0 0.7127535 0.2398929 0.659116 0.7127547 0.6648891 0.2233906 0.7127645 0.2067404 0.6702428 0.712764 0.6751878 0.189971 1 1.28681e-7 0 1 0 0 0.7127512 0.1730803 0.6797272 0.7127547 0.6838264 0.1560844 0.7127544 0.1389786 0.6875072 1 0 0 0.7127644 0.6907473 0.1217999 1 0 0 0.7127611 0.1045374 0.6935731 0.712753 0.6959711 0.08722114 0.7127553 0.06983673 0.6979275 1 -2.73873e-6 0 0.7127612 0.6994453 0.05241882 1 0 0 0.7127574 0.03496974 0.7005385 1 -4.3539e-6 0 0.7127633 0.7011867 0.01748496 1 6.48194e-7 0 1 -1.85882e-6 0 0.7127549 0.7011953 -0.0174849 1 1.39349e-7 0 0.7127595 0.6994472 -0.05241888 1 0 0 1 0 0 0.7127559 0.6959682 -0.08722072 0.7127565 0.6907558 -0.1217975 1 0 0 1 -2.13011e-6 0 0.7127611 0.6838216 -0.1560758 1 -6.05872e-6 0 0.7127482 0.6752041 -0.1899724 1 3.48695e-7 0 1 1.46632e-6 0 0.7127565 0.6648885 -0.2233867 1 0 0 1 7.12134e-6 0 0.7127597 0.6529236 -0.2562509 1 2.86456e-6 0 0.7127507 0.6393448 -0.288487 1 0 0 1 0 0 0.7127559 0.6241668 -0.319992 1 0 0 1 0 0 0.7127612 0.6074376 -0.3507009 1 -1.92233e-7 0 0.7127481 0.5892109 -0.3805533 1 0 0 1 -3.70903e-6 0 0.712763 0.5694966 -0.4094418 1 -6.17458e-6 0 0.7127515 0.5483901 -0.4373255 1 -2.41793e-6 0 0.7127532 0.5259097 -0.4641143 1 0 0 0.7127614 0.5021141 -0.4897477 1 0 0 0.7127533 0.4770817 -0.5141748 0.7127529 0.4508606 -0.5373156 1 0 0 0.7127601 0.4235166 -0.5591124 1 0 0 0.7127537 0.3951243 -0.5795335 1 3.59934e-7 0 0.712756 0.3657374 -0.5985107 1 0 0 1 1.52026e-6 0 0.7127555 0.3354496 -0.6159978 1 0 0 0.7127542 0.2724589 -0.6463341 1 3.09118e-7 0 0.7127606 0.3043291 -0.6319463 1 -1.61477e-6 0 0.7127549 0.2399013 -0.6591116 1 -1.49929e-6 0 1 8.41776e-7 0 0.7127555 0.2067459 -0.6702506 1 -1.44433e-6 0 1 2.35546e-6 0 0.7127555 0.173079 -0.679723 1 -9.12445e-7 0 1 1.07158e-6 0 0.7127534 0.1389771 -0.6875085 1 2.30274e-6 0 0.7127584 0.1045363 -0.693576 1 1.41688e-6 0 0.7127567 0.03496259 -0.7005395 1 8.21025e-7 0 0.7127601 0.06983816 -0.6979225 1 6.57236e-7 0 1 9.80543e-7 0 1 3.70413e-6 0 1 3.18101e-6 0 1 0 0 1 3.92198e-7 0 1 -3.55772e-6 0 1 -1.0306e-6 0 1 1.44176e-6 0 1 7.03258e-7 0 1 3.42778e-6 0 1 9.35678e-7 0 1 -2.18687e-6 0 1 -1.60775e-6 0 1 -2.77413e-6 0 1 -2.99827e-6 0 1 -1.92605e-7 0 1 1.78502e-6 0 1 1.54877e-6 0 1 -8.48472e-7 0 1 0 0 1 9.34235e-7 0 1 1.04523e-6 0 1 -5.77808e-7 0 1 -1.1016e-6 0 1 -1.07525e-6 0 1 4.27019e-7 0 1 -1.297e-6 0 1 -3.21702e-6 0 1 1.82591e-6 0 1 -2.01003e-6 0 1 1.45855e-6 0 1 0 0 1 7.55792e-7 0 1 1.56484e-6 0 1 -2.26511e-7 0 1 2.65262e-6 0 1 -5.50691e-7 0 1 1.76247e-6 0 1 3.22084e-7 0 1 3.20489e-6 0 1 -1.49694e-6 0 1 0 0 1 -1.28594e-6 0 1 0 0 1 -2.22855e-6 0 1 -2.48138e-6 0 1 -1.28824e-6 0 1 4.20883e-6 0 1 2.41129e-6 0 1 5.25935e-4 0 1 1.17535e-4 0 1 7.98407e-7 0 1 -1.1126e-6 0 1 -2.74661e-6 0 1 3.82015e-6 0 1 6.90338e-5 0 1 4.90049e-7 0 1 -3.0978e-7 0 1 0 0 1 4.32316e-6 0 1 3.35555e-5 0 1 2.73575e-7 0 1 -4.51391e-5 0 1 -2.54686e-7 0 1 -1.58465e-6 0 1 4.56153e-5 0 1 -4.53789e-6 0 1 -2.98382e-5 0 1 2.73083e-5 0 1 2.85161e-6 0 1 -4.27752e-6 0 1 -4.20187e-6 0 1 3.70845e-6 0 1 -3.05438e-7 0 1 1.94215e-6 0 1 1.26657e-5 0 1 -3.29691e-6 0 1 8.12764e-6 0 1 -3.10706e-5 0 1 1.99237e-6 0 1 -6.8712e-6 0 1 -5.89044e-6 0 1 1.56323e-5 0 1 -9.54084e-6 0 1 7.69556e-6 0 1 2.86965e-6 0 1 -1.30692e-5 0 1 1.86727e-7 0 1 1.66375e-5 0 1 -6.32245e-7 0 1 -1.64128e-5 0 1 1.41871e-5 0 1 -9.39464e-6 0 0.7015338 0.03552198 0.7117504 0.7015318 0.07095503 0.7090971 0.7015369 0.1062128 0.7046736 0.7015323 0.1412019 0.6985089 0.7015398 0.1758463 0.6905939 0.7015189 0.2100601 0.680989 0.7015296 0.2437554 0.6696564 0.7015368 0.2768107 0.6566749 0.7015398 0.3091993 0.6420575 0.7015356 0.3408211 0.6258505 0.7015347 0.3715947 0.6080844 0.7015371 0.4014419 0.588804 0.7015368 0.430292 0.5680624 0.7015386 0.4580702 0.5459079 0.7015358 0.4847145 0.5223979 0.7015342 0.5101547 0.4975863 0.7015389 0.534314 0.4715418 0.7015382 0.5571585 0.4443182 0.7015222 0.5786252 0.4160045 0.7015368 0.5986307 0.386636 0.7015366 0.6171604 0.3563138 0.7015381 0.6341514 0.3251097 0.7015329 0.6495745 0.2930948 0.7014343 0.6634961 0.2603129 0.7015876 0.6754679 0.2269759 0.7014315 0.686114 0.192981 0.7015367 0.6947667 0.1585741 0.7015101 0.7018328 0.1237506 0.7016472 0.7069918 0.08862233 0.7015344 0.7106433 0.05325126 0.7015363 0.7124123 0.01776456 0.7014294 0.7125177 -0.01776212 0.7015242 0.7106534 -0.05325061 0.7014696 0.7071708 -0.08859997 0.7015343 0.7018089 -0.1237499 0.7015365 0.6947652 -0.1585807 0.7015604 0.6859719 -0.1930168 0.7015542 0.6755041 -0.2269716 0.7015317 0.6633763 -0.2603561 0.7015391 0.6495675 -0.2930957 0.7015036 0.6341952 -0.325099 0.7015669 0.6171154 -0.3563321 0.7015401 0.5986275 -0.3866352 0.7015162 0.5786305 -0.4160072 0.7015379 0.5571587 -0.4443183 0.7015098 0.5343706 -0.4715211 0.7015326 0.5101589 -0.4975842 0.7015609 0.4846594 -0.5224151 0.7015373 0.4580708 -0.5459089 0.7015265 0.4303187 -0.568055 0.7015413 0.4014251 -0.5888106 0.7015371 0.3715912 -0.6080837 0.7015166 0.3408296 -0.6258672 0.7015371 0.3092002 -0.6420599 0.7015423 0.2767865 -0.6566793 0.7015371 0.2437341 -0.6696562 0.7015359 0.2100555 -0.6809729 0.7015372 0.1758473 -0.6905964 0.7015398 0.141205 -0.6985006 0.7015309 0.1062141 -0.7046794 0.7015371 0.07095521 -0.7090917 0.701537 0.03552156 -0.7117472 -1 -8.59761e-6 0 -1 0 0 -1 -8.74465e-6 0 -1 1.47138e-5 0 -1 -3.36017e-6 0 -1 1.3151e-4 0 -1 2.89788e-7 0 -1 4.84111e-7 0 -1 6.57592e-5 0 -1 -2.31422e-6 0 -1 -5.84179e-6 0 -1 1.29326e-6 0 -1 -8.61189e-5 0 -1 4.35876e-5 0 -1 1.31514e-4 0 -1 -8.65088e-7 0 -1 -1.1931e-5 0 -1 -9.00069e-6 0 -1 4.25736e-5 0 -1 1.76088e-7 0 -1 -1.31518e-4 0 -1 -8.37304e-6 0 -1 -2.67477e-7 0 -1 3.28818e-5 0 -1 -1.24947e-6 0 -1 -1.28687e-7 0 -1 -3.28796e-5 0 -1 9.67938e-7 0 -1 9.67936e-7 0 -1 1.31509e-4 0 -1 3.11493e-6 0 -1 -1.99425e-7 0 -1 -7.57845e-6 0 -1 8.5154e-5 0 -1 -2.63018e-4 0 -1 -2.07672e-7 0 -1 -1.7321e-4 0 -1 1.31499e-4 0 -1 -2.58324e-6 0 -1 3.42023e-5 0 -1 3.26944e-7 0 -1 -9.6808e-7 0 -1 -1.31514e-4 0 -1 9.6976e-7 0 -1 -3.22032e-7 0 -1 4.25753e-5 0 -1 -1.31501e-4 0 -1 4.39111e-5 0 -1 -9.68192e-7 0 -1 -9.04051e-7 0 -1 -1.70336e-5 0 -1 2.17727e-5 0 -1 -3.88297e-7 0 -1 0 0 -1 -2.16345e-5 0 -1 1.24154e-5 0 -1 3.75782e-7 0 -1 1.95909e-6 0 -1 1.93009e-6 0 -1 -9.23471e-7 0 -1 0 0 -1 -2.14912e-6 0 -1 1.90525e-6 0 -1 -3.09822e-6 0 -1 2.05494e-6 0 -1 -2.81896e-6 0 -1 0 0 -1 5.07284e-7 0 -1 -1.94455e-6 0 -1 3.26048e-6 0 -1 -3.26944e-6 0 -1 1.49553e-6 0 -1 -1.22239e-6 0 -1 4.13741e-7 0 -1 -1.02251e-6 0 -1 8.40281e-7 0 -1 -1.34116e-6 0 -1 -2.52703e-7 0 -1 0 0 -1 -2.41529e-7 0 -1 -5.62042e-7 0 -1 0 0 -1 1.96882e-7 0 -1 0 0 -1 -7.71887e-7 0 -1 0 0 -1 -1.65297e-6 0 -1 0 0 -1 -1.11812e-6 0 -1 1.45044e-6 0 -1 1.41487e-6 0 -1 7.74949e-7 0 -1 3.38399e-7 0 -1 -4.07247e-6 0 -1 1.07987e-6 0 -1 -1.09191e-6 0 -1 -1.43787e-6 0 -1 3.0744e-6 0 -1 -1.64569e-6 0 -1 0 0 -1 -2.21026e-6 0 -1 2.13951e-6 0 -1 -5.81465e-7 0 -1 4.53589e-7 0 -1 -1.56454e-4 0 -1 1.21089e-4 0 -1 8.4019e-5 0 -1 -2.09921e-6 0 -1 -1.60679e-5 0 -1 2.39585e-6 0 -1 2.30613e-6 0 -1 -1.38465e-7 0 -1 9.23308e-6 0 -1 0 0 -1 3.1558e-5 0 -1 -5.38689e-6 0 -1 -8.84357e-7 0 -1 2.47364e-7 0 -1 -2.7189e-5 0 -1 -3.16697e-5 0 -1 7.82776e-5 0 -1 -1.41224e-6 0 -1 1.54584e-6 0 -1 -9.43179e-5 0 -1 4.78389e-5 0 -1 -9.83246e-6 0 -1 -1.07595e-5 0 -1 -3.51983e-6 0 -1 5.37703e-6 0 -1 -1.35049e-7 0 -1 1.21352e-6 0 -1 0 0 -1 1.06921e-6 0 -1 0 0 -1 -1.37196e-5 0 -1 3.06705e-6 0 -1 -3.01955e-6 0 -1 3.10527e-5 0 -1 -2.9151e-6 0 -1 9.52133e-6 0 -1 5.88302e-6 0 -1 -5.21426e-6 0 -1 0 0 -1 -4.72408e-6 0 -1 -2.35078e-5 0 -1 0 0 -1 7.92731e-7 0 -1 -5.103e-6 0 -1 -5.60922e-6 0 -1 1.65179e-5 0 -1 -6.52001e-6 0 -1 4.15742e-6 0 0.5773285 -0.5773612 0.5773612 0.5773612 -0.5773285 -0.5773612 0.5773721 0.5773394 0.5773394 0.5773394 0.5773721 -0.5773394 -0.5773721 -0.5773394 0.5773394 -0.5773394 -0.5773721 -0.5773394 -0.5773612 0.5773285 -0.5773612 -0.5773285 0.5773612 0.5773612 -0.9553183 -0.1753085 0.237979 -0.9640938 -0.1592001 0.2125524 -0.9618179 -0.1722875 0.2126579 -0.9568699 -0.163969 0.2398214 -0.968506 -0.167832 0.1839253 -0.9597657 -0.1502354 0.237232 -0.9705643 -0.1548849 0.1844335 -0.966341 -0.145006 0.2125051 -0.9764934 -0.15056 0.1542476 -0.9742895 -0.1637794 0.1547139 -0.9726803 -0.140455 0.1848391 -0.9623012 -0.1358025 0.235657 -0.9682475 -0.1315386 0.2125897 -0.9816148 -0.1457664 0.1232253 -0.9797753 -0.1582202 0.1225019 -0.9840486 -0.1539557 0.08914083 -0.978549 -0.1358763 0.1548538 -0.97471 -0.1265707 0.1841749 -0.985925 -0.1409545 0.08991068 -0.9642784 -0.1220415 0.2351021 -0.970167 -0.1171302 0.212265 -0.9836494 -0.1310507 0.1235293 -0.9804369 -0.1210931 0.1551777 -0.9872919 -0.1490438 0.0551424 -0.9890747 -0.1361664 0.05648076 -0.9891956 -0.1451659 0.02046847 -0.9766399 -0.1118233 0.183494 -0.9878367 -0.1260503 0.09104907 -0.9719907 -0.1028587 0.2113156 -0.9660987 -0.1080932 0.2344552 -0.9854608 -0.1161875 0.1239659 -0.9911038 -0.131312 0.02169167 -0.9821761 -0.1066023 0.1548097 -0.9909614 -0.1211978 0.05750328 -0.9783411 -0.09727209 0.1827207 -0.9895564 -0.1111931 0.09172946 -0.9918758 -0.1265353 -0.01308625 -0.9899358 -0.1407397 -0.01481705 -0.9678092 -0.0944969 0.2332719 -0.9738416 -0.08847177 0.2092973 -0.9870214 -0.1014093 0.1245189 -0.9929528 -0.1161966 0.02330726 -0.9695531 -0.07959324 0.2315858 -0.983726 -0.09185242 0.1544227 -0.992627 -0.10609 0.05862265 -0.9913855 -0.1218615 -0.04800641 -0.989471 -0.1357347 -0.0502339 -0.9798356 -0.08231174 0.1820635 -0.991106 -0.09614032 0.0920102 -0.9936984 -0.1115266 -0.01119929 -0.9753947 -0.07399654 0.2076773 -0.988477 -0.08626914 0.1243823 -0.9945464 -0.1013138 0.0247569 -0.9896402 -0.1172989 -0.08278459 -0.9878662 -0.1301591 -0.08472973 -0.9848932 -0.1258931 -0.1188964 -0.9850343 -0.07736659 0.1540191 -0.9940425 -0.09111505 0.05981338 -0.9932132 -0.1069221 -0.04577296 -0.9811733 -0.06842917 0.1806002 -0.9924046 -0.08093315 0.09264397 -0.9952899 -0.09649574 -0.009301841 -0.9867485 -0.1130018 -0.1164401 -0.9767422 -0.06233537 0.2051568 -0.9708387 -0.06685638 0.230223 -0.9897225 -0.0717588 0.1236935 -0.9959344 -0.08620387 0.026147 -0.9914883 -0.1025889 -0.08016622 -0.986243 -0.06196367 0.1532498 -0.9952532 -0.07605183 0.06072455 -0.9948164 -0.09189385 -0.04354214 -0.9827376 -0.108683 -0.1497163 -0.9808773 -0.1213431 -0.1521697 -0.9823341 -0.0553255 0.17877 -0.9934346 -0.06630623 0.09322744 -0.996645 -0.08150631 -0.007454395 -0.9886295 -0.09844934 -0.1136645 -0.9907234 -0.05648994 0.1235964 -0.9970927 -0.07104891 0.02753847 -0.9931514 -0.08750098 -0.07742065 -0.9778455 -0.1046428 -0.1812955 -0.9759268 -0.117051 -0.1840274 -0.987205 -0.04974907 0.1514973 -0.9962546 -0.06099909 0.06128489 -0.9961724 -0.07708221 -0.04121738 -0.9846568 -0.09459543 -0.1466388 -0.9943357 -0.05112379 0.09318184 -0.9977779 -0.06639617 -0.005553483 -0.9903438 -0.08360171 -0.1105893 -0.972162 -0.1012537 -0.2113029 -0.9704554 -0.1120156 -0.2137028 -0.9914484 -0.04368758 0.1229698 -0.9980125 -0.05595803 0.02897959 -0.9945304 -0.07291108 -0.07478863 -0.9797834 -0.09121763 -0.1780562 -0.9970347 -0.0456525 0.06194913 -0.9973179 -0.06208503 -0.03876101 -0.9864627 -0.08003056 -0.1431316 -0.9658015 -0.09784358 -0.2401124 -0.9634255 -0.1105846 -0.2440952 -0.9948637 -0.0393145 0.09327715 -0.9986687 -0.05145233 -0.003675401 -0.9918217 -0.06888365 -0.1074469 -0.974187 -0.08751404 -0.2080889 -0.9987016 -0.0408973 0.03037589 -0.9957162 -0.05802762 -0.0719875 -0.9816839 -0.076698 -0.1743969 -0.958769 -0.09569001 -0.2675923 -0.957162 -0.1070166 -0.269051 -0.9974988 -0.03343516 0.06227564 -0.9982271 -0.04715037 -0.03632587 -0.9880701 -0.06545031 -0.1394055 -0.9679691 -0.08460044 -0.2363867 -0.9993382 -0.03633195 -0.001769125 -0.9930613 -0.05460965 -0.1041496 -0.9760482 -0.07360291 -0.2047258 -0.9991129 -0.02905458 0.03048336 -0.9966774 -0.04339253 -0.06893044 -0.9833473 -0.06221336 -0.1707561 -0.9618756 -0.08283585 -0.2606409 -0.9989076 -0.03222322 -0.03384363 -0.9894142 -0.05139017 -0.1357154 -0.970106 -0.07113444 -0.2320222 -0.9996947 -0.02470904 3.464e-4 -0.9941131 -0.03972905 -0.1008008 -0.9779053 -0.05948185 -0.2004081 -0.9974274 -0.02831172 -0.06585764 -0.984783 -0.04825395 -0.1669552 -0.9639269 -0.06912428 -0.2570345 -0.9993023 -0.01980894 -0.03166502 -0.9905942 -0.03630107 -0.1319298 -0.9720287 -0.05758333 -0.227694 -0.9949445 -0.02525705 -0.09719884 -0.9795981 -0.04627221 -0.195567 -0.9978145 -0.01691961 -0.06387549 -0.9861717 -0.03423178 -0.1621534 -0.9658417 -0.05590772 -0.25303 -0.9915171 -0.02287888 -0.1279468 -0.9737282 -0.04431986 -0.2233588 -0.9955629 -0.01355326 -0.09311729 -0.98104 -0.03200632 -0.1911445 -0.9873306 -0.02039581 -0.1573611 -0.9676654 -0.04268866 -0.2485989 -0.9921397 -0.01095926 -0.1246544 -0.9754239 -0.03010356 -0.218271 -0.9822283 -0.01814061 -0.1868116 -0.988248 -0.008698225 -0.152612 -0.9693895 -0.02949023 -0.2437505 -0.9769771 -0.0170083 -0.212665 -0.9833098 -0.006563246 -0.1818208 -0.9710065 -0.01634776 -0.2384935 -0.9781922 -0.005428791 -0.2076312 -0.9722652 -0.003208935 -0.2338591 -0.9377061 -0.2021448 0.2825682 -0.9418296 -0.2058604 0.2656667 -0.9403135 -0.206867 0.2702158 -0.9457972 -0.2065556 0.2506043 -0.9407228 -0.2008584 0.2733067 -0.9357137 -0.1958483 0.2933996 -0.9394266 -0.1961943 0.2810437 -0.9343004 -0.1890916 0.302204 -0.9381378 -0.1919515 0.2881876 -0.9465954 -0.1977059 0.2546949 -0.9461561 -0.1935736 0.259457 -0.9332004 -0.1821874 0.3097494 -0.9368898 -0.1868032 0.2955371 -0.9454137 -0.190962 0.2640581 -0.9511145 -0.1984444 0.2366456 -0.9503451 -0.2075687 0.231861 -0.9501078 -0.1964038 0.2423239 -0.9439973 -0.188261 0.2709743 -0.9433827 -0.1843234 0.275779 -0.9554535 -0.1996368 0.2173792 -0.9541252 -0.2088328 0.2145556 -0.95458 -0.1968907 0.2236318 -0.9422814 -0.1818569 0.28113 -0.9321842 -0.1749517 0.3168982 -0.9364567 -0.1786159 0.3019028 -0.9607225 -0.202539 0.1897107 -0.9555988 -0.212546 0.2040961 -0.9588674 -0.2135518 0.1870003 -0.9601457 -0.198818 0.1964479 -0.959167 -0.1971541 0.2028032 -0.9519807 -0.1882374 0.2414532 -0.9657536 -0.2042242 0.1600392 -0.960166 -0.2168799 0.1761945 -0.9633383 -0.2169207 0.1578753 -0.9651212 -0.2010511 0.1676886 -0.9641692 -0.1996456 0.1746983 -0.9431304 -0.1761304 0.2819274 -0.9569753 -0.1885488 0.2205624 -0.9301785 -0.1712939 0.3246943 -0.9361495 -0.1706966 0.3073871 -0.942395 -0.171952 0.2869223 -0.9686887 -0.2015728 0.1449508 -0.9696289 -0.2023855 0.1373319 -0.9483232 -0.1748909 0.2647573 -0.9702678 -0.2046512 0.1292217 -0.9644513 -0.2197722 0.1467446 -0.967073 -0.2193852 0.1289966 -0.9358005 -0.1654106 0.3113145 -0.9616853 -0.1909429 0.1967293 -0.9721598 -0.2032877 0.1165314 -0.9725403 -0.2050238 0.1101397 -0.9727031 -0.2074116 0.1040628 -0.9729937 -0.2087728 0.09847503 -0.9680066 -0.2197967 0.1210485 -0.9438951 -0.165246 0.28593 -0.9693128 -0.2229296 0.1036106 -0.9737547 -0.209401 0.08918046 -0.9715554 -0.2202504 0.08700555 -0.9687256 -0.2210488 0.1127312 -0.9668105 -0.1919299 0.1686425 -0.9435188 -0.1619831 0.2890221 -0.9490618 -0.1646857 0.2686269 -0.9755104 -0.2070302 0.07428324 -0.9765602 -0.2039523 0.06880122 -0.9422551 -0.1581481 0.2952028 -0.9367424 -0.155032 0.3138136 -0.9763978 -0.2067947 0.06231731 -0.9763386 -0.2086979 0.05664139 -0.9722895 -0.2207496 0.07696133 -0.9765893 -0.2092624 0.04982656 -0.9726973 -0.2214862 0.06931126 -0.9717842 -0.1910893 0.1382759 -0.9770361 -0.2087644 0.04264014 -0.9731888 -0.2217746 0.06099081 -0.9776691 -0.2075202 0.03314536 -0.9735749 -0.2221897 0.05275976 -0.9739859 -0.2227631 0.04157108 -0.9750452 -0.2205175 0.02567178 -0.9434663 -0.1522494 0.2944343 -0.9762418 -0.1886555 0.1065881 -0.9787975 -0.2038604 0.01991277 -0.9371914 -0.1449363 0.3172786 -0.9429376 -0.1478158 0.2983609 -0.9788128 -0.2044714 0.01082485 -0.9789991 -0.2038147 0.004518568 -0.975366 -0.2200987 0.01475685 -0.9488655 -0.1521162 0.2766132 -0.9792147 -0.2028222 -0.001395344 -0.9755532 -0.2196597 0.00674808 -0.9794413 -0.2015898 -0.007506668 -0.9756767 -0.2192135 -8.20263e-4 -0.9757691 -0.2186383 -0.008500218 -0.9796842 -0.2001538 -0.01254916 -0.9758606 -0.2178012 -0.01608908 -0.9794785 -0.2006929 -0.01855736 -0.9759219 -0.2168236 -0.02375149 -0.944181 -0.1416814 0.2974032 -0.97933 -0.200765 -0.02462333 -0.9759343 -0.2157959 -0.03137594 -0.9792479 -0.2003292 -0.03068852 -0.9759116 -0.214657 -0.03897356 -0.9437462 -0.1372914 0.3008227 -0.9376609 -0.135738 0.3199492 -0.9792126 -0.1994982 -0.03664863 -0.9758545 -0.2134076 -0.04653173 -0.9498542 -0.1397681 0.2797178 -0.9792227 -0.1982723 -0.04255717 -0.9757506 -0.2114021 -0.05674344 -0.9793757 -0.1955725 -0.05074232 -0.9449778 -0.1310074 0.2997567 -0.9787561 -0.195207 -0.06269502 -0.9752059 -0.2096865 -0.07074707 -0.9749044 -0.2075294 -0.08058041 -0.9746763 -0.2056504 -0.08783066 -0.9783589 -0.1939971 -0.07196462 -0.9744303 -0.2037708 -0.09467291 -0.9452934 -0.1260915 0.3008679 -0.9374498 -0.1284969 0.3235374 -0.9780322 -0.1935064 -0.07751303 -0.9740691 -0.2020503 -0.1018086 -0.9511162 -0.1264726 0.2817497 -0.9776985 -0.1927014 -0.08349925 -0.9736834 -0.2003923 -0.1085519 -0.9443464 -0.1217135 0.3056073 -0.9774864 -0.1912367 -0.08915734 -0.9733186 -0.198445 -0.1151977 -0.9773989 -0.1891587 -0.09439516 -0.9730406 -0.1962472 -0.1211576 -0.9774265 -0.1865677 -0.0991469 -0.972568 -0.1932461 -0.1294893 -0.9381336 -0.1194965 0.3250017 -0.9456564 -0.1158004 0.303849 -0.9776386 -0.1833865 -0.1029195 -0.9778301 -0.179619 -0.1076352 -0.9390566 -0.1092051 0.3259554 -0.9456708 -0.1109541 0.3056077 -0.95212 -0.1147999 0.2833521 -0.9764093 -0.183493 -0.1138221 -0.9748747 -0.181743 -0.1287971 -0.9707419 -0.1920274 -0.1441724 -0.9702407 -0.1886926 -0.1517503 -0.9698579 -0.1861094 -0.1572862 -0.9694602 -0.1840547 -0.1620826 -0.974303 -0.1794077 -0.1361863 -0.9470012 -0.1041333 0.3038836 -0.974065 -0.1770727 -0.1408644 -0.9687029 -0.1805351 -0.1703577 -0.9738962 -0.1749684 -0.1446108 -0.9402525 -0.09876775 0.3258377 -0.947018 -0.09976536 0.3052929 -0.9737317 -0.171895 -0.1493281 -0.9535856 -0.1009781 0.2836865 -0.9481662 -0.09325945 0.3037822 -0.9732699 -0.1703054 -0.1540842 -0.9707566 -0.1702587 -0.1692442 -0.9662279 -0.1783097 -0.1860357 -0.965503 -0.1735916 -0.1940874 -0.9645766 -0.1697158 -0.2019621 -0.9484542 -0.08786922 0.3044895 -0.9419959 -0.08804929 0.323869 -0.9700165 -0.1669731 -0.1766011 -0.9550744 -0.08864629 0.2827982 -0.9695785 -0.1632261 -0.1824141 -0.9497487 -0.08084768 0.3023923 -0.9691389 -0.1589565 -0.188421 -0.9668912 -0.1572313 -0.2009971 -0.9616341 -0.166072 -0.2183578 -0.9607881 -0.160671 -0.2259896 -0.9499847 -0.07527476 0.3030886 -0.9429031 -0.07996237 0.3233262 -0.9663873 -0.153657 -0.2061193 -0.9597716 -0.1569229 -0.232838 -0.9570382 -0.07553911 0.2799496 -0.9731057 -0.1474922 -0.1769505 -0.9661096 -0.1492094 -0.2106392 -0.950734 -0.0693677 0.3021472 -0.9448359 -0.06914407 0.3201633 -0.9653319 -0.1468601 -0.215793 -0.9617626 -0.1467127 -0.2312753 -0.9566327 -0.1529006 -0.2479423 -0.9527316 -0.06096303 0.2976343 -0.9553809 -0.1470775 -0.2561557 -0.967997 -0.1420171 -0.2069126 -0.9613587 -0.1417366 -0.236009 -0.9472689 -0.05818367 0.3151134 -0.9534808 -0.05673271 0.2960673 -0.9592278 -0.05517816 0.2771958 -0.9605042 -0.1386264 -0.2412765 -0.9569226 -0.1372575 -0.2558507 -0.9517216 -0.1414903 -0.272409 -0.96316 -0.1324242 -0.2340655 -0.9545459 -0.04904133 0.2940019 -0.956022 -0.1328971 -0.2614583 -0.9491901 -0.04942238 0.3107982 -0.9551244 -0.04364055 0.2929726 -0.9612961 -0.0430082 0.2721402 -0.9526094 -0.1309363 -0.2745746 -0.9471488 -0.1354055 -0.2908172 -0.9587873 -0.1248936 -0.2552032 -0.9558923 -0.03664815 0.2914221 -0.9804298 -0.0470395 0.1911672 -0.9836134 -0.03471261 0.1769176 -0.9784954 -0.04192382 0.2019632 -0.9515905 -0.1272785 -0.2797778 -0.9415103 -0.1302527 -0.3107936 -0.9431421 -0.1304952 -0.3057024 -0.9388316 -0.1220525 -0.3220226 -0.9480966 -0.1252541 -0.2922744 -0.9536069 -0.1195282 -0.2763097 -0.9516612 -0.03973799 0.3045683 -0.9580066 -0.03024351 0.2851468 -0.9854797 -0.04095864 0.1647799 -0.9881877 -0.02931761 0.1504178 -0.9476481 -0.1197637 -0.2960065 -0.941993 -0.1233785 -0.3121331 -0.9547458 -0.02678799 0.2962142 -0.9596467 -0.02517223 0.2800798 -0.9639766 -0.02168601 0.2651015 -0.9847108 -0.01652193 0.1734123 -0.9817548 -0.02851289 0.1880016 -0.9797697 -0.02305942 0.198796 -0.9467205 -0.1162198 -0.3003551 -0.992338 -0.02326923 0.1213428 -0.989967 -0.03491479 0.1369177 -0.9406394 -0.1164111 -0.3188199 -0.9367449 -0.1125773 -0.3314142 -0.9606695 -0.01676845 0.2771878 -0.9449765 -0.111469 -0.3075615 -0.9810299 -0.004756689 0.1937986 -0.9776297 -0.01769053 0.2095881 -0.9757534 -0.01285827 0.218495 -0.9742319 -0.03040367 0.22349 -0.9863577 -0.02218556 0.1631144 -0.9889293 -0.008943319 0.1481175 -0.9936501 -0.02919298 0.1086613 -0.9953995 -0.01707619 0.0942772 -0.9621297 -0.009436428 0.2724288 -0.9586131 -0.0130288 0.2844138 -0.9392914 -0.1100449 -0.3249955 -0.9352679 -0.1031816 -0.3385671 -0.966247 -0.00852096 0.2574765 -0.9442729 -0.1063264 -0.3115181 -0.950055 -0.09851884 -0.2961243 -0.943332 -0.1012214 -0.3160365 -0.9638944 3.20647e-4 0.2662844 -0.9379894 -0.102723 -0.3310952 -0.9341111 -0.09395897 -0.3443955 -0.9894187 0.009479105 0.1447786 -0.9872623 -0.003176808 0.1590696 -0.9854808 0.002786874 0.1697641 -0.9444546 -0.09581542 -0.3143643 -0.9646902 0.005768418 0.2633242 -0.9602389 -0.005841493 0.2791185 -0.9956482 0.003213822 0.09313714 -0.9941198 -0.009744465 0.1078475 -0.9927281 -0.00308609 0.1203399 -0.9688054 0.008713901 0.2476693 -0.9648833 0.01003414 0.2624871 -0.9607802 -0.00151956 0.2773071 -0.9652642 0.01301068 0.2609516 -0.9613513 0.002251505 0.2753157 -0.9503141 -0.08844101 -0.2984651 -0.9657713 0.01514911 0.2589528 -0.9619718 0.008572757 0.2730146 -0.9436909 -0.09017932 -0.3183007 -0.9859967 0.02152472 0.1653704 -0.9837276 0.008540511 0.1794632 -0.9819932 0.01396995 0.1883991 -0.9375135 -0.09268772 -0.3353765 -0.9323583 -0.08715003 -0.3508747 -0.9661707 0.02042174 0.2570935 -0.9910978 0.003196895 0.1330984 -0.9928131 0.01589673 0.1186157 -0.9997614 -0.01392775 0.01683157 -0.9999901 -0.002307534 0.003822028 -0.9994563 -0.005310893 0.03254091 -0.9452351 -0.08378505 -0.3154534 -0.9773098 0.005467295 0.2117443 -0.9801237 0.01924902 0.1974516 -0.9826866 0.03298157 0.1823163 -0.9785673 0.02423548 0.2044966 -0.9877059 0.01558101 0.1555451 -0.9895587 0.02861732 0.1412608 -0.9943259 0.009297549 0.10597 -0.9955374 0.02094721 0.09201496 -0.9993211 0.01152861 0.034994 -0.9988583 7.57501e-4 0.04776638 -0.997958 0.009146213 0.06321614 -0.9979603 -0.01173043 0.06275117 -0.9644641 0.03370958 0.2620549 -0.9687123 0.03868854 0.2451524 -0.9639412 0.02921235 0.2645071 -0.9679621 0.03508329 0.2486333 -0.9379633 -0.08417052 -0.3363635 -0.9448276 -0.07963258 -0.3177416 -0.9685751 0.04219549 0.2451159 -0.9649237 0.03883284 0.2596428 -0.9843239 0.02733993 0.1742382 -0.9863049 0.04045408 0.1598942 -0.9912111 0.02233272 0.1303915 -0.9925869 0.03431838 0.1165923 -0.968408 0.04616582 0.2450608 -0.9501533 -0.07330131 -0.3030441 -0.9435021 -0.07383221 -0.3230367 -0.9968368 0.01492768 0.07806122 -0.9976499 0.02634149 0.06325286 -0.9998294 0.0174098 0.006194174 -0.9997968 0.005242586 0.01947098 -0.9653669 0.04380375 0.2571924 -0.9683687 0.04961097 0.2445426 -0.9378625 -0.07499784 -0.3388057 -0.9685432 0.05338507 0.2430522 -0.9656373 0.04855972 0.2553164 -0.98276 0.05510342 0.1764835 -0.9808996 0.03868782 0.1906292 -0.9794928 0.04411745 0.1965899 -0.9878907 0.03477245 0.1512048 -0.9893663 0.04808712 0.137266 -0.9688332 0.05712437 0.2410375 -0.966214 0.05691176 0.2513794 -0.9447035 -0.06837087 -0.3207193 -0.9940425 0.0284453 0.105216 -0.9950513 0.04124444 0.09039831 -0.9693913 0.06445723 0.2369089 -0.9985377 0.01996195 0.05023974 -0.9988068 0.03181833 0.03705 -0.9513405 -0.06035262 -0.3021738 -0.996047 0.007948279 -0.08847236 -0.997132 -0.002844274 -0.07562828 -0.998228 0.0052464 -0.05927342 -0.9441968 -0.06268763 -0.3233619 -0.9919264 0.05549144 0.1140296 -0.9909003 0.04156303 0.1280209 -0.9380837 -0.0647577 -0.3403022 -0.9803434 0.06054967 0.1877781 -0.982484 0.08025074 0.1681817 -0.979825 0.07248765 0.1862486 -0.9655883 0.07629317 0.2486336 -0.9693194 0.0737465 0.2344815 -0.9661659 0.06819069 0.2487436 -0.9454435 -0.05692738 -0.3207741 -0.9633214 0.07659804 0.257186 -0.9660636 0.08512765 0.243874 -0.9657753 0.08030462 0.2466359 -0.9639925 0.08193761 0.2529917 -0.969832 0.08140015 0.2297827 -0.9878149 0.05453997 0.1457641 -0.9887103 0.06886988 0.1330753 -0.9860809 0.06122648 0.1545829 -0.952521 -0.04830479 -0.300617 -0.9728248 0.07621401 0.2186397 -0.9663463 0.08980327 0.2410605 -0.9643056 0.08874607 0.2494773 -0.9702728 0.08343601 0.2271766 -0.9979605 0.05112487 0.03822302 -0.9979695 0.03945863 0.04999971 -0.9968514 0.04747223 0.06351292 -0.9450102 -0.05144405 -0.3229696 -0.9700407 0.08726102 0.2267301 -0.9666173 0.09442651 0.2381907 -0.9650111 0.09606641 0.2439773 -0.9890789 0.0111013 -0.1469686 -0.9907117 0.002438426 -0.1359578 -0.9929792 0.01000165 -0.117866 -0.9699205 0.09108102 0.2257399 -0.9847149 0.06711429 0.1607239 -0.9383075 -0.05409026 -0.3415455 -0.9670303 0.1016052 0.2335141 -0.9904209 0.06141179 0.1236734 -0.9910871 0.07450097 0.1104349 -0.9699352 0.09477287 0.2241513 -0.9840231 0.07082027 0.1633498 -0.9956488 0.05361568 0.07621562 -0.9956792 0.06692504 0.06437498 -0.9941728 0.0615763 0.08848112 -0.9462867 -0.04548662 -0.3201131 -0.9850531 0.08791559 0.1481259 -0.9834608 0.07404249 0.165296 -0.9700461 0.09848767 0.2220609 -0.9537634 -0.03624361 -0.2983652 -0.9868667 0.07297879 0.1441119 -0.9933588 0.02890497 -0.111368 -0.9948014 0.01831561 -0.1001744 -0.9961832 0.02646356 -0.08318024 -0.9703382 0.1044932 0.2180022 -0.9804896 0.08476144 0.1773581 -0.9929529 0.08030068 0.08715707 -0.9926745 0.06766772 0.1000927 -0.945972 -0.04018402 -0.3217487 -0.9870194 0.07779479 0.1405019 -0.9667798 0.1098904 0.2307835 -0.9651451 0.1151645 0.2350149 -0.9651423 0.1079007 0.238449 -0.9656524 0.09985154 0.2398857 -0.9387257 -0.04341959 -0.3419193 -0.9959849 0.04483193 -0.07748675 -0.9971805 0.03479164 -0.06648981 -0.9977958 0.04300224 -0.05054318 -0.9982008 0.02384793 -0.05501329 -0.9790107 0.08918893 0.1832584 -0.980539 0.09274941 0.173034 -0.966944 0.1178941 0.2260981 -0.9654602 0.1214781 0.2304989 -0.9869225 0.0836963 0.1377644 -0.9871561 0.0958451 0.1278144 -0.9472654 -0.03402596 -0.3186387 -0.9897698 0.08073663 0.1176319 -0.9696283 0.1135962 0.2166032 -0.9944186 0.07304501 0.07613319 -0.9942146 0.08627438 0.06398624 -0.955099 -0.02434319 -0.2952854 -0.9670516 0.1223927 0.2232295 -0.9725483 0.1121512 0.2038923 -0.9819245 0.09444415 0.164026 -0.9806926 0.1113045 0.1607896 -0.9803077 0.1003328 0.1700888 -0.978263 0.1042513 0.1792571 -0.9891861 0.08365839 0.120467 -0.9699649 0.1198222 0.2116853 -0.9838421 0.09377419 0.1525166 -0.9885641 0.08878809 0.1218929 -0.989133 0.1006932 0.1071301 -0.9671707 0.1264909 0.2204111 -0.9657472 0.1272562 0.2261376 -0.9701907 0.1220749 0.2093507 -0.9829071 0.09963542 0.1548113 -0.9470881 -0.02895039 -0.3196653 -0.9874091 0.02117973 -0.1567633 -0.984784 0.0124756 -0.1733348 -0.9858 0.03005731 -0.1652119 -0.9897164 0.03050094 -0.1397538 -0.9821307 0.1054576 0.155878 -0.9828115 0.1169604 0.1428353 -0.973906 0.01350975 -0.2265495 -0.9758692 0.005273282 -0.2182923 -0.9795497 0.01424533 -0.2006976 -0.9701401 0.1254483 0.2075839 -0.9673549 0.1306186 0.2171714 -0.9659463 0.1332886 0.2217701 -0.9917997 0.08671081 0.09388607 -0.939368 -0.03275573 -0.3413427 -0.9840289 0.1028017 0.1453239 -0.9910779 0.09077954 0.09758949 -0.9701558 0.128694 0.2055134 -0.9675274 0.1346957 0.2138874 -0.966214 0.1391509 0.2169507 -0.9482617 -0.02290964 -0.3166623 -0.985966 0.1015111 0.1325392 -0.9903348 0.09487849 0.1011699 -0.9905234 0.1074721 0.08551692 -0.9702728 0.1318112 0.2029693 -0.9852497 0.1067917 0.1337112 -0.967673 0.1388775 0.2105284 -0.9794391 0.1162477 0.1648803 -0.9771924 0.1173706 0.1769722 -0.9703474 0.134689 0.2007109 -0.9841494 0.111616 0.137811 -0.9846702 0.122766 0.1239084 -0.9932414 0.09199559 0.07077121 -0.9783799 0.1221964 0.1668559 -0.9703814 0.1377148 0.1984807 -0.9482664 -0.01753896 -0.3169909 -0.9566622 -0.01332712 -0.2908952 -0.9678152 0.1426296 0.207342 -0.9664528 0.144602 0.2122718 -0.9925498 0.09610944 0.07488495 -0.977362 0.1280149 0.168451 -0.9774361 0.1422408 0.1561617 -0.9756298 0.1359314 0.1722483 -0.9876709 0.1077829 0.1135304 -0.9918345 0.1002216 0.0788663 -0.9917571 0.1114258 0.06326234 -0.9705012 0.1406001 0.1958547 -0.9794238 0.1251489 0.1583256 -0.9863246 0.04709827 -0.1579424 -0.9880876 0.03858917 -0.1489763 -0.9901227 0.04744678 -0.1319311 -0.9679798 0.1464959 0.203848 -0.9666236 0.1502466 0.2075209 -0.9869233 0.1127033 0.1152402 -0.9402508 -0.02215129 -0.3397617 -0.9754979 0.02946472 -0.2180271 -0.9774394 0.02184486 -0.2100838 -0.9809537 0.03052204 -0.1918288 -0.970672 0.1433539 0.192991 -0.9814915 0.1223292 0.1473433 -0.9861984 0.1163144 0.1178295 -0.9863755 0.1273254 0.1041721 -0.9493224 -0.01204562 -0.3140731 -0.9942046 0.09658408 0.04721021 -0.9951802 0.09005504 0.03881406 -0.9681332 0.1503064 0.2003152 -0.9668448 0.1557005 0.2024067 -0.9803975 0.1281881 0.1496279 -0.9888932 0.1122407 0.09742814 -0.9709112 0.1458734 0.1898749 -0.9935667 0.1007531 0.05171132 -0.9970605 0.06203466 -0.04496735 -0.9958978 0.07165765 -0.05525255 -0.9954612 0.06291413 -0.07140636 -0.9945322 0.08165639 -0.06510066 -0.9959049 0.08111047 -0.03993457 -0.9791042 0.1484259 0.1390137 -0.9792962 0.1339277 0.1517967 -0.9902189 0.06466674 -0.1236318 -0.9919029 0.05539953 -0.1142792 -0.9930875 0.06467592 -0.09794968 -0.9934183 0.04644018 -0.1047063 -0.9928995 0.1049089 0.05607777 -0.9924655 0.115547 0.0407595 -0.9682672 0.1541718 0.1966967 -0.971173 0.1482547 0.1866643 -0.9813526 0.1309772 0.140685 -0.988582 0.1170913 0.09484434 -0.9712118 0.1506381 0.1845426 -0.9832552 0.1292273 0.1284905 -0.9684001 0.1576932 0.1932206 -0.9670359 0.1608451 0.1974098 -0.994668 0.1004497 0.02335774 -0.9955104 0.09352111 0.0145961 -0.9823783 0.134492 0.1297874 -0.9711165 0.1539191 0.1823235 -0.9881166 0.1225249 0.09280693 -0.9874824 0.1335036 0.08399695 -0.9941044 0.1046903 0.0282222 -0.9493471 -0.006281793 -0.3141666 -0.9414722 -0.01224362 -0.3368684 -0.9807794 0.1516668 0.1227561 -0.9811564 0.1393876 0.133803 -0.9685446 0.1612914 0.1894907 -0.9671767 0.1660902 0.1923103 -0.9711074 0.1569371 0.1797809 -0.9738941 0.1505154 0.1699275 -0.9904566 0.1179218 0.07134592 -0.9935063 0.1089022 0.03294974 -0.9927329 0.1189817 0.01802486 -0.9898217 0.121075 0.07479226 -0.971094 0.1609047 0.1763135 -0.9686775 0.1648372 0.1857222 -0.9673371 0.1711176 0.1870232 -0.9847911 0.134691 0.1097496 -0.9890065 0.1263059 0.07689648 -0.9884942 0.1372973 0.06347197 -0.9946219 0.1035713 -6.35519e-4 -0.9952775 0.09658837 -0.009661495 -0.9838285 0.1390686 0.1128781 -0.9676252 0.1757851 0.181111 -0.9688025 0.1695888 0.1807245 -0.972101 0.1617521 0.1698703 -0.9941517 0.1078966 0.004567801 -0.9826074 0.154778 0.1025993 -0.9828454 0.1434321 0.1159412 -0.9496613 5.4855e-4 -0.3132783 -0.9422647 -0.003638923 -0.3348492 -0.9913351 0.1221755 0.04824811 -0.9846292 0.0553807 -0.1656455 -0.9821662 0.04593181 -0.1823177 -0.9829609 0.0631538 -0.1726258 -0.9867049 0.06508916 -0.1489191 -0.9925544 0.1217079 -0.004795253 -0.9936399 0.1121916 0.009633243 -0.9585809 0.005719661 -0.2847632 -0.9515865 0.006116986 -0.3073205 -0.9722676 0.1644862 0.166253 -0.960347 0.0181294 -0.2782178 -0.9905852 0.1264328 0.05249565 -0.9754417 0.1589499 0.152475 -0.9861035 0.1395545 0.09013539 -0.972298 0.167134 0.1634101 -0.9891516 0.1406009 0.04255139 -0.9898049 0.1306855 0.05663591 -0.9695 0.1728498 0.1737608 -0.967842 0.1800877 0.1756427 -0.9940689 0.1059309 -0.02461189 -0.9944458 0.09933012 -0.03480327 -0.9851595 0.1438865 0.09358167 -0.9722687 0.1709166 0.1596289 -0.9937105 0.1103389 -0.0191009 -0.9841904 0.148221 0.09695297 -0.9836868 0.1592661 0.08363401 -0.9523981 0.01130032 -0.3046479 -0.9695285 0.1769665 0.1694027 -0.9679735 0.1846786 0.1700628 -0.9917198 0.1257429 0.0260908 -0.9933022 0.1147277 -0.01372456 -0.9919359 0.1237095 -0.02755558 -0.9910341 0.1300431 0.03066587 -0.9732084 0.1715555 0.1530824 -0.9696198 0.1814229 0.1640832 -0.9682014 0.1889146 0.1640041 -0.9871069 0.1439195 0.07005035 -0.9891917 0.1450397 0.02152544 -0.9903129 0.1343382 0.03512376 -0.9733539 0.1741375 0.1491921 -0.9766911 0.1666685 0.1352631 -0.9930241 0.1075137 -0.04841578 -0.9931645 0.100686 -0.05904823 -0.986193 0.1482439 0.07380509 -0.9892276 0.1013269 -0.1056485 -0.9909111 0.09162002 -0.09849441 -0.991405 0.1010658 -0.08307915 -0.9925097 0.08255201 -0.09005427 -0.990005 0.08228069 -0.1145431 -0.9439311 0.006040096 -0.3300877 -0.9927909 0.112023 -0.04262763 -0.9539806 0.01926463 -0.2992492 -0.9835692 0.08002853 -0.1618245 -0.9851314 0.07218295 -0.1559031 -0.9868173 0.08228027 -0.1393619 -0.9733858 0.1765614 0.146103 -0.9852532 0.1525575 0.07747524 -0.984486 0.1632681 0.06427162 -0.9624841 0.03110241 -0.26955 -0.9916849 0.1286339 0.003804445 -0.9924994 0.116526 -0.03697037 -0.9908933 0.1249783 -0.05010956 -0.9702658 0.184337 0.1568577 -0.9683694 0.1928719 0.1583074 -0.9733433 0.1801 0.1420099 -0.991077 0.133008 0.008684337 -0.9877145 0.147868 0.05054867 -0.9904284 0.1373713 0.01344215 -0.9891726 0.1467565 7.90621e-5 -0.9702647 0.1882408 0.1521577 -0.9684696 0.1970087 0.1524938 -0.9915725 0.1084511 -0.07086843 -0.9741961 0.1806094 0.1353591 -0.9867967 0.1530399 0.05301964 -0.9547358 0.02318501 -0.2965502 -0.991244 0.1140323 -0.06657403 -0.9811121 0.07071697 -0.1800509 -0.9783629 0.06107378 -0.1976773 -0.9795547 0.0775156 -0.1856445 -0.9703305 0.1923606 0.146479 -0.9686536 0.2007823 0.1462765 -0.9851322 0.1659542 0.04442828 -0.9860675 0.1564513 0.05651342 -0.9743273 0.1829735 0.1311764 -0.9773146 0.1756763 0.1182971 -0.9912337 0.1308242 -0.0184682 -0.9911764 0.117578 -0.06119537 -0.9895517 0.1245208 -0.07267737 -0.9879896 0.1506149 0.03452193 -0.9907169 0.1352881 -0.01330757 -0.9901 0.10863 -0.08889138 -0.9743523 0.1851531 0.1278913 -0.9460285 0.01729917 -0.3236216 -0.9901521 0.1397514 -0.008275151 -0.9886608 0.1486738 -0.02111643 -0.9742985 0.188382 0.1235097 -0.9558186 0.03026777 -0.292395 -0.9709206 0.1949385 0.1389687 -0.968837 0.2042679 0.1401062 -0.9873009 0.1553575 0.03318268 -0.9896151 0.1131535 -0.08864724 -0.9903758 0.1323191 -0.04058843 -0.9709138 0.1984652 0.1339325 -0.9750409 0.1888312 0.1167821 -0.9865643 0.1602131 0.03198027 -0.9851093 0.1701398 0.02474021 -0.9899592 0.1369082 -0.03517353 -0.9751636 0.1909016 0.1123052 -0.9780263 0.1837535 0.09848564 -0.9876428 0.1253587 -0.0940591 -0.9891104 0.1176454 -0.08843308 -0.9647934 0.04370272 -0.2593528 -0.9568124 0.03575879 -0.2884985 -0.9712445 0.2006149 0.1282106 -0.9880769 0.1536796 0.009310245 -0.9894897 0.1414802 -0.02989202 -0.9878472 0.149603 -0.0421521 -0.9870746 0.1088345 -0.1176383 -0.9866499 0.09992027 -0.1285996 -0.9751787 0.1928032 0.1088739 -0.9874919 0.157097 0.01343518 -0.981767 0.08768534 -0.1686561 -0.9804061 0.09491181 -0.1726146 -0.9834325 0.09897714 -0.1518683 -0.9874261 0.1114818 -0.1120793 -0.9865829 0.1624455 0.01630347 -0.9850676 0.1720996 0.004880964 -0.9751156 0.1956707 0.1042236 -0.9891356 0.133097 -0.06241774 -0.9875286 0.1172277 -0.1050959 -0.9855669 0.1234205 -0.1158682 -0.9484979 0.02773642 -0.3155671 -0.9721305 0.2019252 0.1191157 -0.9888274 0.1378281 -0.05678009 -0.9583073 0.04190248 -0.2826506 -0.9757246 0.1961206 0.09745854 -0.9877085 0.1557959 -0.01263213 -0.986588 0.1507322 -0.06264108 -0.9884592 0.1425452 -0.05127698 -0.9721068 0.2053501 0.1133124 -0.9870353 0.1603139 -0.007797956 -0.975842 0.1978345 0.09270358 -0.9787461 0.1893497 0.07875722 -0.9863187 0.164821 -0.003075957 -0.9846563 0.1738614 -0.0149784 -0.9721822 0.2079964 0.1077001 -0.9758474 0.1994293 0.08916288 -0.9876023 0.1333059 -0.08289307 -0.9757763 0.2018831 0.08428561 -0.9871581 0.1390575 -0.07862514 -0.98697 0.1575928 -0.03248018 -0.9870011 0.1429631 -0.07341986 -0.9850946 0.1505911 -0.08313304 -0.9726677 0.2098517 0.09939724 -0.986193 0.1630283 -0.02907669 -0.9863163 0.1326035 -0.09796112 -0.9762334 0.2023921 0.077497 -0.9591941 0.04627567 -0.2789362 -0.9513041 0.03716093 -0.3060057 -0.9857383 0.1664943 -0.0244888 -0.9840616 0.1743627 -0.03493404 -0.9726511 0.2126777 0.09337061 -0.9763513 0.2036741 0.07249295 -0.9792457 0.194033 0.05855816 -0.9862772 0.1582269 -0.04713398 -0.9856725 0.1385467 -0.09620076 -0.976347 0.2049514 0.06885868 -0.9727962 0.2144185 0.08770596 -0.9762653 0.2069628 0.0638166 -0.9853557 0.1637463 -0.04755222 -0.9847272 0.1355299 -0.1092892 -0.9848875 0.1432086 -0.09740519 -0.9833123 0.1500912 -0.1028088 -0.9677688 0.06235027 -0.2440004 -0.9620848 0.0584169 -0.2664216 -0.9613924 0.05276018 -0.2700761 -0.9529857 0.04452747 -0.2997261 -0.9836145 0.130249 -0.1246512 -0.9832388 0.1220065 -0.1354849 -0.9765555 0.2075729 0.05703389 -0.973305 0.2155574 0.07881885 -0.9850324 0.1586152 -0.06747126 -0.9845883 0.1677305 -0.04952377 -0.9829261 0.1758019 -0.05431461 -0.9834792 0.1365808 -0.1188039 -0.9766801 0.2083502 0.05182874 -0.9795138 0.1977553 0.03802263 -0.9733142 0.2176939 0.07258838 -0.9831277 0.1429005 -0.1141903 -0.9813129 0.14909 -0.121644 -0.9766702 0.2092819 0.04812967 -0.9842811 0.1625187 -0.06912773 -0.9733756 0.2194213 0.06629008 -0.9823586 0.1357907 -0.1285791 -0.9765796 0.2108222 0.04296898 -0.9811848 0.1283364 -0.1442437 -0.9803649 0.1196743 -0.1567254 -0.9813557 0.1774157 -0.07392263 -0.9833151 0.1682849 -0.06907814 -0.9811979 0.1348468 -0.1380835 -0.9766914 0.2115812 0.03615808 -0.9735503 0.2209669 0.05808055 -0.9834098 0.1571846 -0.09054434 -0.9789409 0.1475245 -0.1411071 -0.98109 0.1413149 -0.1322592 -0.9768157 0.2118502 0.03083461 -0.9795432 0.2004896 0.01729416 -0.9625079 0.063093 -0.2638143 -0.9561564 0.05298799 -0.2880229 -0.9830801 0.1620211 -0.08545666 -0.9768054 0.2124036 0.0271281 -0.9735465 0.22257 0.05167007 -0.9797245 0.1340616 -0.1488878 -0.9822685 0.1681201 -0.08297121 -0.9796136 0.1787739 -0.09163665 -0.976701 0.2134887 0.02186006 -0.9736006 0.2237303 0.04524254 -0.9818649 0.1566299 -0.1068108 -0.9815947 0.16463 -0.09679383 -0.9766275 0.2144098 0.01507794 -0.9767505 0.2141603 0.009695291 -0.9809298 0.1625983 -0.1064836 -0.9736602 0.224994 0.03692501 -0.9767426 0.2143316 0.005989193 -0.9793344 0.2022264 -0.002953648 -0.9655336 0.0757302 -0.2490179 -0.959692 0.06308418 -0.2738828 -0.9647343 0.07208973 -0.253162 -0.9736413 0.2260461 0.03042775 -0.9766271 0.21494 6.7654e-4 -0.9800471 0.1551666 -0.1242219 -0.9799988 0.1619635 -0.1156291 -0.9779788 0.1779241 -0.1090895 -0.979833 0.1686652 -0.1071418 -0.9736769 0.2266772 0.02389091 -0.9763705 0.2160176 -0.00608021 -0.9660172 0.08090734 -0.2454888 -0.9613819 0.06955695 -0.2662835 -0.9789974 0.161379 -0.1245834 -0.9764515 0.2154398 -0.0113306 -0.9789121 0.2031029 -0.02192187 -0.9736322 0.2275939 0.01553827 -0.9763889 0.2153999 -0.01636028 -0.9668138 0.08602839 -0.2405626 -0.9623405 0.07727485 -0.2606328 -0.9776917 0.1600566 -0.136018 -0.9735965 0.2280981 0.009015858 -0.9779375 0.1674414 -0.1249069 -0.9763273 0.1755448 -0.1263688 -0.9759812 0.2166358 -0.0230109 -0.9736129 0.2281929 0.002430677 -0.9760563 0.2156574 -0.02839022 -0.9760631 0.2150833 -0.03225088 -0.9782947 0.2029357 -0.04191088 -0.9759546 0.214763 -0.03727757 -0.9734515 0.2288167 -0.00593692 -0.9734501 0.228483 -0.01380103 -0.9753925 0.2160649 -0.04388177 -0.9754604 0.2146185 -0.04915279 -0.9697026 0.1019136 -0.2220147 -0.9649776 0.09878402 -0.2430229 -0.9687079 0.09846544 -0.2278368 -0.9640055 0.091003 -0.2498238 -0.9754557 0.2137222 -0.05300164 -0.977447 0.2018551 -0.06206285 -0.9753444 0.2129726 -0.05784541 -0.9729855 0.2297556 -0.02261918 -0.9654812 0.1042504 -0.2387009 -0.9694533 0.1068787 -0.2207651 -0.9728465 0.2296821 -0.028562 -0.9659236 0.1090906 -0.2347148 -0.9692894 0.1113513 -0.2192693 -0.9692874 0.1146223 -0.2175864 -0.972877 0.2286367 -0.03515064 -0.9746457 0.2142845 -0.0644052 -0.9759876 0.1933555 -0.100309 -0.9694927 0.1177746 -0.2149727 -0.9663098 0.112923 -0.2312874 -0.9747043 0.2124086 -0.06952744 -0.9736299 0.1321429 -0.1859655 -0.9701454 0.1348719 -0.2015629 -0.970354 0.1263856 -0.2060098 -0.9746891 0.211205 -0.0733056 -0.9769052 0.1967751 -0.08328199 -0.9698044 0.1207291 -0.2119061 -0.9666411 0.1170667 -0.2278168 -0.9706344 0.1407679 -0.1950723 -0.9745728 0.2100822 -0.07793122 -0.9725046 0.2287924 -0.04346257 -0.9671878 0.1239103 -0.2217977 -0.9722292 0.2285563 -0.05032414 -0.9737587 0.2113429 -0.08442896 -0.9718595 0.2285689 -0.05696868 -0.9744719 0.1902115 -0.1192657 -0.9738079 0.209079 -0.08935445 -0.9737856 0.2075818 -0.09301346 -0.973659 0.2061589 -0.09739983 -0.9691606 0.2366403 -0.06877017 -0.97126 0.2291029 -0.06454485 -0.9691939 0.2383185 -0.06218814 -0.9670516 0.134 -0.2164605 -0.9712262 0.2272189 -0.07135349 -0.9690986 0.234808 -0.07558548 -0.9727549 0.2072904 -0.1038205 -0.9665437 0.1415381 -0.2139168 -0.9727923 0.2047014 -0.108501 -0.9712578 0.2251461 -0.07724946 -0.9689878 0.233024 -0.08223491 -0.9727697 0.2029223 -0.1119902 -0.9710069 0.1421625 -0.1921862 -0.9660428 0.1469777 -0.2125068 -0.9726271 0.2012673 -0.1161381 -0.9643317 0.1449372 -0.2214897 -0.9667555 0.1484617 -0.2081895 -0.9648827 0.1491387 -0.2162384 -0.9707897 0.1456884 -0.1906366 -0.9671994 0.1524653 -0.203174 -0.9651804 0.1546021 -0.2110098 -0.9706811 0.1490371 -0.18859 -0.9732318 0.1626827 -0.1623402 -0.9703336 0.1679902 -0.1738736 -0.9710997 0.1595669 -0.1774931 -0.9707107 0.2246686 -0.08511596 -0.9688332 0.2311093 -0.08916753 -0.9706509 0.1725134 -0.1675588 -0.9674885 0.1561005 -0.1989943 -0.9658098 0.1599503 -0.2040283 -0.9706475 0.1523575 -0.1860936 -0.9707658 0.1550229 -0.183253 -0.9706558 0.2223072 -0.09168964 -0.9687487 0.228774 -0.09585678 -0.9716535 0.2021988 -0.1224963 -0.9678932 0.161329 -0.1927587 -0.9716753 0.1993406 -0.1269274 -0.9716852 0.1971662 -0.1302051 -0.9686087 0.2265247 -0.1023908 -0.9706745 0.2198258 -0.09730219 -0.9717739 0.1946834 -0.1332441 -0.9717114 0.1930889 -0.1359913 -0.9684143 0.2241258 -0.1092774 -0.9700701 0.2189587 -0.1049822 -0.9699918 0.216172 -0.1112916 -0.9683007 0.221289 -0.115867 -0.9699848 0.2133809 -0.1166104 -0.9681151 0.2186334 -0.1222805 -0.9674896 0.1689345 -0.1882156 -0.9663087 0.1629063 -0.1992716 -0.9658779 0.1699671 -0.1954255 -0.9659926 0.1757134 -0.1896927 -0.9675995 0.1754655 -0.1815581 -0.9708412 0.1741535 -0.1647358 -0.9677032 0.178664 -0.1778476 -0.9662768 0.18009 -0.1840562 -0.9693304 0.2121206 -0.124111 -0.9678627 0.2157894 -0.129138 -0.9707978 0.1768603 -0.1620866 -0.9678805 0.1817842 -0.1736722 -0.9664471 0.1848238 -0.1783827 -0.9692183 0.2089708 -0.1301814 -0.9677172 0.2124776 -0.1355615 -0.970817 0.1793646 -0.1591942 -0.9680456 0.1848422 -0.169473 -0.9666356 0.1893253 -0.1725448 -0.9691039 0.2065975 -0.1347415 -0.967589 0.2089147 -0.1418668 -0.970955 0.1838108 -0.1531666 -0.9682219 0.1878258 -0.1651301 -0.9708896 0.1817888 -0.1559696 -0.9668735 0.1935546 -0.1664099 -0.96898 0.2041572 -0.1392757 -0.9674289 0.2053419 -0.1480415 -0.9683558 0.1907549 -0.1609334 -0.9710352 0.1860207 -0.1499568 -0.968861 0.2017161 -0.1435933 -0.9714617 0.1916564 -0.1397497 -0.9684613 0.193614 -0.1568325 -0.9670817 0.1975068 -0.1604501 -0.9711381 0.1880418 -0.1467346 -0.9672396 0.2015561 -0.1543463 -0.9687385 0.1990556 -0.148063 -0.9712668 0.1899897 -0.1433345 -0.9686057 0.1963643 -0.1524605 -0.94809 -0.2338454 0.2155032 -0.9508706 -0.2344291 0.2022088 -0.9503942 -0.2375414 0.200811 -0.9492421 -0.2303973 0.2141413 -0.9463539 -0.2297066 0.227265 -0.9464967 -0.22649 0.2298833 -0.9439254 -0.225511 0.2411423 -0.9521201 -0.2409556 0.1881697 -0.9548403 -0.2406148 0.1743116 -0.9541743 -0.2439168 0.1733672 -0.9533911 -0.2370806 0.1866497 -0.9423126 -0.2196108 0.2526227 -0.9446642 -0.2211324 0.2423012 -0.9571301 -0.2427523 0.1580299 -0.9559473 -0.245673 0.1606539 -0.9586275 -0.2447177 0.1454193 -0.9571259 -0.2475277 0.1504662 -0.9595395 -0.2460692 0.1368715 -0.958126 -0.2498627 0.1398693 -0.9604496 -0.2477177 0.127171 -0.9595204 -0.2510088 0.1277307 -0.9496552 -0.2231408 0.2199164 -0.9534846 -0.2267647 0.1986072 -0.9537795 -0.231034 0.1921667 -0.9486749 -0.2210034 0.2262152 -0.9521523 -0.2254475 0.2063478 -0.9477228 -0.2194901 0.2316151 -0.9511965 -0.2241386 0.2121016 -0.9620804 -0.2482647 0.1129873 -0.9606954 -0.2518098 0.1168604 -0.9577045 -0.2321973 0.1699606 -0.9552349 -0.2307247 0.1851821 -0.9584864 -0.2338061 0.163213 -0.9564036 -0.2313547 0.1782333 -0.9468261 -0.2162586 0.2382283 -0.9437813 -0.211407 0.2541338 -0.9413008 -0.2115008 0.2630978 -0.9630931 -0.249217 0.1016991 -0.9616762 -0.2529541 0.1057971 -0.960122 -0.2349923 0.151474 -0.9639707 -0.2499524 0.09101748 -0.9626046 -0.2539055 0.09446883 -0.9605727 -0.2371673 0.1450929 -0.9610364 -0.2376724 0.1411414 -0.9617108 -0.2378504 0.1361601 -0.9621285 -0.2389208 0.1312469 -0.9648022 -0.2504925 0.08006554 -0.9634826 -0.2546557 0.08277636 -0.9631856 -0.238442 0.124173 -0.9508889 -0.2160469 0.2216622 -0.9531812 -0.2185562 0.2089946 -0.9636807 -0.2395101 0.1181288 -0.9484766 -0.2124302 0.2350863 -0.9551851 -0.220335 0.1976715 -0.9576041 -0.2235212 0.1817494 -0.9655376 -0.250783 0.06960618 -0.9642378 -0.2553673 0.07094383 -0.9595487 -0.2253293 0.1687992 -0.9648962 -0.2398863 0.1069108 -0.9661138 -0.2513318 0.05879229 -0.9650681 -0.2554608 0.05816918 -0.9652061 -0.2413051 0.1007425 -0.9620282 -0.2282376 0.1496976 -0.9656748 -0.2413948 0.09592181 -0.9660102 -0.2420203 0.09083235 -0.9664579 -0.2420227 0.08593142 -0.963907 -0.2293139 0.1352725 -0.9647958 -0.2314562 0.1248887 -0.9667686 -0.2425805 0.08070498 -0.9670068 -0.2507078 0.04520595 -0.9657889 -0.2552716 0.04569703 -0.9671962 -0.2425007 0.07566398 -0.9674851 -0.2429668 0.07028424 -0.9677736 -0.2431321 0.06558346 -0.9675674 -0.2504386 0.03307366 -0.9663538 -0.2550731 0.03313785 -0.9666987 -0.2326774 0.1065595 -0.9684195 -0.2423404 0.05860733 -0.9687575 -0.2424656 0.05214732 -0.9679875 -0.2500585 0.0217055 -0.9668052 -0.2546199 0.02136451 -0.9681416 -0.2334183 0.09065288 -0.9688547 -0.2342315 0.08035093 -0.9693648 -0.2418521 0.04289036 -0.9683319 -0.24942 0.01110321 -0.967146 -0.2540122 0.01031661 -0.9695006 -0.2346458 0.07078123 -0.9695049 -0.2423622 0.03634452 -0.9697555 -0.2420961 0.03104317 -0.9702018 -0.2348682 0.05954426 -0.9685931 -0.2486499 8.77987e-4 -0.9674016 -0.253247 -5.72244e-4 -0.9700404 -0.2415911 0.02560275 -0.9702365 -0.2413256 0.02007746 -0.9687927 -0.2477191 -0.008716881 -0.9675684 -0.252349 -0.01146495 -0.9703683 -0.241144 0.01533538 -0.9712286 -0.2341481 0.04347252 -0.970524 -0.2407882 0.01021909 -0.9689123 -0.2467808 -0.01755934 -0.9676738 -0.251202 -0.02247136 -0.9706164 -0.2405633 0.00576502 -0.9706972 -0.240304 9.63463e-4 -0.9719083 -0.2334955 0.02956736 -0.9689794 -0.2456391 -0.0272116 -0.9677149 -0.2498149 -0.03347468 -0.9707634 -0.2400072 -0.003871321 -0.9708691 -0.2394584 -0.008545458 -0.9721874 -0.2334441 0.01885581 -0.9709669 -0.2388123 -0.01385277 -0.9689859 -0.2442595 -0.03746575 -0.9676778 -0.2482416 -0.04444974 -0.9724482 -0.2329241 0.009535968 -0.9709724 -0.2384251 -0.01913428 -0.9710005 -0.2378897 -0.02380561 -0.9726757 -0.232167 7.20946e-4 -0.9689254 -0.2427198 -0.04765063 -0.9675658 -0.2464872 -0.05532288 -0.971023 -0.2372587 -0.02868467 -0.9728624 -0.231209 -0.009011447 -0.9710234 -0.2366454 -0.03335577 -0.9270117 -0.1639947 0.3372759 -0.930621 -0.1670963 0.3256124 -0.9493421 -0.1803423 0.2573444 -0.9687964 -0.2410295 -0.05777931 -0.9673798 -0.2445495 -0.06612086 -0.971004 -0.2359807 -0.03826826 -0.9709882 -0.2352497 -0.04289048 -0.9729565 -0.2301191 -0.02002257 -0.9686044 -0.2393333 -0.06727004 -0.9671453 -0.24232 -0.07688337 -0.9709432 -0.2344974 -0.04775297 -0.97298 -0.2289688 -0.02971684 -0.9708933 -0.2337163 -0.05237191 -0.9683688 -0.237474 -0.07660287 -0.9668076 -0.2401516 -0.08723688 -0.9708206 -0.2328882 -0.05718815 -0.9729614 -0.2277215 -0.03858816 -0.9257953 -0.1576881 0.3435661 -0.9294878 -0.1587631 0.3329366 -0.9707421 -0.232046 -0.06176161 -0.9707268 -0.2306976 -0.0668435 -0.9728896 -0.2263633 -0.04738718 -0.9679118 -0.2355321 -0.08758693 -0.9663569 -0.2378496 -0.09788829 -0.9250645 -0.1494369 0.349177 -0.9266115 -0.1526623 0.3436357 -0.9705237 -0.2296018 -0.07325893 -0.9300736 -0.1522456 0.3343417 -0.9728185 -0.2242547 -0.05774039 -0.9675783 -0.2332901 -0.09678912 -0.9659306 -0.2352104 -0.1079549 -0.9330567 -0.1526352 0.3257418 -0.970247 -0.2280859 -0.0812267 -0.9700723 -0.2267025 -0.08698147 -0.9671573 -0.2310954 -0.1058375 -0.9654129 -0.23252 -0.1179513 -0.9296095 -0.1482723 0.3374041 -0.9724693 -0.2215375 -0.07228118 -0.9697778 -0.225821 -0.09239047 -0.969605 -0.2246441 -0.09695935 -0.9245327 -0.1418412 0.3537237 -0.9262664 -0.1444902 0.3480706 -0.9666924 -0.2286213 -0.1150576 -0.9648404 -0.229723 -0.127712 -0.9771094 -0.1940954 0.08708733 -0.9799482 -0.1866504 0.06973624 -0.9297656 -0.144147 0.3387588 -0.9693688 -0.2237303 -0.1013363 -0.9330173 -0.1436129 0.3299306 -0.969103 -0.2228726 -0.1056759 -0.9714395 -0.1804608 0.1540755 -0.9718546 -0.2189757 -0.08688187 -0.9661517 -0.2261128 -0.1241926 -0.9642202 -0.2268254 -0.1372215 -0.9689242 -0.2215147 -0.1100776 -0.9789842 -0.1981781 0.04811871 -0.9288387 -0.1400403 0.3429977 -0.9714409 -0.2167153 -0.09662902 -0.96864 -0.2205988 -0.1143357 -0.9520366 -0.1567826 0.2627656 -0.9655669 -0.22376 -0.1327106 -0.9636135 -0.2235676 -0.1465146 -0.9246042 -0.1336441 0.3567162 -0.9259522 -0.1371293 0.3518639 -0.9684443 -0.2191792 -0.118643 -0.9293355 -0.136727 0.3429887 -0.9710561 -0.2146471 -0.1047709 -0.9806652 -0.1930895 0.03181469 -0.9830467 -0.1825341 0.01733684 -0.9807386 -0.1911844 0.04000502 -0.9681409 -0.2182199 -0.1228148 -0.965012 -0.2215178 -0.1402915 -0.9629904 -0.2203639 -0.1552069 -0.9801071 -0.1915555 0.05193078 -0.9730764 -0.1748167 0.1502049 -0.9758688 -0.1811827 0.1218721 -0.9328716 -0.13441 0.3341923 -0.9679468 -0.2166309 -0.1270835 -0.9706462 -0.2121393 -0.1133275 -0.9293329 -0.1326457 0.3445947 -0.9761745 -0.1739317 0.1297355 -0.9676594 -0.2151306 -0.1317351 -0.9643452 -0.2191135 -0.1484177 -0.9622619 -0.2172152 -0.1639196 -0.9673097 -0.2141053 -0.1359084 -0.9754717 -0.1695354 0.1404018 -0.9780404 -0.1749431 0.1132788 -0.9701808 -0.2090152 -0.1227275 -0.9249461 -0.1252548 0.3588676 -0.9261772 -0.1285919 0.3544853 -0.9670888 -0.2126038 -0.1397818 -0.9819666 -0.1843093 0.04209226 -0.9636698 -0.2154051 -0.1579276 -0.9613457 -0.214792 -0.1722757 -0.9297885 -0.1278913 0.3451626 -0.979722 -0.1793212 0.08938014 -0.9667255 -0.2115529 -0.1438307 -0.9330345 -0.1279261 0.336276 -0.9565577 -0.1465933 0.2520077 -0.9527729 -0.1432015 0.2678009 -0.955116 -0.1454433 0.2580696 -0.969684 -0.2063559 -0.1308827 -0.9664945 -0.210019 -0.1475824 -0.9803721 -0.1717064 0.09688901 -0.9659391 -0.2084898 -0.1532772 -0.9297938 -0.1235489 0.3467265 -0.9691458 -0.2037866 -0.1386635 -0.9805209 -0.1656067 0.1056084 -0.9623391 -0.2118334 -0.1703821 -0.9604292 -0.2111343 -0.1816541 -0.95975 -0.2081558 -0.1885506 -0.9824362 -0.1860477 -0.01433473 -0.982168 -0.170441 0.07934701 -0.9558886 -0.1376867 0.2594598 -0.9823943 -0.1848421 -0.02710932 -0.9820194 -0.1847518 -0.03879123 -0.9832608 -0.1757963 -0.04789531 -0.9649817 -0.2067091 -0.161498 -0.9256314 -0.116726 0.3599746 -0.9267408 -0.1198994 0.3560558 -0.9616014 -0.2092359 -0.1776044 -0.9679805 -0.2010612 -0.1502935 -0.9303779 -0.118748 0.3468372 -0.9647465 -0.2041941 -0.1660387 -0.9336949 -0.118293 0.3379654 -0.9610649 -0.2060835 -0.1840756 -0.9587162 -0.2047742 -0.1973094 -0.9841091 -0.1739131 0.03582715 -0.9641082 -0.2027725 -0.1714018 -0.9837617 -0.1788297 -0.01526385 -0.9542616 -0.1309947 0.2687475 -0.9592868 -0.1319923 0.2496939 -0.9570071 -0.1311267 0.2587341 -0.9840294 -0.1622819 0.0731492 -0.9837695 -0.168751 0.0609976 -0.9636273 -0.201255 -0.1758375 -0.93056 -0.1143164 0.3478361 -0.9602141 -0.2030038 -0.1917764 -0.9576781 -0.2006205 -0.2064073 -0.9633034 -0.1999708 -0.1790481 -0.9664866 -0.1965432 -0.1651499 -0.9813159 -0.1822426 -0.06169986 -0.9629486 -0.1979013 -0.1832079 -0.9267193 -0.1079443 0.3599157 -0.9276417 -0.1110664 0.3565741 -0.9814615 -0.1787451 -0.06916368 -0.9798066 -0.1818088 -0.08321511 -0.9575435 -0.124906 0.2598251 -0.981544 -0.1768931 -0.07266592 -0.9312766 -0.109481 0.3474735 -0.9862967 -0.1588632 0.04451411 -0.985256 -0.165883 0.04187566 -0.9591685 -0.1985907 -0.2013894 -0.9624539 -0.1966336 -0.1871307 -0.9564242 -0.1967934 -0.2156971 -0.965635 -0.1929726 -0.1741002 -0.9863212 -0.1633882 0.02178901 -0.934628 -0.1085279 0.3386626 -0.9623188 -0.1943958 -0.1901392 -0.961416 -0.1925833 -0.1964461 -0.9649856 -0.1897913 -0.1810585 -0.9316682 -0.1047939 0.3478686 -0.9809442 -0.1741443 -0.0861538 -0.9585647 -0.1178432 0.2593584 -0.9610758 -0.1186509 0.2495101 -0.9550127 -0.1179463 0.272102 -0.9635208 -0.185975 -0.1924605 -0.9573154 -0.1938222 -0.2144297 -0.9547499 -0.1920501 -0.2270891 -0.9602283 -0.1903801 -0.2042476 -0.9277784 -0.09972095 0.3595594 -0.9289471 -0.1024127 0.3557654 -0.982774 -0.1688782 -0.07507026 -0.9810069 -0.1635546 -0.1042851 -0.9879419 -0.1546865 0.006568491 -0.9871044 -0.1600551 -0.002687454 -0.9325702 -0.1000791 0.3468389 -0.935973 -0.09821265 0.3380959 -0.9597975 -0.1864702 -0.2098038 -0.9560695 -0.1885917 -0.2244202 -0.9534316 -0.1863421 -0.2371602 -0.9590197 -0.1107991 0.2607778 -0.9872321 -0.1570046 -0.02688002 -0.9856474 -0.1681373 -0.01513111 -0.9585568 -0.1843515 -0.2172175 -0.9329733 -0.09545165 0.3470591 -0.9615247 -0.1803975 -0.2071885 -0.9580957 -0.1824389 -0.2208366 -0.9780898 -0.1667365 -0.1246571 -0.977657 -0.1559718 -0.1409242 -0.9845589 -0.1601974 -0.07057482 -0.9297769 -0.09074199 0.3567644 -0.9302529 -0.09380102 0.3547266 -0.9547366 -0.183605 -0.2340244 -0.9519211 -0.1810852 -0.2470917 -0.9572219 -0.1036524 0.2701529 -0.9327502 -0.09302049 0.3483167 -0.9627823 -0.1043652 0.2493157 -0.9601936 -0.1036506 0.2593933 -0.9577974 -0.1796277 -0.2244061 -0.9881294 -0.1491536 -0.03678971 -0.9867929 -0.1532982 -0.05234146 -0.9372246 -0.09005719 0.3368973 -0.9605268 -0.1752444 -0.2160504 -0.9567074 -0.177447 -0.2307026 -0.9343323 -0.08667391 0.3457034 -0.9607944 -0.09726673 0.2596411 -0.9589203 -0.1715877 -0.2258974 -0.9857012 -0.1512657 -0.07424271 -0.9554396 -0.1759716 -0.2370004 -0.9526519 -0.1779597 -0.246546 -0.9501343 -0.1753813 -0.2578493 -0.9320459 -0.08176463 0.3529947 -0.9323578 -0.08444613 0.3515363 -0.9550956 -0.1716471 -0.2415152 -0.9357014 -0.0818876 0.343158 -0.9587894 -0.09091871 0.269178 -0.9839232 -0.151451 -0.09464645 -0.9387967 -0.08015036 0.3350176 -0.9618089 -0.09048235 0.2583341 -0.9514276 -0.172451 -0.2550415 -0.9488583 -0.1695937 -0.266282 -0.9644854 -0.09075778 0.2480543 -0.9741785 -0.1572824 -0.1619836 -0.9868094 -0.1432762 -0.07535982 -0.9538634 -0.1691403 -0.2480652 -0.9808214 -0.151546 -0.1225688 -0.9567869 -0.1660838 -0.2386946 -0.9828309 -0.1470826 -0.111401 -0.9533805 -0.1671273 -0.2512649 -0.9366596 -0.07692641 0.3416887 -0.9624188 -0.08405536 0.2582343 -0.9500553 -0.1675315 -0.2633023 -0.9473433 -0.1641818 -0.2749274 -0.9848014 -0.1385792 -0.1047002 -0.9530647 -0.1644317 -0.254224 -0.9557316 -0.160975 -0.2463011 -0.9343522 -0.0734986 0.348689 -0.934849 -0.07545197 0.3469356 -0.9522098 -0.1619293 -0.2589891 -0.981316 -0.1418282 -0.1300147 -0.9380097 -0.07213926 0.3390188 -0.9410749 -0.06923991 0.3310345 -0.9603918 -0.07768464 0.2676056 -0.9633617 -0.07715302 0.2568691 -0.9540609 -0.1574882 -0.254883 -0.9661232 -0.07709604 0.2462971 -0.9769832 -0.1443739 -0.1570353 -0.9507839 -0.1594268 -0.2656935 -0.9791234 -0.1405881 -0.1468081 -0.9476798 -0.1604653 -0.2759601 -0.9451622 -0.1572933 -0.2862296 -0.9389396 -0.06744319 0.3374075 -0.9815509 -0.1331477 -0.1372208 -0.9498265 -0.1562209 -0.2709698 -0.9641661 -0.0698232 0.2559464 -0.9374559 -0.06456202 0.3420648 -0.9372199 -0.06699204 0.342244 -0.9520728 -0.1523243 -0.2652447 -0.9390383 -0.06533247 0.3375481 -0.9773167 -0.1349711 -0.163202 -0.9489743 -0.1536295 -0.2754013 -0.9431633 -0.06235909 0.3264265 -0.945917 -0.1524136 -0.286376 -0.943535 -0.1483123 -0.2962184 -0.9724814 -0.13652 -0.1887921 -0.974426 -0.1336365 -0.1806522 -0.9409289 -0.05856454 0.3335012 -0.9480336 -0.148616 -0.2813284 -0.9681153 -0.06151598 0.2428349 -0.9651218 -0.06119382 0.2545493 -0.9723957 -0.04847478 0.2282475 -0.9770658 -0.1276903 -0.1704047 -0.9497752 -0.1454988 -0.277051 -0.9408922 -0.05545228 0.334136 -0.9404357 -0.05784565 0.3350145 -0.9430696 -0.05411231 0.3281641 -0.9456012 -0.0502935 0.3214172 -0.9661191 -0.05221855 0.2527593 -0.9625226 -0.06165707 0.2641 -0.9450275 -0.1393751 -0.2958002 -0.9424988 -0.1371353 -0.3047785 -0.9757739 -0.05655282 0.2113465 -0.9716044 -0.1242455 -0.2013658 -0.9446195 -0.04909473 0.3244745 -0.974444 -0.05304831 0.2182767 -0.9700515 -0.0434159 0.2389879 -0.9644561 -0.04418545 0.260523 -0.967322 -0.04339855 0.2498092 -0.9449929 -0.04601877 0.3238378 -0.9441609 -0.04805332 0.3259616 -0.9464883 -0.04375165 0.319759 -0.9488218 -0.04011493 0.3132542 -0.9681531 -0.0354008 0.2478432 -0.9483572 -0.03837275 0.314875 -0.9774105 -0.03826284 0.2078578 -0.976102 -0.03491926 0.214489 -0.9488528 -0.03845912 0.3133679 -0.9486979 -0.03875112 0.3138005 -0.9499465 -0.03343611 0.3106184 -0.9526358 -0.02965861 0.3026642 -0.9718561 -0.02631449 0.2341009 -0.9691192 -0.02669423 0.2451438 -0.966816 -0.02708864 0.2540341 -0.9505156 -0.03314119 0.3089042 -0.9514366 -0.02716064 0.3066441 -0.9530169 -0.02746415 0.3016697 -0.9516069 -0.02585095 0.3062288 -0.9526186 -0.02130144 0.3034206 -0.9539299 -0.02153348 0.2992562 -0.9517188 -0.1119048 -0.2858471 -0.9701716 -0.01759606 0.2417795 -0.9542486 -0.01957756 0.2983731 -0.9557057 -0.01971477 0.2936632 -0.9546869 -0.01748162 0.2970985 -0.9482024 -0.1092581 -0.298287 -0.9527465 -0.01699501 0.3032912 -0.9536688 -0.01481074 0.300494 -0.9518319 -0.1037724 -0.2885263 -0.9551326 -0.0149042 0.2958037 -0.9555818 -0.01220792 0.2944734 -0.956794 -0.0134027 0.290458 -0.9540798 -0.00752896 0.2994582 -0.9547986 -0.006092727 0.297191 -0.9560695 -0.00882256 0.2930072 -0.9736698 -0.0081501 0.2278176 -0.9575237 -0.008652508 0.2882248 -0.9688484 -0.01000523 0.2474529 -0.9712652 -0.008675634 0.2378418 -0.9563624 -0.006092905 0.2921197 -0.995877 -0.02983093 0.08566898 -0.9895452 -0.02170729 0.1425802 -0.9569448 1.49132e-5 0.2902699 -0.9835771 -0.01208871 0.180083 -0.9584438 -0.002636671 0.2852691 -0.9916272 -0.01926583 0.1276888 -0.9828056 -0.01014292 0.1843649 -0.9550715 -1.99969e-5 0.2963755 -0.9560332 0.003181517 0.2932413 -0.9820151 -0.008245468 0.1886223 -0.9912323 -0.01396572 0.1313908 -0.9899896 -0.01238524 0.1405962 -0.9967646 -0.02333068 0.07691586 -0.9578049 0.006164431 0.2873533 -0.9557997 0.008586347 0.2938935 -0.9566341 0.01052808 0.2911023 -0.972147 -3.69922e-4 0.234372 -0.9961105 -0.0201717 0.08577311 -0.9598606 0.008116781 0.2803606 -0.9629366 0.02137386 0.2688797 -0.9800991 -0.001833498 0.1985006 -0.958691 0.01189148 0.284201 -0.9789071 0.001260578 0.2043023 -0.9565873 0.01674801 0.2909643 -0.9573981 0.01768368 0.2882295 -0.9589986 0.01507437 0.2830098 -0.9591653 0.01868665 0.2822282 -0.9989628 -0.02218759 0.03976321 -0.9753016 0.009521126 0.2206724 -0.9709361 0.006804764 0.239242 -0.9986209 -0.01884025 0.04900318 -0.9573272 0.02479708 0.2879408 -0.9581542 0.02472472 0.2851831 -0.9731014 0.008520305 0.2302201 -0.9593505 0.02246451 0.2813219 -0.9610069 0.0186671 0.2758938 -0.9555731 -0.08799749 -0.2813123 -0.9962037 -0.01175796 0.08625537 -0.9597551 0.0252074 0.279705 -0.9614661 0.02635365 0.2736574 -0.960093 0.02868384 0.2782062 -0.9588137 0.03217577 0.2822076 -0.9580974 0.03284484 0.2845534 -0.9602589 0.03154844 0.2773224 -0.9649131 0.02117133 0.2617147 -0.9974858 -0.007294356 0.07049047 -0.9991088 -0.0125429 0.04030323 -0.9683288 0.01617741 0.2491537 -0.9525567 -0.08069086 -0.2934701 -0.9620026 0.03264105 0.2710825 -0.9969179 -0.004339873 0.07833278 -0.9739501 0.01762646 0.2260763 -0.9607368 0.03569066 0.2751563 -0.9962899 -0.001461505 0.08604907 -0.9609299 0.03759163 0.2742274 -0.9595053 0.0402981 0.2787936 -0.9587745 0.04043763 0.281276 -0.9557898 -0.07710146 -0.283763 -0.9592096 -0.07445025 -0.2727163 -0.971054 0.02295964 0.2377547 -0.9717896 0.04039758 0.2323639 -0.968774 0.02623218 0.2465541 -0.9611741 0.04092687 0.2728909 -0.9998548 -0.01546591 -0.007173776 -0.9627672 0.04097723 0.2672085 -0.9614322 0.04422581 0.2714631 -0.9975225 0.002981841 0.07028663 -0.9601738 0.04857617 0.2751485 -0.9595392 0.04838567 0.2773865 -0.9616951 0.0473141 0.2700073 -0.9767119 0.02849531 0.2126548 -0.9745581 0.02812737 0.2223629 -0.9570477 -0.07057136 -0.2812106 -0.9633262 0.04825246 0.2639592 -0.9618965 0.05231726 0.2683619 -0.9998342 -0.009516656 -0.01553136 -0.9734004 0.02918905 0.2272442 -0.9999661 -0.005907773 -0.00573945 -0.9996185 0.001553416 -0.02758097 -0.960861 0.05806887 0.2708764 -0.9606978 0.06336873 0.2702669 -0.9599952 0.05486732 0.2745887 -0.9543923 -0.06713861 -0.2909086 -0.9575681 -0.06421577 -0.2809622 -0.9621748 0.05816274 0.2661519 -0.9639157 0.05863094 0.2596711 -0.9610095 -0.06152802 -0.2695836 -0.9984998 -0.009825527 -0.05386728 -0.9628509 0.06842142 0.2612216 -0.9617958 0.07009685 0.2646421 -0.9324086 -0.08253192 -0.3518564 -0.9286338 -0.07708483 -0.3629011 -0.999018 -0.006026387 -0.04389679 -0.97551 0.04011631 0.2162663 -0.9999777 0.003976106 -0.005381762 -0.9586651 -0.05795329 -0.2785725 -0.9712038 0.05440139 0.2319566 -0.977673 0.04693156 0.2048246 -0.9751343 0.04949539 0.2160169 -0.9986476 -3.43671e-4 -0.05198955 -0.999877 0.009575903 -0.01242834 -0.9729698 0.05713373 0.2237531 -0.955855 -0.05484354 -0.2886754 -0.9994651 0.01898807 0.02662956 -0.9591961 -0.05158728 -0.2779959 -0.9960088 0.02860051 0.0845496 -0.999905 0.01320064 -0.003978192 -0.999498 0.02030354 -0.02432137 -0.9852596 0.04382413 0.1653572 -0.9627636 -0.04857754 -0.2659447 -0.984158 0.04515838 0.171446 -0.9755766 0.05860257 0.2116983 -0.9308397 -0.07265937 -0.3581317 -0.9271462 -0.06856763 -0.3683729 -0.9971117 0.02983582 0.06984394 -0.9338283 -0.06926214 -0.3509523 -0.9835701 0.05037295 0.1733567 -0.9775057 0.06148523 0.2017484 -0.9963924 0.03433221 0.0776121 -0.995046 -0.004834651 -0.09929817 -0.9749941 0.06172573 0.2134865 -0.9853489 0.05338358 0.1619812 -0.9995092 0.02408456 0.02003401 -0.9602652 -0.04531437 -0.2753861 -0.9956059 0.03872042 0.085262 -0.9932662 -0.005055904 -0.1157439 -0.9931358 0.04218864 0.1090937 -0.9991947 0.02834033 0.02840721 -0.9992996 0.03652751 0.008141994 -0.9966994 0.0400114 0.07063555 -0.9943565 3.487e-6 -0.1060907 -0.9944725 0.04373878 0.09545361 -0.9953408 0.004949569 -0.09629273 -0.9935824 0.04805779 0.1023939 -0.9573342 -0.04252868 -0.2858365 -0.9936123 0.004750251 -0.1127477 -0.9608072 -0.0389558 -0.2744669 -0.9644632 -0.03563141 -0.2618038 -0.9926444 0.052262 0.1092056 -0.9967426 0.01193118 -0.07976222 -0.9762696 0.07256287 0.20404 -0.9283292 -0.06402266 -0.3662049 -0.926313 -0.05859494 -0.3721708 -0.9307278 -0.06207871 -0.3604052 -0.9988684 0.03826415 0.02824652 -0.9939575 0.05386453 0.09564101 -0.997368 0.0160706 -0.07070308 -0.9340121 -0.05943089 -0.3522633 -0.9778736 0.07895737 0.1937242 -0.9618412 -0.03267133 -0.2716509 -0.9756392 0.08253234 0.2032649 -0.9873615 -0.001051783 -0.158481 -0.9985686 0.02789193 -0.04563891 -0.9987992 0.04401224 0.02152067 -0.9967787 0.02126419 -0.0773313 -0.9309256 -0.05644905 -0.3608201 -0.9720453 0.09400844 0.2151522 -0.9987958 0.03251785 -0.03673911 -0.9984006 0.0555765 0.01036661 -0.9984413 0.04758 0.02917551 -0.9733234 0.09403514 0.2092822 -0.9754032 0.09214985 0.200243 -0.9588267 -0.030209 -0.2823806 -0.9623958 -0.02634227 -0.2703709 -0.9771842 0.09252607 0.1911807 -0.9864284 0.004658222 -0.1641264 -0.966101 -0.02271878 -0.2571632 -0.9923353 0.01394885 -0.1227849 -0.9273785 -0.05406302 -0.3701977 -0.9258311 -0.04904937 -0.3747414 -0.9746946 0.09800732 0.2009105 -0.9305064 -0.05151897 -0.3626344 -0.9970128 0.05835753 0.05059552 -0.9983935 0.03708428 -0.04283869 -0.9989839 0.03980451 -0.02114003 -0.9340289 -0.04904603 -0.3538143 -0.9967075 0.07127058 0.03866106 -0.9964365 0.06238859 0.0567637 -0.9633896 -0.02006644 -0.2673535 -0.9903708 0.01634961 -0.137471 -0.9914316 0.02012461 -0.1290678 -0.995531 0.03158324 -0.08899831 -0.9924192 0.02384632 -0.1205641 -0.9816663 0.003834962 -0.1905695 -0.9307856 -0.04642921 -0.3626053 -0.9754999 0.107984 0.1916753 -0.96033 -0.01792389 -0.2782896 -0.9639579 -0.01377946 -0.265698 -0.967673 -0.009877264 -0.2520148 -0.990476 0.02616864 -0.1351766 -0.9947789 0.03757911 -0.09488344 -0.9806158 0.009226143 -0.1957234 -0.9271267 -0.04437369 -0.3721118 -0.9256699 -0.03955101 -0.3762592 -0.930531 -0.04148221 -0.3638563 -0.9342995 -0.03865987 -0.3543867 -0.9647845 -0.006802678 -0.2629536 -0.9957281 0.07731163 0.05048185 -0.9835539 0.01752364 -0.1797627 -0.9949828 0.08188343 0.05748403 -0.9743075 0.1230546 0.1886333 -0.9725649 0.1252852 0.1960137 -0.9754563 0.1216384 0.183546 -0.9918724 0.0369901 -0.1217417 -0.9309379 -0.03643321 -0.3633555 -0.9820877 0.02104085 -0.1872462 -0.9842152 0.02566325 -0.1751052 -0.9621015 -0.003849387 -0.2726645 -0.9656009 0.001081407 -0.2600267 -0.9729723 0.1320646 0.1894309 -0.9696155 0.005345046 -0.2445759 -0.9981138 0.05872541 -0.017897 -0.9971902 0.06915563 -0.02879852 -0.9909662 0.04261243 -0.1271633 -0.9272114 -0.03475379 -0.3729224 -0.9258766 -0.03016197 -0.3766204 -0.9732014 0.1377186 0.1841543 -0.9946689 0.05416536 -0.08775085 -0.9308716 -0.03150326 -0.363986 -0.9816728 0.02658063 -0.1887113 -0.9348533 -0.02832257 -0.353903 -0.9846373 0.0346896 -0.1711314 -0.9966354 0.07469999 -0.03373253 -0.9968205 0.07843393 -0.01404047 -0.9668033 0.008958935 -0.2553648 -0.9939295 0.05944246 -0.09257858 -0.9314149 -0.02651715 -0.3629919 -0.9946779 0.06836545 -0.07708537 -0.983772 0.03918939 -0.1750911 -0.9638175 0.01176106 -0.2663038 -0.9276706 -0.02525758 -0.3725444 -0.9264851 -0.02090108 -0.3757508 -0.9891618 0.05167722 -0.1374355 -0.9676113 0.01642513 -0.2519102 -0.9714353 0.02102071 -0.236372 -0.9315556 -0.0216338 -0.3629548 -0.9357134 -0.01808291 -0.3522977 -0.9939416 0.0736292 -0.08160209 -0.9879587 0.05508726 -0.1445785 -0.9893676 0.05989128 -0.1325331 -0.9321533 -0.01713639 -0.3616583 -0.9686718 0.02389097 -0.2471925 -0.987441 0.06065309 -0.1458817 -0.9285244 -0.0158869 -0.3709314 -0.9272559 -0.01214784 -0.3742312 -0.9365701 -0.009739518 -0.350345 -0.931917 -0.01178711 -0.3624802 -0.9811884 0.05055308 -0.1863165 -0.9769999 0.04527145 -0.2083792 -0.9657893 0.0259599 -0.2580255 -0.9694751 0.03117853 -0.2431994 -0.9731499 0.03636336 -0.2272818 -0.9931299 0.09070193 -0.07393479 -0.932044 -0.009514391 -0.3622202 -0.9885786 0.07265979 -0.1320338 -0.979977 0.05511701 -0.1913303 -0.970493 0.03848481 -0.2380384 -0.9923103 0.09602314 -0.07810145 -0.980058 0.1601942 0.1175765 -0.9877485 0.07751619 -0.1354418 -0.9294602 -0.007544517 -0.3688454 -0.9288007 -0.003202974 -0.370566 -0.9334912 -0.003557026 -0.3585829 -0.9378982 -3.19888e-4 -0.3469105 -0.9891234 0.08681708 -0.1187347 -0.9797394 0.1652387 0.1131676 -0.9677698 0.03980731 -0.2486705 -0.9713021 0.04565799 -0.2334257 -0.9747734 0.05150669 -0.2171727 -0.9346729 0.001032173 -0.3555077 -0.9819192 0.1640114 0.09452545 -0.9882078 0.09190827 -0.1224676 -0.9804366 0.1692618 0.1004717 -0.9790815 0.1734718 0.1063345 -0.9721589 0.05344682 -0.228146 -0.9810611 0.1711102 0.09077775 -0.9311946 0.001674354 -0.3645186 -0.9307524 0.005524992 -0.3656083 -0.9354783 0.005936861 -0.3533346 -0.9399215 0.01020318 -0.3412383 -0.9828204 0.1685628 0.07517153 -0.9854534 0.08903896 -0.1447538 -0.9813712 0.1741642 0.08110189 -0.9799948 0.1788774 0.08725285 -0.9701183 0.05488032 -0.2363447 -0.9367681 0.01073777 -0.3497863 -0.9732611 0.06162911 -0.2212798 -0.9764032 0.06782686 -0.2050278 -0.9818276 0.1758792 0.07128244 -0.9845321 0.09381586 -0.1479703 -0.983447 0.1725027 0.05545234 -0.9820469 0.1783992 0.06130003 -0.9334216 0.01054954 -0.3586266 -0.9331938 0.01387459 -0.3591058 -0.9378114 0.01543933 -0.3468018 -0.9806899 0.1835801 0.06742286 -0.9422984 0.02028292 -0.3341594 -0.9742323 0.06964015 -0.2145271 -0.9823148 0.180025 0.05146759 -0.983967 0.1041436 -0.1447867 -0.9809132 0.1075016 -0.1620268 -0.9837842 0.1758221 0.03543096 -0.9392808 0.01997911 -0.3425673 -0.9843261 0.1088634 -0.1387477 -0.9749857 0.07718741 -0.2084346 -0.9824357 0.182007 0.04115325 -0.9719353 0.07057654 -0.2244123 -0.9702527 0.07492834 -0.2302078 -0.9776705 0.08389866 -0.1926693 -0.9811273 0.1875066 0.0472294 -0.9839087 0.1137155 -0.1378131 -0.9825398 0.1833961 0.03132683 -0.9361113 0.01900917 -0.3511897 -0.9360863 0.02179473 -0.3510947 -0.9405422 0.02445518 -0.3387954 -0.9450263 0.02985739 -0.3256286 -0.9838202 0.1785053 0.01528614 -0.9755601 0.08617746 -0.2021287 -0.982569 0.1847178 0.0209158 -0.9812959 0.1906282 0.02682113 -0.9693722 0.2199154 0.1093385 -0.9677153 0.2290239 0.1052393 -0.9677851 0.2255765 0.1118355 -0.9678729 0.2221826 0.1177157 -0.9421377 0.02851587 -0.3340113 -0.9693961 0.2225748 0.1035941 -0.9824988 0.1859452 0.01098525 -0.9694368 0.2237653 0.1006065 -0.9675947 0.2321585 0.09931325 -0.9667395 0.06602209 -0.2470946 -0.9785164 0.09867531 -0.1810216 -0.983563 0.1805043 -0.004719972 -0.9571192 0.05160224 -0.2850617 -0.9739813 0.08846378 -0.2086495 -0.9694845 0.2249482 0.097458 -0.976435 0.09543424 -0.1935643 -0.9725311 0.09925574 -0.2105505 -0.9824163 0.1867024 6.03188e-4 -0.9476668 0.0355708 -0.3172733 -0.9392303 0.02695578 -0.3422277 -0.9391487 0.02866536 -0.3423127 -0.981199 0.1928929 0.006404101 -0.9432018 0.03284782 -0.3305926 -0.9710389 0.2227739 0.08634406 -0.9697546 0.2247953 0.09509515 -0.969662 0.2265548 0.09180676 -0.9822072 0.1875807 -0.009085297 -0.9782465 0.1126055 -0.1742236 -0.9758992 0.1044948 -0.1915765 -0.9695167 0.2288246 0.08761781 -0.9830162 0.1819158 -0.02420818 -0.9710981 0.2251973 0.07908833 -0.9436515 0.03454679 -0.329133 -0.9680132 0.2336279 0.09147953 -0.9672443 0.2388684 0.0859099 -0.9672467 0.2362577 0.0928238 -0.9820229 0.1878548 -0.01848411 -0.9695065 0.2303766 0.0835697 -0.9696359 0.231044 0.08015745 -0.971138 0.2271718 0.07269203 -0.9700424 0.08207356 -0.2286524 -0.9762924 0.1122414 -0.1850813 -0.9808681 0.1942237 -0.01323419 -0.9696291 0.2321289 0.07704257 -0.9816227 0.1887319 -0.02823549 -0.9507628 0.04504132 -0.3066292 -0.9696587 0.2329618 0.07410037 -0.9463238 0.04008275 -0.3207253 -0.9681324 0.2368324 0.08142513 -0.9672137 0.2413454 0.07905733 -0.9422746 0.03363907 -0.333147 -0.9429259 0.0353704 -0.3311189 -0.9821994 0.1826487 -0.04385983 -0.9712485 0.2293322 0.06389933 -0.9697968 0.2335117 0.07047307 -0.9697999 0.0887224 -0.227193 -0.9813138 0.1885755 -0.03824299 -0.9681627 0.2389117 0.07471549 -0.9672231 0.2434822 0.07208359 -0.9696984 0.2350255 0.06669408 -0.9786059 0.1273791 -0.1615707 -0.9802304 0.1951262 -0.03277575 -0.975813 0.1159492 -0.1853231 -0.9712783 0.2312251 0.05615735 -0.9483616 0.0432192 -0.3142331 -0.9681789 0.2406305 0.06875073 -0.9672652 0.2452722 0.06511253 -0.9697461 0.2360659 0.06217283 -0.9770151 0.124181 -0.1732648 -0.9807413 0.1893068 -0.04805642 -0.9697581 0.2369889 0.05835652 -0.9712958 0.2326547 0.0495609 -0.9811376 0.1827089 -0.06313854 -0.9697594 0.2376974 0.05537939 -0.9803807 0.1883957 -0.05797219 -0.9682192 0.2424099 0.06155616 -0.9672575 0.2470623 0.05807876 -0.9540026 0.05148416 -0.2953444 -0.977895 0.1397663 -0.1555215 -0.9504243 0.04542243 -0.3076211 -0.976395 0.1335861 -0.1697285 -0.969774 0.2383672 0.05214846 -0.9459911 0.03914755 -0.3218203 -0.9460886 0.04062342 -0.3213508 -0.979381 0.1950261 -0.05270373 -0.9737899 0.1140308 -0.1968001 -0.9713624 0.233824 0.04221099 -0.9698001 0.2389167 0.04905647 -0.9682247 0.244043 0.05462533 -0.9672688 0.2485761 0.05100154 -0.9795334 0.188546 -0.07046073 -0.9697993 0.2396647 0.04527908 -0.9761533 0.1420704 -0.1641366 -0.9713506 0.2350906 0.03478974 -0.9720788 0.1142621 -0.2049567 -0.9524056 0.05132931 -0.3004815 -0.9698158 0.2404145 0.04072189 -0.9672945 0.2498305 0.04388654 -0.9682438 0.2454355 0.04759365 -0.9653773 0.08756238 -0.2457224 -0.971359 0.2359486 0.02810841 -0.9698179 0.2410312 0.03683876 -0.9567928 0.05942833 -0.2846331 -0.9785424 0.1913764 -0.07635486 -0.9698178 0.2414755 0.03380888 -0.9682686 0.2467033 0.03991872 -0.9672859 0.2510164 0.03672695 -0.9540271 0.05317759 -0.2949654 -0.9698259 0.2418812 0.03052097 -0.9713863 0.2366061 0.02064782 -0.9498258 0.04801279 -0.3090724 -0.9499081 0.0463314 -0.3090761 -0.9698367 0.2422058 0.02744394 -0.9754201 0.1478888 -0.1633537 -0.976175 0.1552112 -0.1516305 -0.9584957 0.06739103 -0.2770279 -0.9551678 0.05891335 -0.2901442 -0.9682709 0.2477349 0.03284931 -0.9672943 0.2519317 0.02953159 -0.9698364 0.2426161 0.02355849 -0.9713324 0.2373587 0.01320934 -0.9557105 0.06244426 -0.2876079 -0.969819 0.2430858 0.01898783 -0.9682848 0.2485201 0.0257377 -0.967316 0.2525895 0.02232444 -0.9713319 0.2376396 0.00647825 -0.969827 0.2433268 0.01509362 -0.9562751 0.06574684 -0.2849829 -0.9528035 0.05675894 -0.2982349 -0.9522876 0.05602979 -0.3000151 -0.9698156 0.2435445 0.01199197 -0.9604737 0.07955938 -0.2667598 -0.9740151 0.1468515 -0.1724218 -0.97132 0.2377713 -0.001474976 -0.9574704 0.07256186 -0.2792584 -0.9698101 0.2437068 0.008688867 -0.967302 0.2531772 0.01510983 -0.9682775 0.2492276 0.01801133 -0.9698151 0.2437768 0.00563097 -0.9752628 0.1675791 -0.1441522 -0.954739 0.06703639 -0.2897927 -0.9544191 0.0686801 -0.2904605 -0.9698078 0.2438652 0.001693248 -0.9727828 0.1485311 -0.1778542 -0.9682738 0.249656 0.01085287 -0.9673069 0.2534865 0.007881402 -0.9712457 0.2378513 -0.0104255 -0.9586464 0.08039045 -0.2730102 -0.96977 0.2440041 -0.002896606 -0.9682875 0.2498106 0.003724932 -0.9673279 0.253528 6.4732e-4 -0.9619609 0.09226888 -0.2571339 -0.9711901 0.237554 -0.01892 -0.9698806 0.2434821 -0.006936192 -0.9597691 0.08607965 -0.2672709 -0.969753 0.2438586 -0.01059812 -0.9696317 0.2441656 -0.01405763 -0.962552 0.1003113 -0.2518562 -0.9566256 0.07956218 -0.2802454 -0.9558354 0.07938045 -0.28298 -0.9598521 0.09130489 -0.2652311 -0.9682607 0.2499161 -0.003649115 -0.9673025 0.2535408 -0.006573081 -0.973223 0.1729988 -0.1513555 -0.973605 0.1775926 -0.1433668 -0.9737522 0.1790144 -0.1405724 -0.9738569 0.1825417 -0.1352088 -0.9602332 0.09499484 -0.2625419 -0.9696604 0.2437649 -0.01837569 -0.9630874 0.1054857 -0.2476598 -0.968242 0.2497938 -0.01051276 -0.9673539 0.2530506 -0.01385265 -0.9577001 0.08837217 -0.273863 -0.9569756 0.08977752 -0.275931 -0.9606758 0.09868019 -0.2595461 -0.9699318 0.2423143 -0.02272182 -0.9634799 0.1094318 -0.2443996 -0.960966 0.1017927 -0.2572602 -0.9703292 0.2403527 -0.02630615 -0.9639287 0.1138942 -0.2405613 -0.970188 0.2406703 -0.02851396 -0.9613116 0.1048751 -0.2547181 -0.9672966 0.2527763 -0.02101284 -0.968196 0.2494971 -0.01864969 -0.9586963 0.09615838 -0.267685 -0.957908 0.09772688 -0.2699292 -0.9614531 0.1072983 -0.25317 -0.9701464 0.2403784 -0.03216087 -0.9643906 0.119541 -0.2359254 -0.9618086 0.1098204 -0.2507263 -0.9699141 0.2408384 -0.03554439 -0.9681951 0.2489344 -0.02510213 -0.9672864 0.2521041 -0.02829456 -0.962061 0.1126226 -0.2485055 -0.9695814 0.2415465 -0.03958916 -0.9594339 0.1034705 -0.2622608 -0.9587103 0.1046962 -0.2644114 -0.9623188 0.1152064 -0.2463127 -0.9681346 0.2482029 -0.03332954 -0.9678028 0.2481164 -0.04237866 -0.967504 0.250297 -0.03588128 -0.9625622 0.1179584 -0.244049 -0.9649153 0.128205 -0.2291335 -0.9693637 0.2407037 -0.0489481 -0.9686892 0.2417337 -0.05662339 -0.967976 0.2460871 -0.04963445 -0.962806 0.120498 -0.2418364 -0.9601184 0.1106108 -0.2567837 -0.9593812 0.1111149 -0.2593091 -0.9630054 0.1247136 -0.2388874 -0.9607142 0.116735 -0.2517964 -0.9599774 0.117588 -0.254198 -0.961332 0.1232684 -0.2462636 -0.9606839 0.124007 -0.2484125 -0.9632208 0.1297347 -0.235318 -0.9628738 0.1409665 -0.2302227 -0.9638712 0.1385334 -0.2275102 -0.9619262 0.131336 -0.2396848 -0.9610937 0.129525 -0.2439715 -0.9618447 0.136227 -0.2372703 -0.9665175 -0.1856574 0.177131 -0.9680169 -0.1772774 0.1775273 -0.9816426 -0.1904346 0.01061505 -0.9823616 -0.1765124 0.06171762 -0.9849885 -0.1723301 0.01000368 -0.9846658 -0.1688686 -0.04378175 -0.9856107 -0.1639671 -0.04106467 -0.9571385 -0.07088798 0.2808217 -0.95649 -0.06735152 0.2838854 -0.9573633 -0.06323659 0.2818806 -0.9680066 -0.1328606 -0.2128648 -0.9656313 -0.1230591 -0.2289382 -0.9675127 -0.1167142 -0.2242702 -0.9615469 -0.0377562 0.2720333 -0.9611441 -0.03425723 0.2739135 -0.9620318 -0.03024899 0.2712564 -0.9994338 0.006676971 -0.03298109 -0.9987049 0.009541392 -0.04997724 -0.9992097 0.01256877 -0.037714 -0.9997725 0.02132803 -2.41748e-4 -0.9993736 0.0170933 -0.03098785 -0.9986634 0.01811921 -0.04840636 -0.9995446 0.02522224 -0.01657038 -0.9995559 0.02860218 -0.008366644 -0.9994908 0.03190875 -1.90117e-4 -0.9992277 0.03571367 -0.01638686 -0.9991177 0.04198843 9.09575e-4 -0.9988715 0.04711961 -0.005979776 -0.9978916 0.05728089 0.03051602 -0.9986636 0.05158615 0.003165602 -0.9977237 0.06334894 0.02311849 -0.997241 0.06695401 0.03205567 -0.9971105 0.07495975 0.01232051 -0.9979822 0.06275141 -0.009691834 -0.9977779 0.06662017 -0.001028656 -0.9967417 0.05271738 -0.06104946 -0.99733 0.07249999 -0.008759915 -0.9962629 0.08233761 0.02609211 -0.9961001 0.0582391 -0.06627815 -0.9564198 -0.008078753 -0.2918832 -0.955904 -0.004445552 -0.2936457 -0.9568056 -8.79102e-4 -0.2907273 -0.9801385 0.03409552 -0.195361 -0.992538 0.06837683 -0.100961 -0.9787756 0.03901714 -0.2011866 -0.9947636 0.08961105 -0.04914635 -0.9909431 0.06959813 -0.1148389 -0.99189 0.0744332 -0.1030246 -0.9908638 0.07791972 -0.1100798 -0.9939733 0.09531438 -0.05415123 -0.9651358 0.04823392 -0.2572675 -0.9647443 0.05241852 -0.2579161 -0.965639 0.05560231 -0.2538697 -0.969107 0.2127425 0.1247883 -0.9676311 0.2195261 0.1244924 -0.967811 0.214904 0.1309892 -0.9686645 0.2079712 0.1357832 -0.9624008 -0.1827106 0.2010014 -0.9987038 0.04388666 -0.02578073 -0.9980297 0.04726022 -0.04126983 -0.9981567 0.05080151 -0.03320354 -0.9982105 0.0542525 -0.02515077 -0.9975231 0.05752563 -0.04048061 -0.9963151 0.0857644 8.7108e-4 -0.995884 0.08741897 -0.0239371 -0.9951313 0.09386998 -0.03003793</float_array>
          <technique_common>
            <accessor source="#geometry_01f2a8c7_8215_473d_a8cd_91771ed3b446-mesh-normals-array" count="2713" stride="3">
              <param name="X" type="float"/>
              <param name="Y" type="float"/>
              <param name="Z" type="float"/>
            </accessor>
          </technique_common>
        </source>
        <vertices id="geometry_01f2a8c7_8215_473d_a8cd_91771ed3b446-mesh-vertices">
          <input semantic="POSITION" source="#geometry_01f2a8c7_8215_473d_a8cd_91771ed3b446-mesh-positions"/>
        </vertices>
        <triangles material="mat_0-material" count="4942">
          <input semantic="VERTEX" source="#geometry_01f2a8c7_8215_473d_a8cd_91771ed3b446-mesh-vertices" offset="0"/>
          <input semantic="NORMAL" source="#geometry_01f2a8c7_8215_473d_a8cd_91771ed3b446-mesh-normals" offset="1"/>
          <p>0 0 1 1 2 2 3 3 0 0 2 2 4 4 3 3 2 2 4 4 2 2 5 5 6 6 4 4 5 5 6 6 5 5 7 7 8 8 6 6 7 7 8 8 9 9 10 10 8 8 7 7 9 9 11 11 8 8 10 10 11 11 10 10 12 12 13 13 11 11 12 12 14 14 12 12 15 15 14 14 13 13 12 12 16 16 15 15 17 17 16 16 14 14 15 15 18 18 17 17 19 19 18 18 16 16 17 17 20 20 19 19 21 21 20 20 18 18 19 19 22 22 21 21 23 23 22 22 20 20 21 21 24 24 23 23 25 25 24 24 22 22 23 23 26 26 27 27 28 28 26 26 25 25 27 27 26 26 24 24 25 25 29 29 28 28 30 30 29 29 26 26 28 28 31 31 29 29 30 30 32 32 33 33 34 34 32 32 30 30 33 33 32 32 31 31 30 30 35 35 32 32 34 34 36 36 35 35 34 34 36 36 34 34 37 37 38 38 36 36 37 37 38 38 39 39 40 40 38 38 37 37 39 39 41 41 38 38 40 40 42 42 41 41 40 40 42 42 40 40 43 43 44 44 42 42 43 43 44 44 43 43 45 45 46 46 44 44 45 45 46 46 45 45 47 47 48 48 46 46 47 47 48 48 47 47 49 49 50 50 48 48 49 49 50 50 51 51 52 52 50 50 49 49 51 51 53 53 50 50 52 52 54 54 52 52 55 55 54 54 53 53 52 52 56 56 55 55 57 57 56 56 54 54 55 55 58 58 57 57 59 59 58 58 56 56 57 57 60 60 59 59 61 61 60 60 58 58 59 59 62 62 61 61 63 63 62 62 60 60 61 61 64 64 63 63 65 65 64 64 62 62 63 63 66 66 65 65 67 67 66 66 64 64 65 65 68 68 67 67 69 69 68 68 66 66 67 67 70 70 69 69 71 71 70 70 68 68 69 69 72 72 71 71 73 73 72 72 70 70 71 71 74 74 73 73 75 75 74 74 72 72 73 73 76 76 75 75 77 77 76 76 74 74 75 75 78 78 77 77 79 79 78 78 76 76 77 77 80 80 79 79 81 81 80 80 78 78 79 79 82 82 81 81 83 83 82 82 80 80 81 81 84 84 83 83 85 85 84 84 82 82 83 83 86 86 84 84 85 85 86 86 85 85 87 87 88 88 86 86 87 87 88 88 87 87 89 89 90 90 88 88 89 89 90 90 89 89 91 91 92 92 90 90 91 91 92 92 91 91 93 93 94 94 92 92 93 93 94 94 93 93 95 95 96 96 97 97 98 98 96 96 95 95 97 97 96 96 94 94 95 95 99 99 96 96 98 98 100 100 98 98 101 101 100 100 99 99 98 98 102 102 101 101 103 103 102 102 100 100 101 101 104 104 103 103 105 105 104 104 102 102 103 103 106 106 105 105 107 107 106 106 104 104 105 105 108 108 107 107 109 109 108 108 106 106 107 107 110 110 109 109 111 111 110 110 108 108 109 109 112 112 111 111 113 113 112 112 110 110 111 111 114 114 113 113 115 115 114 114 112 112 113 113 116 116 115 115 117 117 116 116 114 114 115 115 118 118 117 117 119 119 118 118 116 116 117 117 120 120 119 119 121 121 120 120 118 118 119 119 122 122 121 121 123 123 122 122 120 120 121 121 124 124 123 123 125 125 124 124 122 122 123 123 126 126 125 125 127 127 126 126 124 124 125 125 128 128 129 129 130 130 128 128 131 131 129 129 129 129 132 132 130 130 130 130 132 132 133 133 134 134 135 135 128 128 128 128 135 135 131 131 132 132 136 136 133 133 137 137 138 138 134 134 134 134 138 138 135 135 133 133 139 139 140 140 136 136 139 139 133 133 137 137 141 141 138 138 139 139 142 142 140 140 143 143 144 144 137 137 137 137 144 144 141 141 140 140 145 145 146 146 142 142 145 145 140 140 143 143 147 147 144 144 145 145 148 148 146 146 149 149 150 150 143 143 143 143 150 150 147 147 148 148 151 151 146 146 146 146 151 151 152 152 149 149 153 153 150 150 154 154 153 153 149 149 151 151 155 155 152 152 152 152 155 155 156 156 157 157 158 158 154 154 154 154 158 158 153 153 155 155 159 159 156 156 157 157 160 160 158 158 156 156 161 161 162 162 159 159 161 161 156 156 163 163 164 164 157 157 157 157 164 164 160 160 161 161 165 165 162 162 163 163 166 166 164 164 167 167 166 166 163 163 162 162 168 168 169 169 165 165 168 168 162 162 167 167 170 170 166 166 168 168 171 171 169 169 167 167 172 172 170 170 173 173 172 172 167 167 171 171 174 174 169 169 169 169 174 174 175 175 173 173 176 176 172 172 177 177 176 176 173 173 174 174 178 178 175 175 175 175 178 178 179 179 177 177 126 126 176 176 180 180 126 126 177 177 178 178 181 181 179 179 180 180 124 124 126 126 182 182 124 124 180 180 179 179 183 183 184 184 181 181 183 183 179 179 182 182 122 122 124 124 185 185 122 122 182 182 183 183 186 186 184 184 185 185 120 120 122 122 184 184 187 187 188 188 186 186 187 187 184 184 185 185 118 118 120 120 189 189 118 118 185 185 187 187 190 190 188 188 189 189 116 116 118 118 191 191 116 116 189 189 190 190 192 192 188 188 188 188 192 192 193 193 191 191 114 114 116 116 194 194 114 114 191 191 193 193 195 195 196 196 192 192 195 195 193 193 194 194 112 112 114 114 197 197 112 112 194 194 195 195 198 198 196 196 199 199 110 110 197 197 197 197 110 110 112 112 196 196 200 200 201 201 198 198 200 200 196 196 202 202 108 108 199 199 199 199 108 108 110 110 201 201 203 203 204 204 200 200 203 203 201 201 205 205 106 106 202 202 202 202 106 106 108 108 203 203 206 206 204 204 207 204 104 104 205 205 208 207 104 104 207 204 205 205 104 104 106 106 204 204 209 208 210 209 206 206 209 208 204 204 211 210 102 102 208 207 208 207 102 102 104 104 209 208 212 211 210 209 213 212 100 100 211 210 211 210 100 100 102 102 210 209 214 213 215 204 212 211 214 213 210 209 216 214 99 99 213 212 213 212 99 99 100 100 215 204 217 215 218 204 214 213 217 215 215 204 219 216 96 96 216 214 216 214 96 96 99 99 217 215 220 217 218 204 221 218 94 94 219 216 219 216 94 94 96 96 218 204 222 219 223 204 220 217 222 219 218 204 221 218 92 92 94 94 222 219 224 220 223 204 223 204 224 220 225 221 221 218 90 90 92 92 224 220 226 222 225 221 227 223 88 88 221 218 221 218 88 88 90 90 225 221 228 224 229 225 226 222 228 224 225 221 227 223 86 86 88 88 228 224 230 226 229 225 231 227 84 84 227 223 227 223 84 84 86 86 230 226 232 228 229 225 230 226 233 229 232 228 231 227 82 82 84 84 234 230 80 80 231 227 231 227 80 80 82 82 234 230 78 78 80 80 235 231 236 232 237 233 237 233 236 232 233 229 233 229 236 232 232 228 238 234 76 76 234 230 234 230 76 76 78 78 238 234 74 74 76 76 239 235 240 236 235 231 235 231 240 236 236 232 238 234 241 237 74 74 74 74 241 237 72 72 72 72 241 237 70 70 242 238 243 239 239 235 239 235 243 239 240 236 241 237 244 240 70 70 70 70 244 240 68 68 245 241 246 242 242 238 242 238 246 242 243 239 245 241 247 243 246 242 248 244 247 243 245 241 244 240 249 245 68 68 68 68 249 245 66 66 66 66 249 245 64 64 250 246 251 247 248 244 248 244 251 247 247 243 252 248 253 249 254 250 254 250 253 249 250 246 250 246 253 249 251 247 249 245 255 251 64 64 64 64 255 251 62 62 0 0 256 252 252 248 252 248 256 252 253 249 255 251 257 204 62 62 62 62 257 204 60 60 3 3 258 253 0 0 0 0 258 253 256 252 4 4 259 254 3 3 3 3 259 254 258 253 257 204 260 255 60 60 60 60 260 255 58 58 4 4 261 256 259 254 260 255 262 204 58 58 6 6 263 257 4 4 4 4 263 257 261 256 8 8 264 258 6 6 6 6 264 258 263 257 8 8 265 259 264 258 11 11 265 259 8 8 13 13 266 260 11 11 11 11 266 260 265 259 14 14 267 261 13 13 13 13 267 261 266 260 16 16 268 262 14 14 14 14 268 262 267 261 16 16 269 263 268 262 16 16 270 264 269 263 18 18 270 264 16 16 18 18 271 265 270 264 20 20 271 265 18 18 20 20 272 266 271 265 22 22 272 266 20 20 26 26 273 267 24 24 24 24 273 267 22 22 22 22 273 267 272 266 31 31 274 268 29 29 29 29 274 268 26 26 26 26 274 268 273 267 31 31 275 269 274 268 36 36 275 269 35 35 35 35 275 269 32 32 32 32 275 269 31 31 38 38 276 270 36 36 36 36 276 270 275 269 42 42 277 271 41 41 41 41 277 271 38 38 38 38 277 271 276 270 46 46 278 272 44 44 44 44 278 272 42 42 42 42 278 272 277 271 50 50 279 273 48 48 48 48 279 273 46 46 46 46 279 273 278 272 53 53 280 274 50 50 50 50 280 274 279 273 54 54 281 275 53 53 53 53 281 275 280 274 56 56 282 276 54 54 54 54 282 276 281 275 58 58 283 277 56 56 284 278 283 277 262 204 56 56 283 277 282 276 262 204 283 277 58 58 285 279 286 280 284 278 284 278 286 280 283 277 287 281 288 282 285 279 285 279 288 282 286 280 289 283 290 284 287 281 287 281 290 284 288 282 291 285 292 286 289 283 289 283 292 286 290 284 293 287 294 288 291 285 291 285 294 288 292 286 295 289 296 290 293 287 293 287 296 290 294 288 297 291 298 292 295 289 295 289 298 292 296 290 299 293 300 294 297 291 297 291 300 294 298 292 301 295 302 296 299 293 299 293 302 296 300 294 303 204 304 297 301 295 305 298 304 297 303 204 301 295 304 297 302 296 306 299 307 300 308 204 309 301 307 300 306 299 307 300 310 302 308 204 308 204 310 302 311 303 305 298 312 304 304 297 313 305 312 304 305 298 310 302 314 306 311 303 311 303 314 306 315 204 314 306 316 307 315 204 315 204 316 307 317 308 313 305 318 309 312 304 319 310 318 309 313 305 316 307 320 311 317 308 317 308 320 311 321 312 320 311 322 313 321 312 321 312 322 313 323 314 319 310 324 315 318 309 325 316 324 315 319 310 322 313 326 317 323 314 323 314 326 317 327 318 326 317 328 319 327 318 327 318 328 319 329 320 325 316 330 321 324 315 331 322 330 321 325 316 328 319 332 323 329 320 329 320 332 323 333 324 332 323 334 204 333 324 331 322 335 325 330 321 336 326 335 325 331 322 334 204 337 204 333 324 333 324 337 204 338 327 336 326 339 328 335 325 340 329 339 328 336 326 337 204 341 330 338 327 338 327 341 330 342 331 340 329 343 332 339 328 342 331 344 333 345 334 341 330 344 333 342 331 340 329 346 335 343 332 347 336 346 335 340 329 344 333 348 204 345 334 349 337 350 338 347 336 347 336 350 338 346 335 345 334 351 339 352 340 348 204 351 339 345 334 349 337 353 341 350 338 352 340 354 342 355 343 351 339 354 342 352 340 354 342 356 344 355 343 355 343 356 344 349 337 349 337 356 344 353 341 126 126 127 127 357 345 176 176 126 126 357 345 172 172 176 176 357 345 172 172 357 345 358 346 170 170 172 172 358 346 170 170 358 346 359 347 166 166 170 170 359 347 166 166 359 347 360 348 164 164 166 166 360 348 164 164 361 349 362 350 164 164 360 348 361 349 160 160 164 164 362 350 158 158 362 350 363 351 158 158 160 160 362 350 153 153 363 351 364 352 153 153 158 158 363 351 150 150 365 353 366 354 150 150 364 352 365 353 150 150 153 153 364 352 147 147 366 354 367 355 147 147 150 150 366 354 144 144 147 147 367 355 141 141 367 355 368 356 141 141 144 144 367 355 138 138 368 356 369 357 138 138 141 141 368 356 135 135 370 358 371 359 135 135 369 357 370 358 135 135 138 138 369 357 131 131 371 359 372 360 131 131 135 135 371 359 129 129 131 131 372 360 132 132 129 129 372 360 132 132 372 360 373 361 136 136 132 132 373 361 136 136 373 361 374 362 139 139 136 136 374 362 139 139 374 362 375 363 142 142 139 139 375 363 142 142 375 363 376 364 145 145 142 142 376 364 145 145 376 364 377 365 148 148 145 145 377 365 148 148 377 365 378 366 151 151 148 148 378 366 151 151 379 367 380 368 151 151 378 366 379 367 155 155 151 151 380 368 159 159 155 155 380 368 159 159 381 369 382 370 159 159 380 368 381 369 161 161 159 159 382 370 165 165 382 370 383 371 165 165 161 161 382 370 168 168 383 371 384 372 168 168 165 165 383 371 171 171 168 168 384 372 171 171 385 373 386 374 171 171 384 372 385 373 174 174 171 171 386 374 178 178 386 374 387 375 178 178 174 174 386 374 181 181 387 375 388 376 181 181 178 178 387 375 183 183 388 376 389 377 183 183 181 181 388 376 186 186 390 378 391 379 186 186 389 377 390 378 186 186 183 183 389 377 187 187 186 186 391 379 190 190 391 379 392 380 190 190 187 187 391 379 192 192 393 381 394 382 192 192 392 380 393 381 192 192 190 190 392 380 195 195 192 192 394 382 198 198 394 382 395 383 198 198 195 195 394 382 200 200 396 384 397 385 200 200 395 383 396 384 200 200 198 198 395 383 203 203 200 200 397 385 206 206 203 203 397 385 206 206 397 385 398 386 209 208 206 206 398 386 209 208 399 387 400 388 209 208 398 386 399 387 212 211 209 208 400 388 214 213 212 211 400 388 214 213 400 388 401 389 217 215 214 213 401 389 217 215 401 389 402 390 220 217 402 390 403 391 220 217 217 215 402 390 222 219 220 217 403 391 222 219 403 391 404 392 224 220 404 392 405 393 224 220 222 219 404 392 226 222 405 393 406 394 226 222 224 220 405 393 228 224 406 394 407 395 228 224 226 222 406 394 230 226 407 395 408 396 230 226 228 224 407 395 233 229 408 396 409 397 233 229 230 226 408 396 237 233 409 397 410 398 237 233 233 229 409 397 235 231 410 398 411 399 235 231 237 233 410 398 239 235 411 399 412 400 239 235 235 231 411 399 242 238 412 400 413 401 242 238 239 235 412 400 245 241 413 401 414 402 245 241 242 238 413 401 248 244 415 403 416 404 248 244 414 402 415 403 248 244 245 241 414 402 250 246 248 244 416 404 254 250 416 404 417 405 254 250 250 246 416 404 252 248 417 405 418 406 252 248 254 250 417 405 0 0 418 406 1 1 0 0 252 248 418 406 371 359 373 361 372 360 373 361 375 363 374 362 369 357 366 354 370 358 368 356 366 354 369 357 367 355 366 354 368 356 377 365 379 367 378 366 376 364 379 367 377 365 375 363 379 367 376 364 370 358 363 351 371 359 365 353 363 351 366 354 364 352 363 351 365 353 371 359 363 351 373 361 373 361 363 351 375 363 366 354 363 351 370 358 379 367 381 369 380 368 363 351 362 350 375 363 381 369 383 371 382 370 379 367 383 371 381 369 361 349 360 348 362 350 362 350 384 372 375 363 360 348 384 372 362 350 375 363 384 372 379 367 379 367 384 372 383 371 359 347 358 346 360 348 360 348 358 346 384 372 384 372 386 374 385 373 127 127 125 125 357 345 384 372 389 377 386 374 387 375 389 377 388 376 386 374 389 377 387 375 123 123 121 121 125 125 121 121 117 117 125 125 119 119 117 117 121 121 357 345 117 117 358 346 125 125 117 117 357 345 391 379 393 381 392 380 390 378 393 381 391 379 389 377 393 381 390 378 389 377 394 382 393 381 389 377 395 383 394 382 384 372 395 383 389 377 115 115 111 111 117 117 113 113 111 111 115 115 395 383 397 385 396 384 395 383 398 386 397 385 109 109 105 105 111 111 107 107 105 105 109 109 395 383 399 387 398 386 105 105 103 103 111 111 384 372 400 388 395 383 395 383 400 388 399 387 400 388 402 390 401 389 101 101 97 97 103 103 98 98 97 97 101 101 103 103 97 97 111 111 400 388 403 391 402 390 95 95 93 93 97 97 404 392 406 394 405 393 403 391 406 394 404 392 91 91 89 89 93 93 97 97 89 89 111 111 93 93 89 89 97 97 403 391 407 395 406 394 384 372 409 397 400 388 400 388 409 397 403 391 403 391 409 397 407 395 407 395 409 397 408 396 358 346 409 397 384 372 87 87 83 83 89 89 85 85 83 83 87 87 409 397 411 399 410 398 81 81 79 79 83 83 83 83 79 79 89 89 411 399 413 401 412 400 409 397 413 401 411 399 413 401 415 403 414 402 77 77 71 71 79 79 75 75 71 71 77 77 73 73 71 71 75 75 79 79 71 71 89 89 413 401 416 404 415 403 409 397 416 404 413 401 69 69 65 65 71 71 67 67 65 65 69 69 71 71 65 65 89 89 417 405 1 1 418 406 416 404 1 1 417 405 63 63 61 61 65 65 409 397 5 5 416 404 1 1 5 5 2 2 416 404 5 5 1 1 61 61 57 57 65 65 59 59 57 57 61 61 5 5 9 9 7 7 65 65 55 55 89 89 57 57 55 55 65 65 5 5 10 10 9 9 5 5 12 12 10 10 52 52 49 49 55 55 51 51 49 49 52 52 5 5 17 17 12 12 12 12 17 17 15 15 47 47 45 45 49 49 49 49 43 43 55 55 45 45 43 43 49 49 117 117 23 23 358 346 111 111 23 23 117 117 409 397 23 23 5 5 5 5 23 23 17 17 19 19 23 23 21 21 17 17 23 23 19 19 358 346 23 23 409 397 40 40 39 39 43 43 23 23 27 27 25 25 39 39 37 37 43 43 55 55 33 33 89 89 34 34 33 33 37 37 28 28 33 33 30 30 27 27 33 33 28 28 111 111 33 33 23 23 43 43 33 33 55 55 89 89 33 33 111 111 37 37 33 33 43 43 23 23 33 33 27 27 419 407 420 408 421 409 422 410 423 411 424 412 425 413 426 414 419 407 425 413 427 415 426 414 425 413 419 407 421 409 425 413 421 409 423 411 428 416 425 413 423 411 428 416 423 411 422 410 428 416 429 417 430 418 428 416 422 410 429 417 431 419 432 420 433 421 434 422 432 420 431 419 434 422 435 423 432 420 434 422 428 416 430 418 434 422 430 418 435 423 436 424 437 425 438 426 436 424 439 427 437 425 440 428 428 416 434 422 440 428 438 426 428 416 441 429 436 424 438 426 441 429 442 430 436 424 441 429 438 426 440 428 441 429 440 428 443 431 444 432 445 433 441 429 444 432 441 429 443 431 446 434 447 435 448 436 446 434 443 431 447 435 449 437 443 431 446 434 450 438 451 408 444 432 452 408 453 408 450 438 454 439 455 440 456 441 454 439 449 437 455 440 457 442 452 408 450 438 457 442 458 408 452 408 459 443 454 439 460 444 461 445 454 439 459 443 462 446 454 439 461 445 462 446 461 445 463 408 464 447 449 437 454 439 464 447 444 432 443 431 464 447 443 431 449 437 464 447 454 439 462 446 465 448 464 447 466 449 467 450 444 432 464 447 467 450 464 447 465 448 468 451 469 452 470 453 468 451 471 454 469 452 468 451 467 450 471 454 472 455 467 450 468 451 473 456 467 450 472 455 473 456 472 455 474 449 475 457 476 458 477 408 475 457 473 456 476 458 478 459 473 456 475 457 478 459 475 457 479 408 480 408 473 456 478 459 481 408 473 456 480 408 481 408 467 450 473 456 482 408 483 460 484 408 485 461 483 460 482 408 486 462 483 460 485 461 487 463 467 450 481 408 487 463 450 438 444 432 487 463 483 460 486 462 487 463 457 442 450 438 487 463 481 408 483 460 487 463 444 432 467 450 488 464 457 442 487 463 489 465 490 466 457 442 489 465 457 442 488 464 491 467 492 468 490 466 491 467 490 466 489 465 493 469 494 470 492 468 493 469 492 468 491 467 495 471 496 472 494 470 495 471 494 470 493 469 497 473 498 474 496 472 497 473 496 472 495 471 499 475 500 476 498 474 499 475 498 474 497 473 501 477 502 478 500 476 501 477 500 476 499 475 503 479 504 480 502 478 503 479 502 478 501 477 505 481 506 482 504 480 505 481 504 480 503 479 507 483 508 484 506 482 507 483 506 482 505 481 509 485 510 486 508 484 509 485 511 487 510 486 509 485 508 484 507 483 512 488 513 489 511 487 512 488 511 487 509 485 514 490 515 491 513 489 514 490 513 489 512 488 516 492 517 493 515 491 516 492 515 491 514 490 518 494 519 495 517 493 518 494 517 493 516 492 520 496 521 497 519 495 520 496 519 495 518 494 522 498 521 497 520 496 522 498 523 499 521 497 524 500 525 501 523 499 524 500 523 499 522 498 526 502 525 501 524 500 526 502 527 503 525 501 528 504 529 505 527 503 528 504 527 503 526 502 530 506 529 505 528 504 530 506 531 507 529 505 532 508 533 509 531 507 532 508 534 510 533 509 532 508 531 507 530 506 535 511 536 512 537 513 535 511 538 408 536 512 539 514 535 511 537 513 539 514 537 513 540 515 541 516 542 517 534 510 541 516 534 510 532 508 543 518 540 515 544 519 543 518 539 514 540 515 545 520 544 519 546 521 545 520 543 518 544 519 547 522 548 523 542 517 547 522 542 517 541 516 549 524 546 521 550 525 549 524 545 520 546 521 551 526 549 524 550 525 551 526 550 525 552 527 553 528 554 529 548 523 553 528 548 523 547 522 555 530 552 527 556 531 555 530 551 526 552 527 557 532 555 530 556 531 557 532 556 531 558 533 559 534 560 535 554 529 559 534 554 529 553 528 561 536 558 533 562 537 561 536 557 532 558 533 563 408 561 536 562 537 564 538 565 539 560 535 564 538 560 535 559 534 566 540 563 408 562 537 566 540 562 537 567 541 568 542 569 543 565 539 568 542 565 539 564 538 570 544 567 541 571 545 570 544 566 540 567 541 572 546 569 543 568 542 573 547 571 545 574 548 573 547 570 544 571 545 575 549 569 543 572 546 575 549 576 550 569 543 577 551 573 547 574 548 578 552 576 550 575 549 578 552 579 553 576 550 580 554 577 551 574 548 580 554 574 548 581 555 582 408 579 553 578 552 583 556 581 555 584 557 583 556 580 554 581 555 585 558 584 557 579 553 585 558 579 553 582 408 585 558 583 556 584 557 586 559 587 560 588 561 588 561 587 560 589 562 590 563 591 564 586 559 586 559 591 564 587 560 592 565 590 563 593 566 591 564 590 563 592 565 589 562 593 566 588 561 592 565 593 566 589 562 590 563 586 559 593 566 593 566 586 559 588 561 587 560 591 564 592 565 587 560 592 565 589 562 594 565 595 563 596 566 597 564 595 563 594 565 598 562 596 566 599 561 594 565 596 566 598 562 600 559 601 560 599 561 599 561 601 560 598 562 595 563 597 564 600 559 600 559 597 564 601 560 596 566 600 559 599 561 595 563 600 559 596 566 601 560 597 564 594 565 601 560 594 565 598 562 602 567 603 568 604 569 605 570 603 568 602 567 604 569 603 568 606 571 605 570 607 572 603 568 603 568 608 573 606 571 607 572 609 574 603 568 608 573 610 575 606 571 606 571 610 575 611 576 608 573 612 577 610 575 603 568 612 577 608 573 609 574 612 577 603 568 613 578 614 579 607 572 607 572 614 579 609 574 610 575 615 580 611 576 616 581 615 580 617 582 611 576 615 580 616 581 612 577 618 583 610 575 614 579 619 584 609 574 609 574 619 584 612 577 615 580 620 585 617 582 621 586 622 587 613 578 614 579 622 587 619 584 613 578 622 587 614 579 618 583 623 588 610 575 610 575 623 588 615 580 615 580 623 588 620 585 612 577 624 589 618 583 618 583 624 589 623 588 619 584 624 589 612 577 625 590 626 591 627 592 620 585 626 591 617 582 617 582 626 591 625 590 622 587 628 593 619 584 623 588 629 594 620 585 621 586 630 595 622 587 631 596 630 595 621 586 622 587 630 595 628 593 624 589 632 597 623 588 626 591 633 598 627 592 619 584 634 599 624 589 628 593 634 599 619 584 626 591 635 600 633 598 629 594 635 600 620 585 620 585 635 600 626 591 630 595 636 601 628 593 629 594 637 602 635 600 623 588 637 602 629 594 632 597 637 602 623 588 633 598 638 603 627 592 627 592 638 603 639 604 640 605 641 606 631 596 630 595 641 606 636 601 631 596 641 606 630 595 632 597 642 607 637 602 624 589 642 607 632 597 634 599 642 607 624 589 635 600 643 608 633 598 640 605 644 609 641 606 636 601 645 610 628 593 628 593 645 610 634 599 637 602 646 611 635 600 639 604 647 612 648 613 638 603 647 612 639 604 641 606 649 614 636 601 642 607 650 615 637 602 638 603 651 616 647 612 643 608 651 616 633 598 633 598 651 616 638 603 644 609 652 617 641 606 645 610 653 618 634 599 634 599 653 618 642 607 642 607 653 618 650 615 646 611 654 619 635 600 635 600 654 619 643 608 648 613 655 620 656 621 656 621 655 620 657 622 647 612 655 620 648 613 636 601 658 623 645 610 649 614 658 623 636 601 646 611 659 624 654 619 637 602 659 624 646 611 650 615 659 624 637 602 651 616 660 625 647 612 652 617 661 626 641 606 641 606 661 626 649 614 653 618 662 627 650 615 654 619 663 628 643 608 643 608 663 628 651 616 655 620 664 629 657 622 644 609 665 630 652 617 652 617 665 630 661 626 666 631 665 630 644 609 645 610 667 632 653 618 658 623 667 632 645 610 659 624 668 633 654 619 647 612 669 634 655 620 660 625 669 634 647 612 655 620 669 634 664 629 661 626 670 635 649 614 658 623 670 635 667 632 649 614 670 635 658 623 650 615 671 636 659 624 659 624 671 636 668 633 662 627 671 636 650 615 651 616 672 637 660 625 663 628 672 637 651 616 657 622 673 638 674 639 664 629 673 638 657 622 665 630 675 640 661 626 653 618 676 641 662 627 667 632 676 641 653 618 654 619 677 642 663 628 668 633 677 642 654 619 669 634 678 643 664 629 670 635 679 644 667 632 671 636 680 645 668 633 668 633 680 645 677 642 660 625 681 646 669 634 672 637 681 646 660 625 673 638 682 647 674 639 674 639 682 647 683 648 675 640 684 649 661 626 661 626 684 649 670 635 662 627 685 650 671 636 671 636 685 650 680 645 676 641 685 650 662 627 663 628 686 651 672 637 677 642 686 651 663 628 672 637 686 651 681 646 678 643 687 652 664 629 673 638 687 652 682 647 664 629 687 652 673 638 667 632 688 653 676 641 676 641 688 653 685 650 679 644 688 653 667 632 680 645 689 654 677 642 669 634 690 655 678 643 681 646 690 655 669 634 682 647 691 656 683 648 683 648 691 656 692 657 679 644 693 658 688 653 670 635 693 658 679 644 684 649 693 658 670 635 685 650 694 659 680 645 681 646 695 660 690 655 686 651 695 660 681 646 687 652 696 661 682 647 682 647 696 661 691 656 688 653 697 662 685 650 677 642 698 663 686 651 689 654 698 663 677 642 690 655 699 664 678 643 678 643 699 664 687 652 692 657 700 665 701 666 691 656 700 665 692 657 693 658 702 667 688 653 694 659 703 668 680 645 680 645 703 668 689 654 695 660 704 669 690 655 696 661 705 670 691 656 697 662 706 671 685 650 685 650 706 671 694 659 694 659 706 671 703 668 695 660 707 672 704 669 686 651 707 672 695 660 698 663 707 672 686 651 687 652 708 673 696 661 699 664 708 673 687 652 700 665 709 674 701 666 701 666 709 674 710 675 702 667 711 676 688 653 688 653 711 676 697 662 703 668 712 677 689 654 689 654 712 677 698 663 704 669 713 678 690 655 690 655 713 678 699 664 705 670 714 679 691 656 691 656 714 679 700 665 700 665 714 679 709 674 706 671 715 680 703 668 704 669 716 681 713 678 707 672 716 681 704 669 696 661 717 682 705 670 708 673 717 682 696 661 705 670 717 682 714 679 697 662 718 683 706 671 711 676 718 683 697 662 712 677 719 684 698 663 707 672 719 684 716 681 698 663 719 684 707 672 713 678 720 685 699 664 699 664 720 685 708 673 714 679 721 686 709 674 715 680 722 687 703 668 703 668 722 687 712 677 716 681 723 688 713 678 717 682 724 689 714 679 706 671 725 690 715 680 718 683 725 690 706 671 719 684 726 691 716 681 708 673 727 692 717 682 717 682 727 692 724 689 720 685 727 692 708 673 722 687 728 693 712 677 712 677 728 693 719 684 723 688 729 694 713 678 720 685 729 694 727 692 713 678 729 694 720 685 714 679 730 695 721 686 724 689 730 695 714 679 725 690 731 696 715 680 715 680 731 696 722 687 716 681 732 697 723 688 726 691 732 697 716 681 727 692 733 698 724 689 726 691 734 699 732 697 728 693 734 699 719 684 719 684 734 699 726 691 727 692 735 700 733 698 729 694 735 700 727 692 722 687 736 701 728 693 728 693 736 701 734 699 731 696 736 701 722 687 723 688 737 702 729 694 732 697 737 702 723 688 729 694 737 702 735 700 724 689 738 703 730 695 733 698 738 703 724 689 732 697 739 704 737 702 734 699 739 704 732 697 735 700 740 705 733 698 736 701 741 706 734 699 737 702 742 707 735 700 739 704 743 708 737 702 740 705 744 709 733 698 733 698 744 709 738 703 741 706 745 710 734 699 734 699 745 710 739 704 735 700 746 711 740 705 742 707 746 711 735 700 742 707 747 712 746 711 737 702 747 712 742 707 743 708 747 712 737 702 745 710 748 713 739 704 739 704 748 713 743 708 746 711 749 714 740 705 740 705 749 714 744 709 747 712 750 715 746 711 743 708 751 716 747 712 748 713 751 716 743 708 747 712 751 716 750 715 750 715 752 717 746 711 746 711 752 717 749 714 751 716 753 718 750 715 753 718 754 719 750 715 750 715 754 719 752 717 755 720 756 721 757 722 756 721 758 723 757 722 755 720 759 724 756 721 760 725 761 726 755 720 755 720 761 726 759 724 762 727 763 728 760 725 760 725 763 728 761 726 756 721 764 729 758 723 759 724 764 729 756 721 759 724 765 730 764 729 766 731 767 732 762 727 762 727 767 732 763 728 761 726 768 733 759 724 759 724 768 733 765 730 764 729 769 734 758 723 758 723 769 734 770 735 764 729 771 736 769 734 761 726 772 737 768 733 763 728 772 737 761 726 767 732 773 738 763 728 763 728 773 738 772 737 770 735 774 739 775 740 769 734 774 739 770 735 769 734 776 741 774 739 771 736 776 741 769 734 767 732 777 742 773 738 778 743 779 744 766 731 766 731 779 744 767 732 767 732 779 744 777 742 775 740 780 745 781 746 781 746 780 745 782 747 774 739 783 748 775 740 775 740 783 748 780 745 774 739 784 749 783 748 776 741 784 749 774 739 765 730 785 750 764 729 768 733 785 750 765 730 764 729 785 750 771 736 782 747 786 751 787 752 787 752 786 751 788 753 780 745 789 754 782 747 782 747 789 754 786 751 780 745 790 755 789 754 783 748 790 755 780 745 779 744 791 756 777 742 785 750 792 757 771 736 604 569 792 757 602 567 602 567 792 757 785 750 771 736 792 757 776 741 793 758 794 759 778 743 778 743 794 759 779 744 779 744 795 760 791 756 794 759 795 760 779 744 789 754 796 761 786 751 786 751 797 762 788 753 796 761 797 762 786 751 602 567 798 763 605 570 791 756 798 763 777 742 788 753 799 764 800 765 797 762 799 764 788 753 800 765 799 764 801 766 793 758 802 767 794 759 776 741 803 768 784 749 792 757 803 768 776 741 797 762 804 769 799 764 804 769 805 770 799 764 799 764 805 770 801 766 805 770 806 771 801 766 801 766 807 772 808 773 806 771 807 772 801 766 794 759 809 774 795 760 810 775 811 776 812 777 808 773 811 776 813 778 807 772 811 776 808 773 813 778 811 776 810 775 783 748 814 779 790 755 784 749 814 779 783 748 803 768 814 779 784 749 802 767 815 780 794 759 794 759 815 780 809 774 791 756 816 781 798 763 795 760 816 781 791 756 798 763 816 781 605 570 809 774 816 781 795 760 817 782 818 783 811 776 811 776 818 783 812 777 802 767 819 784 815 780 820 785 819 784 802 767 818 783 821 786 812 777 812 777 822 787 823 788 821 786 822 787 812 777 823 788 824 789 825 790 822 787 824 789 823 788 790 755 826 791 789 754 789 754 826 791 796 761 814 779 826 791 790 755 824 789 827 792 825 790 825 790 827 792 828 793 827 792 829 794 828 793 828 793 829 794 830 795 830 795 829 794 831 796 831 796 829 794 832 797 820 785 833 798 819 784 796 761 834 799 797 762 826 791 834 799 796 761 797 762 834 799 804 769 829 794 835 800 832 797 836 801 837 802 820 785 820 785 837 802 833 798 835 800 838 803 832 797 838 803 839 804 832 797 832 797 839 804 840 805 833 798 841 806 819 784 819 784 841 806 815 780 840 805 842 807 843 808 839 804 842 807 840 805 842 807 844 809 843 808 843 808 844 809 845 810 845 810 844 809 846 811 844 809 847 812 846 811 846 811 847 812 848 813 848 813 849 814 850 815 847 812 849 814 848 813 836 801 851 816 837 802 850 815 852 817 853 818 849 814 852 817 850 815 853 818 854 819 855 820 852 817 854 819 853 818 836 801 856 821 851 816 857 822 856 821 836 801 855 820 858 823 859 824 854 819 858 823 855 820 851 816 860 825 837 802 833 798 860 825 841 806 837 802 860 825 833 798 859 824 861 826 862 827 858 823 861 826 859 824 861 826 863 828 862 827 857 822 864 829 856 821 863 828 865 830 862 827 862 827 865 830 866 831 866 831 865 830 867 832 868 833 869 834 870 835 865 830 869 834 867 832 867 832 869 834 868 833 857 822 871 836 864 829 872 837 871 836 857 822 869 834 873 838 870 835 870 835 873 838 874 839 871 836 875 840 864 829 864 829 875 840 856 821 856 821 875 840 851 816 851 816 875 840 860 825 874 839 876 841 877 842 873 838 876 841 874 839 872 837 878 843 871 836 877 842 879 844 880 845 876 841 879 844 877 842 880 845 881 846 882 847 879 844 881 846 880 845 882 847 883 848 884 849 881 846 883 848 882 847 885 850 886 851 872 837 872 837 886 851 878 843 883 848 887 852 884 849 887 852 888 853 884 849 889 854 890 855 885 850 885 850 890 855 886 851 878 843 891 856 871 836 886 851 891 856 878 843 892 857 893 858 888 853 884 849 893 858 894 859 894 859 893 858 895 860 888 853 893 858 884 849 895 860 893 858 896 861 896 861 893 858 897 862 893 858 898 863 897 862 889 854 899 864 890 855 897 862 900 865 901 866 898 863 900 865 897 862 900 865 902 867 901 866 903 868 904 869 889 854 889 854 904 869 899 864 902 867 905 870 901 866 890 855 906 871 886 851 886 851 906 871 891 856 899 864 906 871 890 855 903 868 907 872 904 869 908 873 909 874 905 870 901 866 909 874 910 875 905 870 909 874 901 866 910 875 909 874 911 876 909 874 912 877 911 876 903 868 913 878 907 872 914 879 913 878 903 868 909 874 915 880 912 877 913 878 916 881 907 872 904 869 916 881 899 864 899 864 916 881 906 871 907 872 916 881 904 869 915 880 917 882 912 877 914 879 918 883 913 878 919 884 920 885 917 882 912 877 920 885 921 886 917 882 920 885 912 877 921 886 920 885 922 887 914 879 923 888 918 883 924 889 923 888 914 879 919 884 925 890 920 885 925 890 926 891 920 885 920 885 926 891 922 887 913 878 927 892 916 881 918 883 927 892 913 878 919 884 928 893 925 890 928 893 929 894 925 890 925 890 929 894 926 891 924 889 930 895 923 888 931 896 930 895 924 889 928 893 932 897 929 894 929 894 933 898 926 891 926 891 933 898 934 899 932 897 933 898 929 894 931 896 935 900 930 895 933 898 936 901 934 899 928 893 937 902 932 897 933 898 938 903 936 901 932 897 938 903 933 898 937 902 938 903 932 897 939 904 940 905 931 896 931 896 940 905 935 900 935 900 941 906 930 895 937 902 942 907 938 903 938 903 943 908 936 901 936 901 943 908 944 909 942 907 943 908 938 903 937 902 945 910 942 907 939 904 946 911 940 905 942 907 947 912 943 908 945 910 947 912 942 907 948 913 949 914 939 904 939 904 949 914 946 911 935 900 950 915 941 906 946 911 950 915 940 905 940 905 950 915 935 900 944 909 951 916 952 917 943 908 951 916 944 909 947 912 951 916 943 908 710 675 953 918 701 666 945 910 953 918 947 912 948 913 954 919 949 914 665 630 955 920 675 640 956 921 955 920 957 922 947 912 958 923 951 916 953 918 958 923 947 912 959 924 960 925 961 926 952 917 960 925 959 924 951 916 962 927 952 917 952 917 962 927 960 925 958 923 962 927 951 916 953 918 963 928 958 923 958 923 963 928 962 927 710 675 963 928 953 918 964 929 965 930 948 913 948 913 965 930 954 919 955 920 966 931 675 640 956 921 966 931 955 920 675 640 966 931 684 649 967 932 966 931 956 921 963 928 968 933 962 927 960 925 969 934 961 926 968 933 969 934 962 927 962 927 969 934 960 925 970 935 971 936 964 929 964 929 971 936 965 930 965 930 972 937 954 919 973 938 974 939 975 940 957 922 974 939 956 921 963 928 976 941 968 933 968 933 976 941 969 934 977 942 978 943 967 932 967 932 978 943 966 931 966 931 978 943 684 649 684 649 978 943 693 658 969 934 979 944 961 926 976 941 979 944 969 934 961 926 979 944 980 945 970 935 981 946 971 936 976 941 982 947 979 944 983 948 984 949 985 950 986 951 984 949 975 940 974 939 987 952 956 921 973 938 987 952 974 939 988 953 987 952 973 938 956 921 987 952 967 932 693 658 989 954 702 667 977 942 989 954 978 943 978 943 989 954 693 658 990 955 989 954 977 942 970 935 991 956 981 946 992 957 991 956 970 935 979 944 993 958 980 945 982 947 993 958 979 944 980 945 993 958 994 959 971 936 995 960 965 930 965 930 995 960 972 937 981 946 995 960 971 936 991 956 995 960 981 946 982 947 996 961 993 958 709 674 997 962 710 675 997 962 998 963 996 961 992 957 999 964 991 956 993 958 1000 965 994 959 996 961 1000 965 993 958 998 963 1000 965 996 961 994 959 1000 965 1001 966 1002 967 1003 968 1004 969 973 938 1003 968 988 953 997 962 1005 970 998 963 992 957 1006 971 999 964 1007 972 1006 971 992 957 1008 973 1009 974 1010 975 977 942 1009 974 990 955 991 956 1011 976 995 960 999 964 1011 976 991 956 1007 972 1012 977 1006 971 1013 978 1012 977 1007 972 1013 978 1014 979 1012 977 1015 980 1014 979 1013 978 997 962 1016 981 1005 970 709 674 1016 981 997 962 1015 980 1017 982 1014 979 1018 983 1017 982 1015 980 1016 981 1019 984 1005 970 1020 985 1021 986 1022 987 983 948 1021 986 1004 969 998 963 1023 988 1000 965 1000 965 1023 988 1001 966 1019 984 1023 988 1005 970 1005 970 1023 988 998 963 1001 966 1023 988 1024 989 1018 983 1025 990 1017 982 1003 968 1026 991 988 953 1027 992 1026 991 1002 967 1002 967 1026 991 1003 968 988 953 1026 991 1010 975 718 683 1028 993 725 690 1029 994 1028 993 1030 995 1016 981 1031 996 1019 984 1032 997 1033 998 1022 987 1034 999 1033 998 1035 1000 1020 985 1036 1001 1021 986 1004 969 1036 1001 1002 967 1037 1002 1036 1001 1020 985 1021 986 1036 1001 1004 969 1010 975 1038 1003 1008 973 1026 991 1038 1003 1010 975 1027 992 1038 1003 1026 991 1039 1004 1038 1003 1027 992 1040 1005 1041 1006 1042 1007 1043 1008 1041 1006 1030 995 1044 1009 1045 1010 1046 1011 1046 1011 1045 1010 1047 1012 1023 988 1048 1013 1024 989 1049 1014 1048 1013 1031 996 1031 996 1048 1013 1019 984 1019 984 1048 1013 1023 988 1044 1009 1050 1015 1045 1010 1051 1016 1050 1015 1044 1009 1033 998 1052 1017 1022 987 1022 987 1052 1017 1020 985 1053 1018 1052 1017 1034 999 1034 999 1052 1017 1033 998 1002 967 1054 1019 1027 992 1055 1020 1054 1019 1037 1002 1036 1001 1054 1019 1002 967 1037 1002 1054 1019 1036 1001 1051 1016 1056 1021 1050 1015 1057 1022 1058 1023 1049 1014 1038 1003 1059 1024 1008 973 1060 1025 1059 1024 1039 1004 1008 973 1059 1024 1042 1007 1039 1004 1059 1024 1038 1003 1061 1026 1062 1027 1040 1005 1040 1005 1062 1027 1041 1006 1030 995 1062 1027 1029 994 1041 1006 1062 1027 1030 995 1063 1028 1064 1029 1051 1016 1051 1016 1064 1029 1056 1021 1049 1014 1065 1030 1048 1013 1058 1023 1065 1030 1049 1014 1063 1028 1066 1031 1064 1029 1067 1032 1066 1031 1063 1028 1068 1033 1069 1034 1070 1035 1035 1000 1069 1034 1034 999 1052 1017 1071 1036 1020 985 1053 1018 1071 1036 1052 1017 1020 985 1071 1036 1037 1002 1072 1037 1071 1036 1053 1018 1067 1032 1073 1038 1066 1031 1074 1039 1073 1038 1067 1032 1058 1023 1075 1040 1065 1030 1057 1022 1075 1040 1058 1023 1054 1019 1076 1041 1027 992 1055 1020 1076 1041 1054 1019 1077 1042 1076 1041 1055 1020 1027 992 1076 1041 1039 1004 1074 1039 1078 1043 1073 1038 1042 1007 1079 1044 1040 1005 1060 1025 1079 1044 1059 1024 1080 1045 1079 1044 1060 1025 1059 1024 1079 1044 1042 1007 1057 1022 1081 1046 1075 1040 1082 1047 1083 1048 1084 1049 736 701 1083 1048 741 706 1081 1046 1085 1050 1075 1040 1086 1051 1087 1052 1072 1037 1037 1002 1087 1052 1055 1020 1072 1037 1087 1052 1071 1036 1071 1036 1087 1052 1037 1002 1075 1040 1088 1053 1065 1030 1085 1050 1088 1053 1075 1040 1070 1035 1089 1054 1068 1033 1090 1055 1089 1054 1091 1056 1092 1057 1093 1058 1094 1059 1094 1059 1093 1058 1074 1039 1074 1039 1093 1058 1078 1043 1081 1046 1095 1060 1085 1050 1096 1061 1097 1062 1098 1063 1099 1064 1097 1062 1096 1061 1098 1063 1100 1065 1092 1057 1092 1057 1100 1065 1093 1058 1053 1018 1101 1066 1072 1037 1102 1067 1101 1066 1103 1068 1081 1046 1104 1069 1095 1060 1100 1065 1105 1070 1093 1058 1093 1058 1105 1070 1078 1043 1099 1064 1106 1071 1097 1062 1107 1072 1106 1071 1099 1064 1098 1063 1108 1073 1100 1065 1097 1062 1108 1073 1098 1063 1109 1074 1110 1075 1111 1076 1060 1025 1110 1075 1080 1045 1104 1069 1112 1077 1095 1060 1106 1071 1113 1078 1097 1062 1097 1062 1113 1078 1108 1073 1107 1072 1114 1079 1106 1071 1115 1080 1114 1079 1107 1072 1116 1081 1117 1082 1118 1083 745 710 1117 1082 748 713 1114 1079 1119 1084 1106 1071 1106 1071 1119 1084 1113 1078 1068 1033 1120 1085 1103 1068 1112 1077 1121 1086 1095 1060 1095 1060 1121 1086 1085 1050 1085 1050 1121 1086 1088 1053 1115 1080 1122 1087 1114 1079 1072 1037 1123 1088 1086 1051 1124 1089 1123 1088 1102 1067 1102 1067 1123 1088 1101 1066 1101 1066 1123 1088 1072 1037 1122 1087 1125 1090 1114 1079 1114 1079 1125 1090 1119 1084 1068 1033 1126 1091 1120 1085 1089 1054 1126 1091 1068 1033 1077 1042 1127 1092 1111 1076 1128 1093 1127 1092 1129 1094 1104 1069 1130 1095 1112 1077 1131 1096 1132 1097 1090 1055 1089 1054 1132 1097 1126 1091 1090 1055 1132 1097 1089 1054 1122 1087 1133 1098 1125 1090 1104 1069 1134 1099 1130 1095 1120 1085 1135 1100 1103 1068 1103 1068 1135 1100 1102 1067 1136 1101 1137 1102 1138 1103 1082 1047 1137 1102 1118 1083 1122 1087 1139 1104 1133 1098 1091 1056 1140 1105 1090 1055 1141 1106 1142 1107 1124 1089 1086 1051 1142 1107 1129 1094 1123 1088 1142 1107 1086 1051 1124 1089 1142 1107 1123 1088 1134 1099 1143 1108 1130 1095 1120 1085 1144 1109 1135 1100 1126 1091 1144 1109 1120 1085 1132 1097 1144 1109 1126 1091 1115 1080 1145 1110 1122 1087 1146 1111 1145 1110 1147 1112 1147 1112 1145 1110 1148 1113 1148 1113 1145 1110 1115 1080 1130 1095 1149 1114 1112 1077 1143 1108 1149 1114 1130 1095 1112 1077 1149 1114 1121 1086 1150 1115 1151 1116 1152 1117 1153 1118 1151 1116 1138 1103 1154 1119 1155 1120 1140 1105 1146 1111 1156 1121 1145 1110 1157 1122 1156 1121 1146 1111 1131 1096 1158 1123 1132 1097 1132 1097 1158 1123 1144 1109 1159 1124 1158 1123 1131 1096 1134 1099 1160 1125 1143 1108 1135 1100 1161 1126 1102 1067 1102 1067 1161 1126 1124 1089 1122 1087 1162 1127 1139 1104 1145 1110 1162 1127 1122 1087 1156 1121 1162 1127 1145 1110 1129 1094 1163 1128 1128 1093 1141 1106 1163 1128 1142 1107 1142 1107 1163 1128 1129 1094 1164 1129 1163 1128 1141 1106 1134 1099 1165 1130 1160 1125 1157 1122 1166 1131 1156 1121 1162 1127 1167 1132 1139 1104 1140 1105 1168 1133 1090 1055 1155 1120 1168 1133 1140 1105 1169 1134 1170 1135 1171 1136 1171 1136 1170 1135 1154 1119 1155 1120 1170 1135 1168 1133 1154 1119 1170 1135 1155 1120 1135 1100 1172 1137 1161 1126 1144 1109 1172 1137 1135 1100 1166 1131 1173 1138 1156 1121 1162 1127 1173 1138 1167 1132 1156 1121 1173 1138 1162 1127 1168 1133 1174 1139 1090 1055 1090 1055 1174 1139 1131 1096 1159 1124 1175 1140 1158 1123 1144 1109 1175 1140 1172 1137 1158 1123 1175 1140 1144 1109 1176 1141 1175 1140 1159 1124 1157 1122 1177 1142 1166 1131 1178 1143 1177 1142 1157 1122 1166 1131 1179 1144 1173 1138 1177 1142 1179 1144 1166 1131 1168 1133 1180 1145 1174 1139 1165 1130 1181 1146 1160 1125 1116 1081 1182 1147 1183 1148 1184 1149 1182 1147 1185 1150 1169 1134 1186 1151 1170 1135 1170 1135 1186 1151 1168 1133 1168 1133 1186 1151 1180 1145 1187 1152 1186 1151 1169 1134 1188 1153 1189 1154 1190 1155 753 718 1189 1154 754 719 1177 1142 1191 1156 1179 1144 1178 1143 1192 1157 1177 1142 1177 1142 1192 1157 1191 1156 1193 1158 1192 1157 1178 1143 1124 1089 1194 1159 1141 1106 1161 1126 1194 1159 1124 1089 1160 1125 1195 1160 1143 1108 1181 1146 1195 1160 1160 1125 1143 1108 1195 1160 1149 1114 1180 1145 1196 1161 1174 1139 1186 1151 1196 1161 1180 1145 1161 1126 1197 1162 1194 1159 1172 1137 1197 1162 1161 1126 1192 1157 1198 1163 1191 1156 1193 1158 1199 1164 1192 1157 1200 1165 1199 1164 1193 1158 1192 1157 1199 1164 1198 1163 1165 1130 1201 1166 1181 1146 1196 1161 1202 1167 1174 1139 1174 1139 1202 1167 1131 1096 1131 1096 1202 1167 1159 1124 1172 1137 1203 1168 1197 1162 1175 1140 1203 1168 1172 1137 1176 1141 1203 1168 1175 1140 1204 1169 1203 1168 1176 1141 1199 1164 1205 1170 1198 1163 1196 1161 1206 1171 1202 1167 1199 1164 1207 1172 1205 1170 1200 1165 1207 1172 1199 1164 1171 1136 1208 1173 1169 1134 1209 1174 1208 1173 1171 1136 1207 1172 1210 1175 1205 1170 1196 1161 1211 1176 1206 1171 1212 1177 1211 1176 1187 1152 1187 1152 1211 1176 1186 1151 1186 1151 1211 1176 1196 1161 1194 1159 1213 1178 1141 1106 1141 1106 1213 1178 1164 1129 1209 1174 1214 1179 1208 1173 1207 1172 1215 1180 1210 1175 1165 1130 1216 1181 1201 1166 1217 1182 1216 1181 1165 1130 1200 1165 1218 1183 1207 1172 1207 1172 1218 1183 1215 1180 1219 1184 1218 1183 1200 1165 1194 1159 1220 1185 1213 1178 1197 1162 1220 1185 1194 1159 1209 1174 1221 1186 1214 1179 1222 1187 1221 1186 1223 1188 1159 1124 1224 1189 1176 1141 1202 1167 1224 1189 1159 1124 1197 1162 1225 1190 1220 1185 1203 1168 1225 1190 1197 1162 1226 1191 1225 1190 1204 1169 1204 1169 1225 1190 1203 1168 1218 1183 1227 1192 1215 1180 1221 1186 1228 1193 1214 1179 1214 1179 1228 1193 1208 1173 1229 1194 1230 1195 1231 1196 1185 1150 1230 1195 1184 1149 1219 1184 1232 1197 1218 1183 1233 1198 1232 1197 1219 1184 1218 1183 1232 1197 1227 1192 1206 1171 1234 1199 1202 1167 1202 1167 1234 1199 1224 1189 1216 1181 1235 1200 1201 1166 1201 1166 1235 1200 1181 1146 1181 1146 1235 1200 1195 1160 1236 1201 1237 1202 1238 1203 1190 1155 1237 1202 1188 1153 1232 1197 1239 1204 1227 1192 1208 1173 1240 1205 1169 1134 1228 1193 1240 1205 1208 1173 1169 1134 1240 1205 1187 1152 1212 1177 1241 1206 1211 1176 1242 1207 1241 1206 1212 1177 1211 1176 1241 1206 1206 1171 1206 1171 1241 1206 1234 1199 1217 1182 1243 1208 1216 1181 1213 1178 1244 1209 1164 1129 1164 1129 1244 1209 1245 1210 1233 1198 1246 1211 1232 1197 1247 1212 1246 1211 1233 1198 1232 1197 1246 1211 1239 1204 1228 1193 1248 1213 1240 1205 1176 1141 1249 1214 1204 1169 1224 1189 1249 1214 1176 1141 1246 1211 1250 1215 1239 1204 1220 1185 1251 1216 1213 1178 1213 1178 1251 1216 1244 1209 1252 1217 1253 1218 1254 1219 1255 1220 1253 1218 1256 1221 1257 1222 1258 1223 1222 1187 1222 1187 1258 1223 1221 1186 1228 1193 1258 1223 1248 1213 1221 1186 1258 1223 1228 1193 1259 1224 1260 1225 1261 1226 1262 1227 1260 1225 1231 1196 1225 1190 1263 1228 1220 1185 1226 1191 1263 1228 1225 1190 1220 1185 1263 1228 1251 1216 1264 1229 1263 1228 1226 1191 1250 1215 1265 1230 1266 1231 1246 1211 1265 1230 1250 1215 1247 1212 1265 1230 1246 1211 1248 1213 1267 1232 1240 1205 1258 1223 1267 1232 1248 1213 1234 1199 1268 1233 1224 1189 1224 1189 1268 1233 1249 1214 1241 1206 1268 1233 1234 1199 1265 1230 1269 1234 1266 1231 1187 1152 1270 1235 1212 1177 1267 1232 1270 1235 1240 1205 1240 1205 1270 1235 1187 1152 1247 1212 1271 1236 1265 1230 1265 1230 1271 1236 1269 1234 1272 1237 1271 1236 1247 1212 1245 1210 1273 1238 1274 1239 1244 1209 1273 1238 1245 1210 1267 1232 1275 1240 1270 1235 1271 1236 1276 1241 1269 1234 1241 1206 1277 1242 1268 1233 1242 1207 1277 1242 1241 1206 1278 1243 1277 1242 1242 1207 1244 1209 1279 1244 1273 1238 1251 1216 1279 1244 1244 1209 1280 1245 1281 1246 1243 1208 1243 1208 1281 1246 1216 1181 1216 1181 1281 1246 1235 1200 1282 1247 1283 1248 1257 1222 1258 1223 1283 1248 1267 1232 1267 1232 1283 1248 1275 1240 1257 1222 1283 1248 1258 1223 1272 1237 1284 1249 1271 1236 1285 1250 1284 1249 1272 1237 1271 1236 1284 1249 1276 1241 1284 1249 1286 1251 1276 1241 1276 1241 1287 1252 1269 1234 1286 1251 1287 1252 1276 1241 1269 1234 1287 1252 1266 1231 1223 1188 1287 1252 1222 1187 1204 1169 1288 1253 1226 1191 1249 1214 1288 1253 1204 1169 1263 1228 1289 1254 1251 1216 1264 1229 1289 1254 1263 1228 1290 1255 1289 1254 1264 1229 1251 1216 1289 1254 1279 1244 1268 1233 1291 1256 1249 1214 1249 1214 1291 1256 1288 1253 1286 1251 1292 1257 1287 1252 1284 1249 1293 1258 1286 1251 1285 1250 1293 1258 1284 1249 1294 1259 1293 1258 1285 1250 1286 1251 1293 1258 1292 1257 1212 1177 1295 1260 1242 1207 1270 1235 1295 1260 1212 1177 1268 1233 1296 1261 1291 1256 1278 1243 1296 1261 1277 1242 1277 1242 1296 1261 1268 1233 1297 1262 1296 1261 1278 1243 1274 1239 1298 1263 1299 1264 1273 1238 1298 1263 1274 1239 1275 1240 1300 1265 1270 1235 1270 1235 1300 1265 1295 1260 1301 1266 1302 1267 1294 1259 1293 1258 1302 1267 1292 1257 1294 1259 1302 1267 1293 1258 1292 1257 1303 1268 1287 1252 1279 1244 1304 1269 1273 1238 1273 1238 1304 1269 1298 1263 1305 1270 1306 1271 1282 1247 1282 1247 1306 1271 1283 1248 1283 1248 1306 1271 1275 1240 1275 1240 1306 1271 1300 1265 1307 1272 1308 1273 1280 1245 1280 1245 1308 1273 1281 1246 1226 1191 1309 1274 1264 1229 1288 1253 1309 1274 1226 1191 1229 1194 1310 1275 1311 1276 1312 1277 1310 1275 1313 1278 1314 1279 1315 1280 1290 1255 1290 1255 1315 1280 1289 1254 1289 1254 1315 1280 1279 1244 1279 1244 1315 1280 1304 1269 1316 1281 1317 1282 1307 1272 1307 1272 1317 1282 1308 1273 1303 1268 1318 1283 1287 1252 1316 1281 1319 1284 1317 1282 1288 1253 1320 1285 1309 1274 1291 1256 1320 1285 1288 1253 1287 1252 1321 1286 1222 1187 1222 1187 1321 1286 1257 1222 1318 1283 1321 1286 1287 1252 1295 1260 1322 1287 1242 1207 1242 1207 1322 1287 1278 1243 1318 1283 1323 1288 1321 1286 1324 1289 1325 1290 1297 1262 1291 1256 1325 1290 1320 1285 1296 1261 1325 1290 1291 1256 1297 1262 1325 1290 1296 1261 1303 1268 1326 1291 1318 1283 1302 1267 1326 1291 1292 1257 1318 1283 1326 1291 1323 1288 1292 1257 1326 1291 1303 1268 1327 1292 1326 1291 1301 1266 1301 1266 1326 1291 1302 1267 1298 1263 1328 1293 1299 1264 1299 1264 1328 1293 1329 1294 1295 1260 1330 1295 1322 1287 1300 1265 1330 1295 1295 1260 1323 1288 1331 1296 1321 1286 1298 1263 1332 1297 1328 1293 1304 1269 1332 1297 1298 1263 1306 1271 1333 1298 1300 1265 1300 1265 1333 1298 1330 1295 1334 1299 1333 1298 1305 1270 1305 1270 1333 1298 1306 1271 1319 1284 1335 1300 1317 1282 1323 1288 1336 1301 1331 1296 1327 1292 1336 1301 1326 1291 1326 1291 1336 1301 1323 1288 1337 1302 1336 1301 1327 1292 1309 1274 1338 1303 1264 1229 1264 1229 1338 1303 1290 1255 1315 1280 1339 1304 1304 1269 1304 1269 1339 1304 1332 1297 1340 1305 1339 1304 1314 1279 1314 1279 1339 1304 1315 1280 1309 1274 1341 1306 1338 1303 1320 1285 1341 1306 1309 1274 1331 1296 1342 1307 1321 1286 1336 1301 1343 1308 1331 1296 1337 1302 1343 1308 1336 1301 1344 1309 1343 1308 1337 1302 1322 1287 1345 1310 1278 1243 1278 1243 1345 1310 1297 1262 1346 1311 1347 1312 1324 1289 1325 1290 1347 1312 1320 1285 1324 1289 1347 1312 1325 1290 1320 1285 1347 1312 1341 1306 1342 1307 1348 1313 1321 1286 1348 1313 1349 1314 1321 1286 1321 1286 1349 1314 1257 1222 1328 1293 1350 1315 1329 1294 1329 1294 1350 1315 1351 1316 1322 1287 1352 1317 1345 1310 1330 1295 1352 1317 1322 1287 1353 1318 1354 1319 1355 1320 1356 1321 1354 1319 1357 1322 1317 1282 1358 1323 1308 1273 1335 1300 1358 1323 1317 1282 1332 1297 1359 1324 1328 1293 1328 1293 1359 1324 1350 1315 1319 1284 1360 1325 1335 1300 1361 1326 1362 1327 1363 1328 1313 1278 1362 1327 1312 1277 1348 1313 1364 1329 1349 1314 1333 1298 1365 1330 1330 1295 1334 1299 1365 1330 1333 1298 1330 1295 1365 1330 1352 1317 1366 1331 1365 1330 1334 1299 1319 1284 1367 1332 1360 1325 1290 1255 1368 1333 1314 1279 1338 1303 1368 1333 1290 1255 1332 1297 1369 1334 1359 1324 1370 1335 1369 1334 1340 1305 1339 1304 1369 1334 1332 1297 1340 1305 1369 1334 1339 1304 1348 1313 1371 1336 1364 1329 1342 1307 1371 1336 1348 1313 1343 1308 1371 1336 1331 1296 1372 1337 1371 1336 1344 1309 1331 1296 1371 1336 1342 1307 1344 1309 1371 1336 1343 1308 1364 1329 1373 1338 1349 1314 1338 1303 1374 1339 1368 1333 1341 1306 1374 1339 1338 1303 1297 1262 1375 1340 1324 1289 1345 1310 1375 1340 1297 1262 1346 1311 1376 1341 1347 1312 1341 1306 1376 1341 1374 1339 1347 1312 1376 1341 1341 1306 1377 1342 1376 1341 1346 1311 1372 1337 1378 1343 1371 1336 1364 1329 1378 1343 1373 1338 1379 1344 1378 1343 1372 1337 1371 1336 1378 1343 1364 1329 1351 1316 1380 1345 1355 1320 1350 1315 1380 1345 1351 1316 1373 1338 1381 1346 1349 1314 1345 1310 1382 1347 1375 1340 1352 1317 1382 1347 1345 1310 1367 1332 1383 1348 1360 1325 1350 1315 1384 1349 1380 1345 1359 1324 1384 1349 1350 1315 1361 1326 1385 1350 1362 1327 1362 1327 1385 1350 1312 1277 1312 1277 1385 1350 1386 1351 1387 1352 1385 1350 1361 1326 1378 1343 1388 1353 1373 1338 1379 1344 1388 1353 1378 1343 1389 1354 1388 1353 1379 1344 1390 1355 1391 1356 1366 1331 1352 1317 1391 1356 1382 1347 1366 1331 1391 1356 1365 1330 1365 1330 1391 1356 1352 1317 1349 1314 1392 1357 1393 1358 1381 1346 1392 1357 1349 1314 1368 1333 1394 1359 1314 1279 1314 1279 1394 1359 1340 1305 1370 1335 1395 1360 1369 1334 1396 1361 1395 1360 1370 1335 1359 1324 1395 1360 1384 1349 1369 1334 1395 1360 1359 1324 1375 1340 1397 1362 1324 1289 1324 1289 1397 1362 1346 1311 1374 1339 1398 1363 1368 1333 1368 1333 1398 1363 1394 1359 1380 1345 1399 1364 1355 1320 1355 1320 1399 1364 1353 1318 1392 1357 1400 1365 1393 1358 1360 1325 1401 1366 1335 1300 1383 1348 1401 1366 1360 1325 1335 1300 1401 1366 1358 1323 1374 1339 1402 1367 1398 1363 1376 1341 1402 1367 1374 1339 1377 1342 1402 1367 1376 1341 1403 1368 1402 1367 1377 1342 1400 1365 1404 1369 1393 1358 1367 1332 1405 1370 1383 1348 1373 1338 1406 1371 1381 1346 1381 1346 1406 1371 1392 1357 1392 1357 1406 1371 1400 1365 1388 1353 1406 1371 1373 1338 1389 1354 1406 1371 1388 1353 1407 1372 1406 1371 1389 1354 1382 1347 1408 1373 1375 1340 1375 1340 1408 1373 1397 1362 1391 1356 1408 1373 1382 1347 1380 1345 1409 1374 1399 1364 1384 1349 1409 1374 1380 1345 1340 1305 1410 1375 1370 1335 1394 1359 1410 1375 1340 1305 1407 1372 1411 1376 1406 1371 1406 1371 1411 1376 1400 1365 1400 1365 1411 1376 1404 1369 1404 1369 1412 1377 1393 1358 1391 1356 1413 1378 1408 1373 1390 1355 1413 1378 1391 1356 1414 1379 1413 1378 1390 1355 1394 1359 1415 1380 1410 1375 1398 1363 1415 1380 1394 1359 1393 1358 1416 1381 1417 1382 1412 1377 1416 1381 1393 1358 1418 1383 1419 1384 1396 1361 1384 1349 1419 1384 1409 1374 1396 1361 1419 1384 1395 1360 1395 1360 1419 1384 1384 1349 1420 1385 1421 1386 1367 1332 1367 1332 1421 1386 1405 1370 1411 1376 1422 1387 1404 1369 1397 1362 1423 1388 1346 1311 1408 1373 1423 1388 1397 1362 1346 1311 1423 1388 1377 1342 1398 1363 1424 1389 1415 1380 1425 1390 1424 1389 1403 1368 1402 1367 1424 1389 1398 1363 1403 1368 1424 1389 1402 1367 1353 1318 1426 1391 1427 1392 1399 1364 1426 1391 1353 1318 1416 1381 1428 1393 1417 1382 1408 1373 1429 1394 1423 1388 1361 1326 1430 1395 1387 1352 1431 1396 1430 1395 1432 1397 1399 1364 1433 1398 1426 1391 1409 1374 1433 1398 1399 1364 1408 1373 1434 1399 1429 1394 1413 1378 1434 1399 1408 1373 1414 1379 1434 1399 1413 1378 1435 1400 1434 1399 1414 1379 1428 1393 1436 1401 1417 1382 1370 1335 1437 1402 1396 1361 1410 1375 1437 1402 1370 1335 1419 1384 1438 1403 1409 1374 1409 1374 1438 1403 1433 1398 1418 1383 1438 1403 1419 1384 1433 1398 1438 1403 1439 1404 1439 1404 1438 1403 1418 1383 1405 1370 1440 1405 1383 1348 1421 1386 1440 1405 1405 1370 1383 1348 1440 1405 1401 1366 1422 1387 1441 1406 1404 1369 1412 1377 1441 1406 1416 1381 1404 1369 1441 1406 1412 1377 1416 1381 1441 1406 1428 1393 1415 1380 1442 1407 1410 1375 1410 1375 1442 1407 1437 1402 1420 1385 1443 1408 1421 1386 1436 1401 1444 1409 1417 1382 1423 1388 1445 1410 1377 1342 1377 1342 1445 1410 1403 1368 1446 1411 1447 1412 1425 1390 1415 1380 1447 1412 1442 1407 1425 1390 1447 1412 1424 1389 1424 1389 1447 1412 1415 1380 1428 1393 1448 1413 1436 1401 1441 1406 1448 1413 1428 1393 1429 1394 1449 1414 1423 1388 1423 1388 1449 1414 1445 1410 1417 1382 1450 1415 1451 1416 1444 1409 1450 1415 1417 1382 1434 1399 1452 1417 1429 1394 1435 1400 1452 1417 1434 1399 1453 1418 1452 1417 1435 1400 1429 1394 1452 1417 1449 1414 1448 1413 1454 1419 1436 1401 1450 1415 1455 1420 1451 1416 1396 1361 1456 1421 1418 1383 1437 1402 1456 1421 1396 1361 1455 1420 1457 1422 1451 1416 1437 1402 1458 1423 1456 1421 1442 1407 1458 1423 1437 1402 1403 1368 1459 1424 1425 1390 1445 1410 1459 1424 1403 1368 1446 1411 1460 1425 1447 1412 1442 1407 1460 1425 1458 1423 1461 1426 1460 1425 1446 1411 1447 1412 1460 1425 1442 1407 1436 1401 1462 1427 1444 1409 1454 1419 1462 1427 1436 1401 1450 1415 1462 1427 1455 1420 1444 1409 1462 1427 1450 1415 1449 1414 1463 1428 1445 1410 1445 1410 1463 1428 1459 1424 1418 1383 1464 1429 1439 1404 1456 1421 1464 1429 1418 1383 1457 1422 1465 1430 1451 1416 1466 1431 1467 1432 1443 1408 1421 1386 1467 1432 1440 1405 1443 1408 1467 1432 1421 1386 1452 1417 1468 1433 1449 1414 1453 1418 1468 1433 1452 1417 1469 1434 1468 1433 1453 1418 1449 1414 1468 1433 1463 1428 1455 1420 1470 1435 1457 1422 1462 1427 1470 1435 1455 1420 1451 1416 1471 1436 1472 1437 1465 1430 1471 1436 1451 1416 1425 1390 1473 1438 1446 1411 1463 1428 1473 1438 1459 1424 1459 1424 1473 1438 1425 1390 1458 1423 1474 1439 1456 1421 1456 1421 1474 1439 1464 1429 1471 1436 1475 1440 1472 1437 1470 1435 1476 1441 1457 1422 1475 1440 1477 1442 1472 1437 1468 1433 1478 1443 1463 1428 1463 1428 1478 1443 1473 1438 1464 1429 1479 1444 1439 1404 1474 1439 1479 1444 1464 1429 1460 1425 1480 1445 1458 1423 1461 1426 1480 1445 1460 1425 1458 1423 1480 1445 1474 1439 1481 1446 1480 1445 1461 1426 1474 1439 1480 1445 1479 1444 1482 1447 1483 1448 1484 1449 1466 1431 1485 1450 1467 1432 1439 1404 1486 1451 1487 1452 1479 1444 1486 1451 1439 1404 1477 1442 1488 1453 1472 1437 1476 1441 1489 1454 1457 1422 1465 1430 1489 1454 1471 1436 1457 1422 1489 1454 1465 1430 1478 1443 1490 1455 1473 1438 1446 1411 1490 1455 1461 1426 1473 1438 1490 1455 1446 1411 1469 1434 1491 1456 1468 1433 1468 1433 1491 1456 1478 1443 1492 1457 1491 1456 1469 1434 1479 1444 1493 1458 1486 1451 1488 1453 1494 1459 1472 1437 1472 1437 1494 1459 1495 1460 1489 1454 1496 1461 1471 1436 1471 1436 1496 1461 1475 1440 1475 1440 1496 1461 1477 1442 1481 1446 1497 1462 1480 1445 1480 1445 1497 1462 1479 1444 1479 1444 1497 1462 1493 1458 1498 1463 1497 1462 1481 1446 1494 1459 1499 1464 1495 1460 1491 1456 1500 1465 1478 1443 1478 1443 1500 1465 1490 1455 1496 1461 1501 1466 1477 1442 1493 1458 1502 1467 1486 1451 1497 1462 1502 1467 1493 1458 1499 1464 1503 1468 1495 1460 1502 1467 1504 1469 1486 1451 1486 1451 1504 1469 1487 1452 1487 1452 1504 1469 1505 1470 1506 1471 1507 1472 1492 1457 1491 1456 1507 1472 1500 1465 1492 1457 1507 1472 1491 1456 1502 1467 1508 1473 1504 1469 1503 1468 1509 1474 1495 1460 1477 1442 1510 1475 1488 1453 1501 1466 1510 1475 1477 1442 1488 1453 1510 1475 1494 1459 1490 1455 1511 1476 1461 1426 1500 1465 1511 1476 1490 1455 1461 1426 1511 1476 1481 1446 1512 1477 1513 1478 1498 1463 1498 1463 1513 1478 1497 1462 1497 1462 1513 1478 1502 1467 1502 1467 1513 1478 1508 1473 1509 1474 1514 1479 1495 1460 1495 1460 1514 1479 1515 1480 1516 1481 1517 1482 1483 1448 1500 1465 1518 1483 1511 1476 1514 1479 1519 1484 1515 1480 1510 1475 1520 1485 1494 1459 1494 1459 1520 1485 1499 1464 1512 1477 1521 1486 1513 1478 1508 1473 1521 1486 1504 1469 1513 1478 1521 1486 1508 1473 1506 1471 1522 1487 1507 1472 1507 1472 1522 1487 1500 1465 1523 1488 1522 1487 1506 1471 1500 1465 1522 1487 1518 1483 1519 1484 1524 1489 1515 1480 1503 1468 1525 1490 1509 1474 1499 1464 1525 1490 1503 1468 1520 1485 1525 1490 1499 1464 1511 1476 1526 1491 1481 1446 1481 1446 1526 1491 1498 1463 1522 1487 1527 1492 1518 1483 1523 1488 1527 1492 1522 1487 1511 1476 1527 1492 1526 1491 1518 1483 1527 1492 1511 1476 1524 1489 1528 1493 1515 1480 1528 1493 1529 1494 1515 1480 1527 1492 1530 1495 1526 1491 1525 1490 1531 1496 1509 1474 1509 1474 1531 1496 1514 1479 1515 1480 1532 1497 1533 1498 1529 1494 1532 1497 1515 1480 1534 1499 1535 1500 1536 1501 1536 1501 1535 1500 1516 1481 1516 1481 1535 1500 1517 1482 1531 1496 1537 1502 1514 1479 1514 1479 1537 1502 1519 1484 1532 1497 1538 1503 1533 1498 1526 1491 1539 1504 1498 1463 1498 1463 1539 1504 1512 1477 1530 1495 1540 1505 1526 1491 1526 1491 1540 1505 1539 1504 1541 1506 1542 1507 1523 1488 1527 1492 1542 1507 1530 1495 1530 1495 1542 1507 1540 1505 1523 1488 1542 1507 1527 1492 1519 1484 1543 1508 1524 1489 1524 1489 1543 1508 1528 1493 1537 1502 1543 1508 1519 1484 1538 1503 1544 1509 1533 1498 1545 1510 1546 1511 1534 1499 1534 1499 1546 1511 1535 1500 1540 1505 1547 1512 1539 1504 1544 1509 1548 1513 1533 1498 1533 1498 1548 1513 1549 1514 1528 1493 1550 1515 1529 1494 1543 1508 1550 1515 1528 1493 1548 1513 1551 1516 1549 1514 1552 1517 1553 1518 1545 1510 1545 1510 1553 1518 1546 1511 1539 1504 1554 1519 1512 1477 1547 1512 1554 1519 1539 1504 1529 1494 1555 1520 1532 1497 1550 1515 1555 1520 1529 1494 1541 1506 1556 1521 1542 1507 1542 1507 1556 1521 1540 1505 1557 1522 1556 1521 1541 1506 1540 1505 1556 1521 1547 1512 1554 1519 1556 1521 1557 1522 1547 1512 1556 1521 1554 1519 1551 1516 1558 1523 1549 1514 1538 1503 1559 1524 1544 1509 1555 1520 1559 1524 1532 1497 1532 1497 1559 1524 1538 1503 1558 1523 1560 1525 1549 1514 1549 1514 1561 1526 1562 1527 1560 1525 1561 1526 1549 1514 1561 1526 1563 1528 1562 1527 1544 1509 1564 1529 1548 1513 1559 1524 1564 1529 1544 1509 1551 1516 1565 1530 1558 1523 1548 1513 1565 1530 1551 1516 1564 1529 1565 1530 1548 1513 1563 1528 1566 1531 1562 1527 1566 1531 1567 1532 1562 1527 1568 1533 1569 1534 1570 1535 1570 1535 1569 1534 1571 1536 1562 1527 1572 1537 1573 1538 1567 1532 1572 1537 1562 1527 1572 1537 1574 1539 1573 1538 1565 1530 1575 1540 1558 1523 1568 1533 1576 1541 1569 1534 1577 1542 1576 1541 1568 1533 1558 1523 1578 1543 1560 1525 1575 1540 1578 1543 1558 1523 1577 1542 1579 1544 1576 1541 1580 1545 1579 1544 1577 1542 1581 1546 1579 1544 1580 1545 1563 1528 1582 1547 1566 1531 1560 1525 1582 1547 1561 1526 1561 1526 1582 1547 1563 1528 1578 1543 1582 1547 1560 1525 1574 1539 1583 1548 1573 1538 1523 1488 1584 1549 1541 1506 1585 1550 1586 1551 1581 1546 1581 1546 1586 1551 1579 1544 1583 1548 1587 1552 1573 1538 1588 1553 1589 1554 1590 1555 1573 1538 1591 1556 1592 1557 1587 1552 1591 1556 1573 1538 1593 1558 1594 1559 1585 1550 1585 1550 1594 1559 1586 1551 1588 1553 1595 1560 1589 1554 1591 1556 1596 1561 1592 1557 1582 1547 1597 1562 1566 1531 1590 1555 1598 1563 1593 1558 1593 1558 1598 1563 1594 1559 1589 1554 1598 1563 1590 1555 1597 1562 1599 1564 1566 1531 1566 1531 1599 1564 1567 1532 1596 1561 1600 1565 1592 1557 1567 1532 1601 1566 1572 1537 1572 1537 1601 1566 1574 1539 1599 1564 1601 1566 1567 1532 1574 1539 1601 1566 1583 1548 1584 1549 1602 1567 1541 1506 1541 1506 1602 1567 1557 1522 1600 1565 1603 1568 1592 1557 1603 1568 1604 1569 1592 1557 1592 1557 1604 1569 1584 1549 1604 1569 1605 1570 1584 1549 1606 1571 1607 1572 1608 1573 1601 1566 1607 1572 1583 1548 1589 1554 1609 1574 1598 1563 1606 1571 1610 1575 1607 1572 1611 1576 1610 1575 1606 1571 1607 1572 1610 1575 1583 1548 1583 1548 1610 1575 1587 1552 1605 1570 1612 1577 1584 1549 1595 1560 1613 1578 1589 1554 1589 1554 1613 1578 1609 1574 1612 1577 1614 1579 1584 1549 1596 1561 1615 1580 1600 1565 1616 1581 1615 1580 1611 1576 1611 1576 1615 1580 1610 1575 1610 1575 1615 1580 1587 1552 1591 1556 1615 1580 1596 1561 1587 1552 1615 1580 1591 1556 1584 1549 1617 1582 1602 1567 1614 1579 1617 1582 1584 1549 1618 1583 1619 1584 1595 1560 1595 1560 1619 1584 1613 1578 1617 1582 1620 1585 1602 1567 1621 1586 1622 1587 1623 1588 1624 1589 1622 1587 1618 1583 1618 1583 1622 1587 1619 1584 1623 1588 1625 1590 1626 1591 1627 1592 1625 1590 1624 1589 1624 1589 1625 1590 1622 1587 1622 1587 1625 1590 1623 1588 1628 1593 1629 1594 1630 1595 1615 1580 1631 1596 1600 1565 1616 1581 1631 1596 1615 1580 1632 1597 1631 1596 1616 1581 1628 1593 1633 1598 1629 1594 1626 1591 1634 1599 1635 1600 1627 1592 1634 1599 1625 1590 1636 1601 1634 1599 1627 1592 1625 1590 1634 1599 1626 1591 1637 1602 1634 1599 1636 1601 1600 1565 1638 1603 1603 1568 1639 1604 1638 1603 1632 1597 1631 1596 1638 1603 1600 1565 1632 1597 1638 1603 1631 1596 1620 1585 1640 1605 1602 1567 1637 1602 1641 1606 1634 1599 1634 1599 1641 1606 1635 1600 1630 1595 1641 1606 1637 1602 1629 1594 1641 1606 1630 1595 1640 1605 1642 1607 1602 1567 1642 1607 1643 1608 1602 1567 1644 1609 1645 1610 1639 1604 1639 1604 1645 1610 1638 1603 1603 1568 1645 1610 1604 1569 1604 1569 1645 1610 1605 1570 1605 1570 1645 1610 1612 1577 1638 1603 1645 1610 1603 1568 1643 1608 1646 1611 1602 1567 1646 1611 1647 1612 1602 1567 1648 1613 1649 1614 1644 1609 1645 1610 1649 1614 1612 1577 1644 1609 1649 1614 1645 1610 1648 1613 1650 1615 1649 1614 1651 1616 1650 1615 1648 1613 1649 1614 1650 1615 1612 1577 1612 1577 1650 1615 1614 1579 1620 1585 1652 1617 1640 1605 1653 1618 1652 1617 1651 1616 1651 1616 1652 1617 1650 1615 1650 1615 1652 1617 1614 1579 1614 1579 1652 1617 1617 1582 1617 1582 1652 1617 1620 1585 1635 1600 1654 1619 1655 1620 1629 1594 1654 1619 1641 1606 1655 1620 1654 1619 1656 1621 1656 1621 1654 1619 1657 1622 1641 1606 1654 1619 1635 1600 1633 1598 1658 1623 1629 1594 1654 1619 1658 1623 1657 1622 1629 1594 1658 1623 1654 1619 1659 1624 1660 1625 1633 1598 1633 1598 1660 1625 1658 1623 1657 1622 1660 1625 1661 1626 1658 1623 1660 1625 1657 1622 1653 1618 1662 1627 1652 1617 1663 1628 1662 1627 1653 1618 1652 1617 1662 1627 1640 1605 1664 1629 1665 1630 1659 1624 1661 1626 1665 1630 1666 1631 1660 1625 1665 1630 1661 1626 1659 1624 1665 1630 1660 1625 1640 1605 1667 1632 1642 1607 1668 1633 1667 1632 1663 1628 1663 1628 1667 1632 1662 1627 1662 1627 1667 1632 1640 1605 1669 1634 1670 1635 1664 1629 1666 1631 1670 1635 1671 1636 1665 1630 1670 1635 1666 1631 1664 1629 1670 1635 1665 1630 1642 1607 1672 1637 1643 1608 1673 1638 1672 1637 1668 1633 1668 1633 1672 1637 1667 1632 1667 1632 1672 1637 1642 1607 1674 1639 1675 1640 1676 1641 1671 1636 1675 1640 1677 1642 1676 1641 1675 1640 1669 1634 1669 1634 1675 1640 1670 1635 1670 1635 1675 1640 1671 1636 1673 1638 1678 1643 1672 1637 1679 1644 1678 1643 1673 1638 1643 1608 1678 1643 1646 1611 1672 1637 1678 1643 1643 1608 1675 1640 1680 1645 1677 1642 1681 1646 1680 1645 1674 1639 1674 1639 1680 1645 1675 1640 1646 1611 1682 1647 1647 1612 1679 1644 1682 1647 1678 1643 1678 1643 1682 1647 1646 1611 1647 1612 1682 1647 1683 1648 1677 1642 1684 1649 1685 1650 1686 1651 1684 1649 1681 1646 1681 1646 1684 1649 1680 1645 1680 1645 1684 1649 1677 1642 1687 1652 1688 1653 1679 1644 1683 1648 1688 1653 1689 1654 1679 1644 1688 1653 1682 1647 1682 1647 1688 1653 1683 1648 1688 1653 1690 1655 1689 1654 1685 1650 1690 1655 1687 1652 1689 1654 1690 1655 1686 1651 1687 1652 1690 1655 1688 1653 1686 1651 1690 1655 1684 1649 1684 1649 1690 1655 1685 1650 1691 1656 1692 1657 1693 1658 1691 1656 1694 1659 1692 1657 1695 1660 1694 1659 1691 1656 1695 1660 1696 1661 1694 1659 1697 1662 1696 1661 1695 1660 1698 1663 1699 1664 1700 1665 1692 1657 1701 1666 1693 1658 1693 1658 1701 1666 1698 1663 1698 1663 1701 1666 1699 1664 1702 1667 1703 1668 1697 1662 1697 1662 1703 1668 1696 1661 1699 1664 1704 1669 1700 1665 1700 1665 1704 1669 1705 1670 1704 1669 1706 1671 1705 1670 1705 1670 1706 1671 1707 1672 1707 1672 1708 1673 1709 1674 1706 1671 1708 1673 1707 1672 1708 1673 1710 1675 1709 1674 1709 1674 1710 1675 1711 1676 1696 1661 1712 1677 1694 1659 1694 1659 1713 1678 1692 1657 1692 1657 1713 1678 1714 1679 1703 1668 1715 1680 1696 1661 1696 1661 1715 1680 1712 1677 1694 1659 1716 1681 1713 1678 1703 1668 1717 1682 1715 1680 1712 1677 1718 1683 1694 1659 1694 1659 1718 1683 1716 1681 1710 1675 1719 1684 1711 1676 1711 1676 1719 1684 1720 1685 1701 1666 1721 1686 1699 1664 1714 1679 1722 1687 1692 1657 1692 1657 1722 1687 1701 1666 1721 1686 1723 1688 1699 1664 1699 1664 1723 1688 1704 1669 1701 1666 1724 1689 1721 1686 1722 1687 1724 1689 1701 1666 1703 1668 1725 1690 1717 1682 757 722 1726 1691 1727 1692 1727 1692 1726 1691 1702 1667 1702 1667 1726 1691 1703 1668 770 735 1726 1691 758 723 1703 1668 1726 1691 1725 1690 758 723 1726 1691 757 722 1719 1684 1728 1693 1720 1685 1720 1685 1728 1693 1729 1694 1723 1688 1730 1695 1704 1669 1728 1693 1731 1696 1729 1694 1729 1694 1731 1696 1732 1697 1730 1695 1733 1698 1704 1669 1704 1669 1734 1699 1706 1671 1733 1698 1734 1699 1704 1669 1734 1699 1735 1700 1706 1671 1706 1671 1736 1701 1708 1673 1735 1700 1736 1701 1706 1671 1731 1696 1737 1702 1732 1697 1732 1697 1737 1702 1738 1703 1708 1673 1739 1704 1710 1675 1736 1701 1739 1704 1708 1673 1725 1690 1740 1705 1717 1682 1717 1682 1740 1705 1715 1680 781 746 1740 1705 775 740 781 746 1741 1706 1740 1705 1715 1680 1741 1706 1712 1677 1712 1677 1741 1706 1718 1683 1740 1705 1741 1706 1715 1680 782 747 1741 1706 781 746 1710 1675 1742 1707 1719 1684 1739 1704 1742 1707 1710 1675 1740 1705 1743 1708 775 740 775 740 1743 1708 770 735 1725 1690 1743 1708 1740 1705 770 735 1743 1708 1726 1691 1726 1691 1743 1708 1725 1690 1741 1706 1744 1709 1718 1683 787 752 1744 1709 782 747 1716 1681 1744 1709 1713 1678 1718 1683 1744 1709 1716 1681 782 747 1744 1709 1741 1706 1744 1709 1745 1710 1713 1678 788 753 1745 1710 787 752 1713 1678 1745 1710 1714 1679 787 752 1745 1710 1744 1709 1714 1679 1745 1710 1722 1687 1738 1703 1746 1711 1747 1712 1737 1702 1746 1711 1738 1703 1745 1710 1748 1713 1722 1687 800 765 1748 1713 788 753 1724 1689 1748 1713 1721 1686 788 753 1748 1713 1745 1710 1722 1687 1748 1713 1724 1689 1742 1707 1749 1714 1719 1684 1747 1712 1750 1715 1751 1716 1746 1711 1750 1715 1747 1712 1749 1714 1752 1717 1719 1684 808 773 1753 1718 801 766 1748 1713 1753 1718 1721 1686 1721 1686 1753 1718 1723 1688 800 765 1753 1718 1748 1713 801 766 1753 1718 800 765 1723 1688 1753 1718 1730 1695 1719 1684 1754 1719 1728 1693 1752 1717 1754 1719 1719 1684 1754 1719 1755 1720 1728 1693 1755 1720 1756 1721 1728 1693 1728 1693 1756 1721 1731 1696 808 773 1757 1722 1753 1718 1753 1718 1757 1722 1730 1695 813 778 1757 1722 808 773 1730 1695 1757 1722 1733 1698 1733 1698 1757 1722 1734 1699 1735 1700 1758 1723 1736 1701 1736 1701 1758 1723 1739 1704 813 778 1758 1723 1757 1722 1757 1722 1758 1723 1734 1699 810 775 1758 1723 813 778 1734 1699 1758 1723 1735 1700 1756 1721 1759 1724 1731 1696 1750 1715 1760 1725 1751 1716 1751 1716 1760 1725 1761 1726 1759 1724 1762 1727 1731 1696 1731 1696 1762 1727 1737 1702 1762 1727 1763 1728 1737 1702 1737 1702 1764 1729 1746 1711 1763 1728 1764 1729 1737 1702 1760 1725 1765 1730 1761 1726 1761 1726 1765 1730 1766 1731 812 777 1767 1732 810 775 1739 1704 1767 1732 1742 1707 1742 1707 1767 1732 1749 1714 810 775 1767 1732 1758 1723 1758 1723 1767 1732 1739 1704 1746 1711 1768 1733 1750 1715 1764 1729 1768 1733 1746 1711 1750 1715 1769 1734 1760 1725 1768 1733 1769 1734 1750 1715 1766 1731 1770 1735 1771 1736 1765 1730 1770 1735 1766 1731 823 788 1772 1737 812 777 825 790 1772 1737 823 788 1767 1732 1772 1737 1749 1714 1749 1714 1772 1737 1752 1717 1752 1717 1772 1737 1754 1719 812 777 1772 1737 1767 1732 1754 1719 1773 1738 1755 1720 1755 1720 1773 1738 1756 1721 828 793 1773 1738 825 790 1772 1737 1773 1738 1754 1719 825 790 1773 1738 1772 1737 1769 1734 1774 1739 1760 1725 1771 1736 1775 1740 1776 1741 1770 1735 1775 1740 1771 1736 1773 1738 1777 1742 1756 1721 830 795 1777 1742 828 793 1756 1721 1777 1742 1759 1724 1759 1724 1777 1742 1762 1727 828 793 1777 1742 1773 1738 1774 1739 1778 1743 1760 1725 1760 1725 1779 1744 1765 1730 1778 1743 1779 1744 1760 1725 831 796 1780 1745 830 795 1762 1727 1780 1745 1763 1728 1763 1728 1780 1745 1764 1729 1764 1729 1780 1745 1768 1733 1777 1742 1780 1745 1762 1727 830 795 1780 1745 1777 1742 1776 1741 1781 1746 1782 1747 1775 1740 1781 1746 1776 1741 1779 1744 1783 1748 1765 1730 1765 1730 1783 1748 1770 1735 1783 1748 1784 1749 1770 1735 1782 1747 1785 1750 1786 1751 1781 1746 1785 1750 1782 1747 1770 1735 1787 1752 1775 1740 1784 1749 1787 1752 1770 1735 831 796 1788 1753 1780 1745 1780 1745 1788 1753 1768 1733 832 797 1788 1753 831 796 1768 1733 1788 1753 1769 1734 1769 1734 1788 1753 1774 1739 1787 1752 1789 1754 1775 1740 1785 1750 1790 1755 1786 1751 1786 1751 1790 1755 1791 1756 1775 1740 1792 1757 1781 1746 1789 1754 1792 1757 1775 1740 1792 1757 1793 1758 1781 1746 1788 1753 1794 1759 1774 1739 840 805 1794 1759 832 797 1774 1739 1794 1759 1778 1743 832 797 1794 1759 1788 1753 1778 1743 1794 1759 1779 1744 1790 1755 1795 1760 1791 1756 1791 1756 1795 1760 1796 1761 1781 1746 1797 1762 1785 1750 1793 1758 1797 1762 1781 1746 1797 1762 1798 1763 1785 1750 1783 1748 1799 1764 1784 1749 840 805 1799 1764 1794 1759 1794 1759 1799 1764 1779 1744 843 808 1799 1764 840 805 1779 1744 1799 1764 1783 1748 1785 1750 1800 1765 1790 1755 1798 1763 1800 1765 1785 1750 1796 1761 1801 1766 1802 1767 1795 1760 1801 1766 1796 1761 1784 1749 1803 1768 1787 1752 1787 1752 1803 1768 1789 1754 843 808 1803 1768 1799 1764 845 810 1803 1768 843 808 1799 1764 1803 1768 1784 1749 1800 1765 1804 1769 1790 1755 1790 1755 1805 1770 1795 1760 1804 1769 1805 1770 1790 1755 1803 1768 1806 1771 1789 1754 1792 1757 1806 1771 1793 1758 1793 1758 1806 1771 1797 1762 1789 1754 1806 1771 1792 1757 846 811 1806 1771 845 810 845 810 1806 1771 1803 1768 1801 1766 1807 1772 1802 1767 1802 1767 1807 1772 1808 1773 1805 1770 1809 1774 1795 1760 1806 1771 1810 1775 1797 1762 1798 1763 1810 1775 1800 1765 1797 1762 1810 1775 1798 1763 846 811 1810 1775 1806 1771 848 813 1810 1775 846 811 1809 1774 1811 1776 1795 1760 1795 1760 1811 1776 1801 1766 1812 1777 1813 1778 793 758 793 758 1813 1778 802 767 802 767 1813 1778 820 785 772 737 1814 1779 768 733 785 750 1814 1779 602 567 602 567 1814 1779 798 763 798 763 1814 1779 777 742 768 733 1814 1779 785 750 773 738 1814 1779 772 737 777 742 1814 1779 773 738 1807 1772 1815 1780 1808 1773 1808 1773 1815 1780 1816 1781 1801 1766 1817 1782 1807 1772 1811 1776 1817 1782 1801 1766 1817 1782 1818 1783 1807 1772 850 815 1819 1784 848 813 1804 1769 1819 1784 1805 1770 1800 1765 1819 1784 1804 1769 848 813 1819 1784 1810 1775 1810 1775 1819 1784 1800 1765 1816 1781 1820 1785 1821 1786 1815 1780 1820 1785 1816 1781 1807 1772 1822 1787 1815 1780 1818 1783 1822 1787 1807 1772 853 818 1823 1788 850 815 1819 1784 1823 1788 1805 1770 1805 1770 1823 1788 1809 1774 1809 1774 1823 1788 1811 1776 850 815 1823 1788 1819 1784 1822 1787 1824 1789 1815 1780 1821 1786 1825 1790 1826 1791 1820 1785 1825 1790 1821 1786 1815 1780 1827 1792 1820 1785 1824 1789 1827 1792 1815 1780 853 818 1828 1793 1823 1788 1818 1783 1828 1793 1822 1787 1823 1788 1828 1793 1811 1776 855 820 1828 1793 853 818 1817 1782 1828 1793 1818 1783 1811 1776 1828 1793 1817 1782 1829 1794 1830 1795 1812 1777 1813 1778 1830 1795 820 785 1812 1777 1830 1795 1813 1778 1827 1792 1831 1796 1820 1785 1820 1785 1832 1797 1825 1790 1831 1796 1832 1797 1820 1785 1824 1789 1833 1798 1827 1792 855 820 1833 1798 1828 1793 859 824 1833 1798 855 820 1828 1793 1833 1798 1822 1787 1822 1787 1833 1798 1824 1789 1825 1790 1834 1799 1826 1791 1826 1791 1834 1799 1835 1800 1836 1801 1837 1802 1829 1794 1832 1797 1838 1803 1825 1790 1829 1794 1839 1804 1830 1795 1837 1802 1839 1804 1829 1794 1833 1798 1840 1805 1827 1792 1827 1792 1840 1805 1831 1796 1831 1796 1840 1805 1832 1797 859 824 1840 1805 1833 1798 862 827 1840 1805 859 824 1834 1799 1841 1806 1835 1800 1835 1800 1841 1806 1842 1807 1830 1795 1843 1808 820 785 820 785 1843 1808 836 801 1839 1804 1843 1808 1830 1795 836 801 1843 1808 1839 1804 1825 1790 1844 1809 1834 1799 1838 1803 1844 1809 1825 1790 1834 1799 1845 1810 1841 1806 1844 1809 1845 1810 1834 1799 1841 1806 1846 1811 1842 1807 1842 1807 1846 1811 1847 1812 1836 1801 1848 1813 1837 1802 1839 1804 1848 1813 836 801 1837 1802 1848 1813 1839 1804 1838 1803 1849 1814 1844 1809 1840 1805 1849 1814 1832 1797 1832 1797 1849 1814 1838 1803 862 827 1849 1814 1840 1805 1844 1809 1849 1814 1845 1810 866 831 1849 1814 862 827 1845 1810 1850 1815 1841 1806 1841 1806 1851 1816 1846 1811 1850 1815 1851 1816 1841 1806 1852 1817 1853 1818 1836 1801 1846 1811 1854 1819 1847 1812 1847 1812 1854 1819 1855 1820 811 776 1856 1821 817 782 1857 1822 1856 1821 834 799 806 771 1856 1821 807 772 805 770 1856 1821 806 771 834 799 1856 1821 804 769 804 769 1856 1821 805 770 807 772 1856 1821 811 776 1836 1801 1858 1823 1848 1813 1853 1818 1858 1823 1836 1801 1846 1811 1859 1824 1854 1819 1851 1816 1859 1824 1846 1811 836 801 1860 1825 857 822 1848 1813 1860 1825 836 801 857 822 1860 1825 1858 1823 1858 1823 1860 1825 1848 1813 1859 1824 1861 1826 1854 1819 814 779 1862 1827 826 791 1845 1810 1863 1828 1850 1815 1849 1814 1863 1828 1845 1810 1850 1815 1863 1828 1851 1816 866 831 1863 1828 1849 1814 1851 1816 1863 1828 1859 1824 867 832 1863 1828 866 831 1854 1819 1864 1829 1855 1820 1855 1820 1864 1829 1865 1830 1854 1819 1866 1831 1864 1829 1861 1826 1866 1831 1854 1819 824 789 1867 1832 827 792 821 786 1867 1832 822 787 827 792 1867 1832 829 794 817 782 1867 1832 818 783 818 783 1867 1832 821 786 822 787 1867 1832 824 789 1853 1818 1868 1833 1858 1823 1852 1817 1868 1833 1853 1818 867 832 1869 1834 1863 1828 1863 1828 1869 1834 1859 1824 1861 1826 1869 1834 1866 1831 868 833 1869 1834 867 832 1859 1824 1869 1834 1861 1826 1866 1831 1870 1835 1864 1829 815 780 1871 1836 809 774 816 781 1871 1836 605 570 605 570 1871 1836 607 572 841 806 1871 1836 815 780 809 774 1871 1836 816 781 1864 1829 1872 1837 1865 1830 1865 1830 1872 1837 1873 1838 1874 1839 1875 1840 1852 1817 1864 1829 1876 1841 1872 1837 1870 1835 1876 1841 1864 1829 1875 1840 1877 1842 1852 1817 1852 1817 1877 1842 1868 1833 1866 1831 1878 1843 1870 1835 870 835 1878 1843 868 833 1869 1834 1878 1843 1866 1831 868 833 1878 1843 1869 1834 1870 1835 1878 1843 1876 1841 1867 1832 1879 1844 829 794 829 794 1879 1844 835 800 1880 1845 1879 1844 1881 1846 1881 1846 1879 1844 1867 1832 1876 1841 1882 1847 1872 1837 1872 1837 1883 1848 1873 1838 1873 1838 1883 1848 1884 1849 1856 1821 1885 1850 817 782 1857 1822 1885 1850 1856 1821 1881 1846 1885 1850 1880 1845 1867 1832 1885 1850 1881 1846 817 782 1885 1850 1867 1832 1886 1851 1887 1852 1862 1827 826 791 1887 1852 834 799 1862 1827 1887 1852 826 791 857 822 1888 1853 872 837 1868 1833 1888 1853 1858 1823 1877 1842 1888 1853 1868 1833 872 837 1888 1853 1877 1842 1858 1823 1888 1853 857 822 1882 1847 1889 1854 1872 1837 1872 1837 1889 1854 1883 1848 870 835 1890 1855 1878 1843 1876 1841 1890 1855 1882 1847 1878 1843 1890 1855 1876 1841 1882 1847 1890 1855 1889 1854 874 839 1890 1855 870 835 1874 1839 1891 1856 1875 1840 1875 1840 1891 1856 1877 1842 1877 1842 1891 1856 872 837 1886 1851 1892 1857 1887 1852 1889 1854 1893 1858 1883 1848 1883 1848 1894 1859 1884 1849 1884 1849 1894 1859 1895 1860 1893 1858 1896 1861 1883 1848 1883 1848 1896 1861 1894 1859 1886 1851 1897 1862 1892 1857 616 581 1897 1862 611 576 1892 1857 1898 1863 1887 1852 877 842 1899 1864 874 839 1889 1854 1899 1864 1893 1858 1890 1855 1899 1864 1889 1854 874 839 1899 1864 1890 1855 1893 1858 1899 1864 1896 1861 1900 1865 1901 1866 1874 1839 1896 1861 1902 1867 1894 1859 1885 1850 1903 1868 1880 1845 1857 1822 1903 1868 1885 1850 1894 1859 1904 1869 1895 1860 1895 1860 1904 1869 1905 1870 1874 1839 1906 1871 1891 1856 1901 1866 1906 1871 1874 1839 834 799 1907 1872 1857 1822 1887 1852 1907 1872 834 799 1894 1859 1908 1873 1904 1869 1902 1867 1908 1873 1894 1859 1906 1871 1909 1874 1891 1856 872 837 1909 1874 885 850 1891 1856 1909 1874 872 837 885 850 1909 1874 1906 1871 607 572 1910 1875 613 578 1871 1836 1910 1875 607 572 841 806 1910 1875 1871 1836 860 825 1911 1876 841 806 1911 1876 1912 1877 841 806 841 806 1912 1877 1910 1875 1910 1875 1912 1877 613 578 1896 1861 1913 1878 1902 1867 880 845 1913 1878 877 842 1899 1864 1913 1878 1896 1861 877 842 1913 1878 1899 1864 1902 1867 1913 1878 1908 1873 1908 1873 1914 1879 1904 1869 1887 1852 1915 1880 1907 1872 1898 1863 1915 1880 1887 1852 1914 1879 1916 1881 1904 1869 1901 1866 1917 1882 1906 1871 1900 1865 1917 1882 1901 1866 1906 1871 1917 1882 885 850 1908 1873 1918 1883 1914 1879 1914 1879 1918 1883 1916 1881 1913 1878 1918 1883 1908 1873 880 845 1918 1883 1913 1878 882 847 1918 1883 880 845 884 849 1918 1883 882 847 617 582 1919 1884 616 581 1898 1863 1919 1884 1915 1880 1897 1862 1919 1884 1892 1857 616 581 1919 1884 1897 1862 1892 1857 1919 1884 1898 1863 1916 1881 1920 1885 1904 1869 1905 1870 1920 1885 1921 1886 1921 1886 1920 1885 1922 1887 1904 1869 1920 1885 1905 1870 842 807 1923 1888 844 809 1915 1880 1924 1889 1907 1872 860 825 1925 1890 1911 1876 1911 1876 1925 1890 1912 1877 1912 1877 1925 1890 613 578 849 814 1926 1891 852 817 854 819 1926 1891 858 823 1923 1888 1926 1891 844 809 844 809 1926 1891 847 812 852 817 1926 1891 854 819 847 812 1926 1891 849 814 858 823 1927 1892 861 826 861 826 1927 1892 863 828 1928 1893 1927 1892 1923 1888 1923 1888 1927 1892 1926 1891 1926 1891 1927 1892 858 823 1916 1881 1929 1894 1920 1885 1930 1895 1931 1896 1900 1865 1929 1894 1932 1897 1920 1885 1920 1885 1932 1897 1922 1887 1916 1881 1933 1898 1929 1894 1918 1883 1933 1898 1916 1881 884 849 1933 1898 1918 1883 894 859 1933 1898 884 849 1900 1865 1934 1899 1917 1882 1931 1896 1934 1899 1900 1865 1929 1894 1935 1900 1932 1897 1933 1898 1935 1900 1929 1894 885 850 1936 1901 889 854 1917 1882 1936 1901 885 850 1934 1899 1936 1901 1917 1882 889 854 1936 1901 1934 1899 1932 1897 1937 1902 1922 1887 1922 1887 1937 1902 1938 1903 1903 1868 1939 1904 1880 1845 1935 1900 1940 1905 1932 1897 1932 1897 1940 1905 1937 1902 1923 1888 1941 1906 1928 1893 875 840 1942 1907 860 825 613 578 1943 1908 621 586 1925 1890 1943 1908 613 578 1942 1907 1944 1909 860 825 1925 1890 1944 1909 1943 1908 860 825 1944 1909 1925 1890 1943 1908 1944 1909 621 586 617 582 1945 1910 1919 1884 1915 1880 1945 1910 1924 1889 1919 1884 1945 1910 1915 1880 1924 1889 1945 1910 1946 1911 625 590 1945 1910 617 582 1940 1905 1947 1912 1937 1902 1930 1895 1948 1913 1931 1896 1934 1899 1948 1913 889 854 1931 1896 1948 1913 1934 1899 1947 1912 1949 1914 1937 1902 1938 1903 1949 1914 1950 1915 1937 1902 1949 1914 1938 1903 1947 1912 1951 1916 1949 1914 1940 1905 1952 1917 1947 1912 895 860 1952 1917 894 859 1935 1900 1952 1917 1940 1905 1947 1912 1952 1917 1951 1916 894 859 1952 1917 1933 1898 1933 1898 1952 1917 1935 1900 863 828 1953 1918 865 830 865 830 1953 1918 869 834 1927 1892 1953 1918 863 828 1928 1893 1953 1918 1927 1892 1951 1916 1954 1919 1949 1914 1952 1917 1954 1919 1951 1916 1955 1920 1956 1921 1930 1895 1928 1893 1957 1922 1953 1918 888 853 1958 1923 892 857 887 852 1958 1923 888 853 873 838 1958 1923 876 841 1957 1922 1958 1923 1953 1918 869 834 1958 1923 873 838 1953 1918 1958 1923 869 834 876 841 1958 1923 879 844 883 848 1958 1923 887 852 879 844 1958 1923 881 846 881 846 1958 1923 883 848 1942 1907 1959 1924 1944 1909 1944 1909 1959 1924 621 586 875 840 1959 1924 1942 1907 1928 1893 1960 1925 1957 1922 1957 1922 1960 1925 1958 1923 1956 1921 1961 1926 1930 1895 1930 1895 1961 1926 1948 1913 625 590 1962 1927 1945 1910 1946 1911 1962 1927 1963 1928 627 592 1962 1927 625 590 1945 1910 1962 1927 1946 1911 1949 1914 1964 1929 1950 1915 1965 1930 1964 1929 1954 1919 1950 1915 1964 1929 1966 1931 1954 1919 1964 1929 1949 1914 895 860 1967 1932 1952 1917 1952 1917 1967 1932 1954 1919 1954 1919 1967 1932 1965 1930 896 861 1967 1932 895 860 1963 1928 1968 1933 1939 1904 1962 1927 1968 1933 1963 1928 1948 1913 1969 1934 889 854 1961 1926 1969 1934 1948 1913 889 854 1969 1934 903 868 903 868 1969 1934 1961 1926 1965 1930 1970 1935 1964 1929 1967 1932 1970 1935 1965 1930 1970 1935 1971 1936 1964 1929 901 866 1972 1937 897 862 896 861 1972 1937 1967 1932 1967 1932 1972 1937 1970 1935 1970 1935 1972 1937 1971 1936 897 862 1972 1937 896 861 1961 1926 1973 1938 903 868 1956 1921 1973 1938 1961 1926 1955 1920 1973 1938 1956 1921 1958 1923 1974 1939 892 857 1928 1893 1974 1939 1960 1925 1960 1925 1974 1939 1958 1923 875 840 1975 1940 1959 1924 1959 1924 1976 1941 621 586 621 586 1976 1941 631 596 631 596 1976 1941 1975 1940 1975 1940 1976 1941 1959 1924 871 836 1977 1942 875 840 891 856 1977 1942 871 836 875 840 1977 1942 1975 1940 1972 1937 1978 1943 1971 1936 910 875 1978 1943 901 866 901 866 1978 1943 1972 1937 1964 1929 1979 1944 1966 1931 1966 1931 1979 1944 1980 1945 1971 1936 1979 1944 1964 1929 1978 1943 1981 1946 1971 1936 1971 1936 1981 1946 1979 1944 1982 1947 1983 1948 1955 1920 1974 1939 1984 1949 1985 1950 1928 1893 1984 1949 1974 1939 627 592 1986 1951 1962 1927 1962 1927 1986 1951 1968 1933 639 604 1986 1951 627 592 1968 1933 1986 1951 1987 1952 1983 1948 1988 1953 1955 1920 1955 1920 1988 1953 1973 1938 1988 1953 1989 1954 1973 1938 914 879 1989 1954 1988 1953 1973 1938 1989 1954 903 868 903 868 1989 1954 914 879 1978 1943 1990 1955 1981 1946 1981 1946 1990 1955 1979 1944 1979 1944 1991 1956 1980 1945 1990 1955 1991 1956 1979 1944 1980 1945 1991 1956 1992 1957 1977 1942 1993 1958 1975 1940 1975 1940 1993 1958 631 596 891 856 1993 1958 1977 1942 1987 1952 1994 1959 1995 1960 1990 1955 1996 1961 1991 1956 1983 1948 1997 1962 1988 1953 1990 1955 1998 1963 1996 1961 1978 1943 1998 1963 1990 1955 911 876 1998 1963 910 875 910 875 1998 1963 1978 1943 1998 1963 1999 1964 1996 1961 892 857 2000 1965 893 858 893 858 2000 1965 898 863 1985 1950 2000 1965 1974 1939 902 867 2000 1965 905 870 905 870 2000 1965 908 873 898 863 2000 1965 900 865 1974 1939 2000 1965 892 857 2001 1966 2000 1965 1985 1950 900 865 2000 1965 902 867 1984 1949 2002 1967 1985 1950 2003 1968 2004 1969 1982 1947 1996 1961 2005 1970 1991 1956 1991 1956 2005 1970 1992 1957 1999 1964 2005 1970 1996 1961 1992 1957 2005 1970 2006 1971 906 871 2007 1972 891 856 1983 1948 2008 1973 1997 1962 2004 1969 2008 1973 1982 1947 1982 1947 2008 1973 1983 1948 1993 1958 2009 1974 631 596 631 596 2009 1974 640 605 1993 1958 2010 1975 2009 1974 891 856 2010 1975 1993 1958 2007 1972 2010 1975 891 856 2009 1974 2010 1975 640 605 1999 1964 2011 1976 2005 1970 1998 1963 2011 1976 1999 1964 639 604 2012 1977 1986 1951 1986 1951 2012 1977 1987 1952 648 613 2012 1977 639 604 1994 1959 2012 1977 2013 1978 1987 1952 2012 1977 1994 1959 1988 1953 2014 1979 914 879 1997 1962 2014 1979 1988 1953 2008 1973 2014 1979 1997 1962 914 879 2014 1979 924 889 911 876 2015 1980 1998 1963 912 877 2015 1980 911 876 1998 1963 2015 1980 2011 1976 2011 1976 2016 1981 2005 1970 2015 1980 2016 1981 2011 1976 2004 1969 2017 1982 2008 1973 2003 1968 2017 1982 2004 1969 2008 1973 2017 1982 2014 1979 2014 1979 2017 1982 924 889 906 871 2018 1983 2007 1972 2010 1975 2018 1983 640 605 2007 1972 2018 1983 2010 1975 912 877 2019 1984 2015 1980 921 886 2019 1984 912 877 2015 1980 2019 1984 2016 1981 2013 1978 2020 1985 2002 1967 2012 1977 2020 1985 2013 1978 2019 1984 2021 1986 2016 1981 2021 1986 2022 1987 2016 1981 2005 1970 2022 1987 2006 1971 2006 1971 2022 1987 2023 1988 2016 1981 2022 1987 2005 1970 2024 1989 2025 1990 2003 1968 2021 1986 2026 1991 2022 1987 2019 1984 2026 1991 2021 1986 2025 1990 2027 1992 2003 1968 2003 1968 2027 1992 2017 1982 916 881 2028 1993 906 871 2020 1985 2029 1994 2002 1967 2002 1967 2029 1994 1985 1950 931 896 2030 1995 2027 1992 2027 1992 2030 1995 2017 1982 924 889 2030 1995 931 896 2017 1982 2030 1995 924 889 2028 1993 2031 1996 906 871 906 871 2031 1996 2018 1983 2022 1987 2032 1997 2023 1988 2026 1991 2032 1997 2022 1987 2023 1988 2032 1997 2033 1998 2031 1996 2034 1999 2018 1983 644 609 2034 1999 2031 1996 640 605 2034 1999 644 609 2018 1983 2034 1999 640 605 919 884 2035 2000 928 893 928 893 2035 2000 2001 1966 908 873 2035 2000 909 874 917 882 2035 2000 919 884 2000 1965 2035 2000 908 873 2001 1966 2035 2000 2000 1965 909 874 2035 2000 915 880 915 880 2035 2000 917 882 648 613 2036 2001 2012 1977 656 621 2036 2001 648 613 2012 1977 2036 2001 2020 1985 2020 1985 2036 2001 2029 1994 2026 1991 2037 2002 2032 1997 2029 1994 2038 2003 1985 1950 1985 1950 2038 2003 2001 1966 2026 1991 2039 2004 2037 2002 2019 1984 2039 2004 2026 1991 921 886 2039 2004 2019 1984 922 887 2039 2004 921 886 2029 1994 2040 2005 2038 2003 2039 2004 2041 2006 2037 2002 2025 1990 2042 2007 2027 1992 2027 1992 2042 2007 931 896 2024 1989 2042 2007 2025 1990 2028 1993 2043 2008 2031 1996 916 881 2043 2008 2028 1993 2031 1996 2043 2008 644 609 2041 2006 2044 2009 2037 2002 2037 2002 2044 2009 2032 1997 2032 1997 2044 2009 2033 1998 2033 1998 2044 2009 2045 2010 2036 2001 2046 2011 2029 1994 2029 1994 2046 2011 2040 2005 656 621 2046 2011 2036 2001 657 622 2046 2011 656 621 2039 2004 2047 2012 2041 2006 2041 2006 2047 2012 2044 2009 926 891 2048 2013 922 887 922 887 2048 2013 2039 2004 2039 2004 2048 2013 2047 2012 2049 2014 2050 2015 2024 1989 2047 2012 2051 2016 2044 2009 2048 2013 2051 2016 2047 2012 2046 2011 2052 2017 2040 2005 2040 2005 2052 2017 2038 2003 2024 1989 2053 2018 2042 2007 2050 2015 2053 2018 2024 1989 931 896 2054 2019 939 904 2042 2007 2054 2019 931 896 939 904 2054 2019 2053 2018 2053 2018 2054 2019 2042 2007 927 892 2055 2020 916 881 2055 2020 2056 2021 916 881 916 881 2056 2021 2043 2008 934 899 2057 2022 926 891 926 891 2057 2022 2048 2013 2048 2013 2057 2022 2051 2016 644 609 2058 2023 666 631 666 631 2058 2023 2056 2021 2043 2008 2058 2023 644 609 2056 2021 2058 2023 2043 2008 2038 2003 2059 2024 2001 1966 2001 1966 2059 2024 928 893 2052 2017 2059 2024 2038 2003 2051 2016 2060 2025 2044 2009 2057 2022 2060 2025 2051 2016 2052 2017 2061 2026 2059 2024 2044 2009 2062 2027 2045 2010 2060 2025 2062 2027 2044 2009 2045 2010 2062 2027 2063 2028 2050 2015 2064 2029 2053 2018 2052 2017 2065 2030 2061 2026 2046 2011 2065 2030 2052 2017 674 639 2065 2030 657 622 657 622 2065 2030 2046 2011 2060 2025 2066 2031 2062 2027 2057 2022 2066 2031 2060 2025 927 892 2067 2032 2055 2020 2056 2021 2067 2032 666 631 2055 2020 2067 2032 2056 2021 2068 2033 2069 2034 2049 2014 2057 2022 2070 2035 2066 2031 936 901 2070 2035 934 899 934 899 2070 2035 2057 2022 2049 2014 2071 2036 2050 2015 2050 2015 2071 2036 2064 2029 2069 2034 2071 2036 2049 2014 2061 2026 2072 2037 2059 2024 2065 2030 2072 2037 2061 2026 2070 2035 2073 2038 2066 2031 2064 2029 2074 2039 2053 2018 2071 2036 2074 2039 2064 2029 939 904 2074 2039 948 913 2053 2018 2074 2039 939 904 2062 2027 2075 2040 2063 2028 2073 2038 2075 2040 2066 2031 2066 2031 2075 2040 2062 2027 2063 2028 2075 2040 2076 2041 2059 2024 2077 2042 928 893 928 893 2077 2042 937 902 2072 2037 2078 2043 2059 2024 2059 2024 2078 2043 2077 2042 2068 2033 2079 2044 2069 2034 2069 2034 2079 2044 2071 2036 2071 2036 2079 2044 2074 2039 2073 2038 2080 2045 2075 2040 2070 2035 2080 2045 2073 2038 2067 2032 2081 2046 666 631 927 892 2082 2047 2067 2032 2081 2046 2082 2047 2083 2048 2067 2032 2082 2047 2081 2046 674 639 2084 2049 2065 2030 2072 2037 2084 2049 2078 2043 2065 2030 2084 2049 2072 2037 683 648 2084 2049 674 639 936 901 2085 2050 2070 2035 2070 2035 2085 2050 2080 2045 944 909 2085 2050 936 901 2086 2051 2087 2052 2068 2033 2068 2033 2088 2053 2079 2044 2087 2052 2088 2053 2068 2033 948 913 2089 2054 964 929 2074 2039 2089 2054 948 913 2079 2044 2089 2054 2074 2039 964 929 2089 2054 2088 2053 2088 2053 2089 2054 2079 2044 2082 2047 2090 2055 2083 2048 941 906 2090 2055 2091 2056 2091 2056 2090 2055 2082 2047 2080 2045 2092 2057 2075 2040 2085 2050 2092 2057 2080 2045 2075 2040 2092 2057 2076 2041 952 917 2092 2057 944 909 944 909 2092 2057 2085 2050 2076 2041 2092 2057 2093 2058 2093 2058 2092 2057 959 924 959 924 2092 2057 952 917 666 631 2094 2059 665 630 665 630 2094 2059 955 920 692 657 2095 2060 683 648 2078 2043 2095 2060 2077 2042 2084 2049 2095 2060 2078 2043 683 648 2095 2060 2084 2049 2086 2051 2096 2061 2087 2052 2088 2053 2096 2061 964 929 2087 2052 2096 2061 2088 2053 955 920 2097 2062 957 922 2094 2059 2097 2062 955 920 957 922 2097 2062 2083 2048 2081 2046 2097 2062 666 631 2083 2048 2097 2062 2081 2046 666 631 2097 2062 2094 2059 2090 2055 2098 2063 2083 2048 950 915 2099 2064 941 906 2090 2055 2100 2065 2098 2063 2099 2064 2100 2065 941 906 941 906 2100 2065 2090 2055 2098 2063 2100 2065 986 951 2101 2066 2102 2067 2086 2051 2102 2067 2103 2068 2086 2051 2086 2051 2103 2068 2096 2061 964 929 2104 2069 970 935 2103 2068 2104 2069 2096 2061 970 935 2104 2069 2103 2068 2096 2061 2104 2069 964 929 950 915 2105 2070 2099 2064 2099 2064 2105 2070 2100 2065 2100 2065 2105 2070 986 951 2102 2067 2106 2071 2103 2068 2103 2068 2106 2071 970 935 2101 2066 2106 2071 2102 2067 957 922 2107 2072 974 939 2083 2048 2107 2072 957 922 2098 2063 2108 2073 2083 2048 2107 2072 2108 2073 974 939 2083 2048 2108 2073 2107 2072 974 939 2108 2073 975 940 986 951 2108 2073 2098 2063 975 940 2108 2073 986 951 2109 2074 2110 2075 2101 2066 2101 2066 2111 2076 2106 2071 2110 2075 2111 2076 2101 2066 2106 2071 2112 2077 970 935 2111 2076 2112 2077 2106 2071 970 935 2112 2077 992 957 984 949 2113 2078 985 950 986 951 2113 2078 984 949 2105 2070 2113 2078 986 951 2113 2078 2114 2079 985 950 950 915 2114 2079 2105 2070 2105 2070 2114 2079 2113 2078 950 915 2115 2080 2114 2079 2116 2081 2117 2082 2109 2074 2109 2074 2117 2082 2110 2075 2110 2075 2118 2083 2111 2076 2117 2082 2118 2083 2110 2075 2119 2084 2120 2085 2116 2081 2116 2081 2120 2085 2117 2082 2117 2082 2121 2086 2118 2083 710 675 2122 2087 963 928 963 928 2122 2087 976 941 2114 2079 2123 2088 985 950 972 937 2123 2088 2115 2080 2115 2080 2123 2088 2114 2079 2117 2082 2124 2089 2121 2086 2112 2077 2125 2090 992 957 2111 2076 2125 2090 2112 2077 2118 2083 2125 2090 2111 2076 2121 2086 2125 2090 2118 2083 992 957 2125 2090 1007 972 2120 2085 2126 2091 2117 2082 2117 2082 2126 2091 2124 2089 976 941 2127 2092 982 947 2122 2087 2127 2092 976 941 996 961 2127 2092 997 962 982 947 2127 2092 996 961 2128 2093 2129 2094 2119 2084 2119 2084 2129 2094 2120 2085 710 675 2130 2095 2122 2087 997 962 2130 2095 710 675 2122 2087 2130 2095 2127 2092 2127 2092 2130 2095 997 962 2120 2085 2131 2096 2126 2091 2129 2094 2132 2097 2120 2085 2120 2085 2132 2097 2131 2096 2121 2086 2133 2098 2125 2090 2126 2091 2133 2098 2124 2089 2124 2089 2133 2098 2121 2086 2125 2090 2133 2098 1007 972 1007 972 2133 2098 1013 978 2134 2099 2135 2100 2128 2093 2128 2093 2135 2100 2129 2094 2129 2094 2136 2101 2132 2097 2123 2088 2137 2102 985 950 2131 2096 2138 2103 2126 2091 1013 978 2138 2103 1015 980 2132 2097 2138 2103 2131 2096 2126 2091 2138 2103 2133 2098 2133 2098 2138 2103 1013 978 995 960 2139 2104 972 937 2137 2102 2140 2105 1032 997 972 937 2140 2105 2123 2088 2139 2104 2140 2105 972 937 2123 2088 2140 2105 2137 2102 2129 2094 2141 2106 2136 2101 2135 2100 2141 2106 2129 2094 702 667 2142 2107 711 676 989 954 2142 2107 702 667 987 952 2143 2108 967 932 2135 2100 2144 2109 2141 2106 975 940 2145 2110 973 938 973 938 2145 2110 1003 968 2144 2109 2146 2111 2141 2106 2132 2097 2146 2111 2138 2103 2138 2103 2146 2111 1015 980 1015 980 2146 2111 1018 983 2141 2106 2146 2111 2136 2101 2136 2101 2146 2111 2132 2097 967 932 2147 2112 977 942 977 942 2147 2112 1009 974 2143 2108 2147 2112 967 932 1003 968 2148 2113 1004 969 2145 2110 2148 2113 1003 968 975 940 2148 2113 2145 2110 984 949 2148 2113 975 940 2149 2114 2150 2115 2134 2099 2134 2099 2150 2115 2135 2100 2148 2113 2151 2116 1004 969 984 949 2151 2116 2148 2113 983 948 2151 2116 984 949 1004 969 2151 2116 983 948 1009 974 2152 2117 1010 975 2147 2112 2152 2117 1009 974 2143 2108 2152 2117 2147 2112 987 952 2153 2118 2143 2108 2152 2117 2153 2118 1010 975 2143 2108 2153 2118 2152 2117 988 953 2153 2118 987 952 1010 975 2153 2118 988 953 2142 2107 2154 2119 711 676 989 954 2154 2119 2142 2107 2135 2100 2155 2120 2144 2109 2150 2115 2155 2120 2135 2100 2156 2121 2157 2122 2149 2114 2149 2114 2157 2122 2150 2115 2139 2104 2158 2123 2140 2105 2140 2105 2158 2123 1032 997 995 960 2158 2123 2139 2104 1043 1008 2159 2124 990 955 989 954 2159 2124 2154 2119 2154 2119 2159 2124 1043 1008 990 955 2159 2124 989 954 2155 2120 2160 2125 2144 2109 2146 2111 2160 2125 1018 983 2144 2109 2160 2125 2146 2111 1018 983 2160 2125 2161 2126 983 948 2162 2127 1021 986 985 950 2162 2127 983 948 2155 2120 2163 2128 2160 2125 2150 2115 2163 2128 2155 2120 2157 2122 2163 2128 2150 2115 1022 987 2164 2129 1032 997 1021 986 2164 2129 1022 987 1032 997 2164 2129 2137 2102 2162 2127 2164 2129 1021 986 985 950 2164 2129 2162 2127 2137 2102 2164 2129 985 950 2165 2130 2166 2131 2156 2121 2156 2121 2166 2131 2157 2122 2166 2131 2167 2132 2157 2122 2157 2122 2167 2132 2163 2128 2166 2131 2168 2133 2167 2132 718 683 2169 2134 1028 993 711 676 2169 2134 718 683 2158 2123 2170 2135 1032 997 1032 997 2170 2135 1033 998 1033 998 2170 2135 1035 1000 1011 976 2171 2136 995 960 1043 1008 2172 2137 2154 2119 2154 2119 2172 2137 711 676 711 676 2172 2137 2169 2134 2169 2134 2172 2137 1028 993 2173 2138 2174 2139 2165 2130 2165 2130 2174 2139 2166 2131 995 960 2175 2140 2158 2123 2158 2123 2175 2140 2170 2135 2171 2136 2175 2140 995 960 2170 2135 2175 2140 1035 1000 2166 2131 2176 2141 2168 2133 2163 2128 2177 2142 2160 2125 2161 2126 2177 2142 1046 1011 2176 2141 2177 2142 2168 2133 2160 2125 2177 2142 2161 2126 2167 2132 2177 2142 2163 2128 2168 2133 2177 2142 2167 2132 721 686 2178 2143 709 674 709 674 2178 2143 1016 981 1009 974 2179 2144 990 955 990 955 2179 2144 1043 1008 2174 2139 2180 2145 2166 2131 2166 2131 2180 2145 2176 2141 1046 1011 2181 2146 1044 1009 2180 2145 2181 2146 2176 2141 2177 2142 2181 2146 1046 1011 2176 2141 2181 2146 2177 2142 2174 2139 2182 2147 2180 2145 2173 2138 2183 2148 2174 2139 2184 2149 2183 2148 2173 2138 2183 2148 2185 2150 2174 2139 2174 2139 2185 2150 2182 2147 1046 1011 2186 2151 2161 2126 1018 983 2186 2151 1025 990 1047 1012 2186 2151 1046 1011 2161 2126 2186 2151 1018 983 1025 990 2186 2151 1047 1012 2179 2144 2187 2152 1043 1008 1043 1008 2187 2152 1041 1006 1043 1008 2188 2153 2172 2137 1030 995 2188 2153 1043 1008 1028 993 2188 2153 1030 995 2172 2137 2188 2153 1028 993 1012 977 2189 2154 1006 971 999 964 2189 2154 1011 976 1014 979 2189 2154 1012 977 1006 971 2189 2154 999 964 2178 2143 2190 2155 1016 981 1016 981 2190 2155 1031 996 1049 1014 2190 2155 1057 1022 1031 996 2190 2155 1049 1014 2182 2147 2191 2156 2180 2145 2180 2145 2191 2156 2181 2146 2185 2150 2191 2156 2182 2147 2181 2146 2191 2156 1044 1009 1044 1009 2191 2156 1051 1016 2179 2144 2192 2157 2187 2152 1011 976 2193 2158 2171 2136 2171 2136 2193 2158 2175 2140 2175 2140 2193 2158 1035 1000 2185 2150 2194 2159 2191 2156 2183 2148 2194 2159 2185 2150 1008 973 2195 2160 1009 974 1009 974 2195 2160 2179 2144 2179 2144 2195 2160 2192 2157 2183 2148 2196 2161 2194 2159 2184 2149 2197 2162 2183 2148 2183 2148 2197 2162 2196 2161 2198 2163 2197 2162 2184 2149 721 686 2199 2164 2178 2143 2190 2155 2199 2164 1057 1022 2178 2143 2199 2164 2190 2155 721 686 2200 2165 2199 2164 730 695 2200 2165 721 686 2189 2154 2201 2166 1011 976 2202 2167 2203 2168 1047 1012 1017 982 2203 2168 1014 979 1014 979 2203 2168 2189 2154 1025 990 2203 2168 1017 982 2201 2166 2203 2168 2202 2167 1047 1012 2203 2168 1025 990 2189 2154 2203 2168 2201 2166 2197 2162 2204 2169 2196 2161 1028 993 2205 2170 725 690 725 690 2205 2170 731 696 2196 2161 2206 2171 2194 2159 2194 2159 2206 2171 2191 2156 2191 2156 2206 2171 1051 1016 1063 1028 2206 2171 1067 1032 1051 1016 2206 2171 1063 1028 2204 2169 2206 2171 2196 2161 2204 2169 2207 2172 2206 2171 2197 2162 2207 2172 2204 2169 1041 1006 2208 2173 1042 1007 2187 2152 2208 2173 1041 1006 1008 973 2208 2173 2195 2160 2192 2157 2208 2173 2187 2152 2195 2160 2208 2173 2192 2157 1042 1007 2208 2173 1008 973 2197 2162 2209 2174 2207 2172 2198 2163 2209 2174 2197 2162 2210 2175 2209 2174 2198 2163 2209 2174 2211 2176 2207 2172 1069 1034 2212 2177 1070 1035 1035 1000 2212 2177 1069 1034 2193 2158 2212 2177 1035 1000 1011 976 2213 2178 2193 2158 2212 2177 2213 2178 1070 1035 2193 2158 2213 2178 2212 2177 2200 2165 2214 2179 2199 2164 2199 2164 2214 2179 1057 1022 730 695 2214 2179 2200 2165 2207 2172 2215 2180 2206 2171 2211 2176 2215 2180 2207 2172 2206 2171 2215 2180 1067 1032 1067 1032 2215 2180 1074 1039 2211 2176 2216 2181 2215 2180 2209 2174 2216 2181 2211 2176 2205 2170 2217 2182 731 696 1028 993 2217 2182 2205 2170 2201 2166 2218 2183 1011 976 2202 2167 2218 2183 2201 2166 1011 976 2218 2183 2213 2178 1028 993 2219 2184 2217 2182 1029 994 2219 2184 1028 993 2217 2182 2219 2184 2220 2185 2220 2185 2219 2184 1029 994 2210 2175 2221 2186 2209 2174 2222 2187 2221 2186 2223 2188 2223 2188 2221 2186 2210 2175 2214 2179 2224 2189 1057 1022 1057 1022 2224 2189 1081 1046 730 695 2225 2190 2214 2179 2224 2189 2225 2190 1081 1046 2214 2179 2225 2190 2224 2189 2209 2174 2226 2191 2216 2181 2221 2186 2226 2191 2209 2174 2215 2180 2227 2192 1074 1039 1074 1039 2227 2192 1094 1059 2226 2191 2227 2192 2216 2181 2216 2181 2227 2192 2215 2180 730 695 2228 2193 2225 2190 738 703 2228 2193 730 695 736 701 2229 2194 1083 1048 731 696 2229 2194 736 701 1094 1059 2230 2195 1092 1057 2222 2187 2230 2195 2221 2186 2221 2186 2230 2195 2226 2191 2227 2192 2230 2195 1094 1059 2226 2191 2230 2195 2227 2192 1092 1057 2230 2195 1098 1063 1098 1063 2230 2195 1096 1061 1096 1061 2230 2195 2231 2196 2231 2196 2230 2195 2222 2187 1065 1030 2232 2197 1048 1013 1048 1013 2232 2197 1024 989 1024 989 2232 2197 2233 2198 731 696 2234 2199 2229 2194 2229 2194 2234 2199 1083 1048 2217 2182 2234 2199 731 696 2220 2185 2234 2199 2217 2182 2202 2167 2235 2200 2218 2183 2213 2178 2235 2200 1070 1035 2218 2183 2235 2200 2213 2178 1062 1027 2236 2201 1029 994 1029 994 2236 2201 2220 2185 2225 2190 2237 2202 1081 1046 2228 2193 2237 2202 2225 2190 738 703 2237 2202 2228 2193 1056 1021 2238 2203 1050 1015 1105 1070 2238 2203 1078 1043 1047 1012 2238 2203 2202 2167 1073 1038 2238 2203 1066 1031 1066 1031 2238 2203 1064 1029 1064 1029 2238 2203 1056 1021 1050 1015 2238 2203 1045 1010 1078 1043 2238 2203 1073 1038 1045 1010 2238 2203 1047 1012 1070 1035 2239 2204 1089 1054 2235 2200 2239 2204 1070 1035 2202 2167 2240 2205 2235 2200 2235 2200 2240 2205 2239 2204 1084 1049 2241 2206 2220 2185 2220 2185 2241 2206 2234 2199 2234 2199 2241 2206 1083 1048 1083 1048 2241 2206 1084 1049 1062 1027 2242 2207 2236 2201 2238 2203 2243 2208 2202 2167 1105 1070 2243 2208 2238 2203 2237 2202 2244 2209 1081 1046 1081 1046 2244 2209 1104 1069 1079 1044 2245 2210 1040 1005 1040 1005 2245 2210 1061 1026 738 703 2246 2211 2237 2202 2237 2202 2246 2211 2244 2209 2244 2209 2246 2211 1104 1069 1076 1041 2247 2212 1039 1004 1062 1027 2248 2213 2242 2207 2249 2214 2248 2213 1061 1026 1061 1026 2248 2213 1062 1027 1034 999 2250 2215 1053 1018 1053 1018 2250 2215 1101 1066 738 703 2251 2216 2246 2211 744 709 2251 2216 738 703 1034 999 2252 2217 2250 2215 1069 1034 2252 2217 1034 999 2202 2167 2253 2218 2240 2205 2232 2197 2254 2219 2233 2198 2233 2198 2254 2219 2255 2220 1065 1030 2254 2219 2232 2197 1060 1025 2256 2221 1110 1075 1039 1004 2256 2221 1060 1025 2247 2212 2256 2221 1039 1004 1088 1053 2257 2222 1065 1030 1065 1030 2257 2222 2254 2219 1103 1068 2258 2223 1068 1033 1068 1033 2258 2223 1069 1034 1069 1034 2258 2223 2252 2217 2239 2204 2259 2224 1089 1054 2240 2205 2259 2224 2239 2204 1091 1056 2259 2224 2253 2218 1089 1054 2259 2224 1091 1056 2253 2218 2259 2224 2240 2205 2247 2212 2260 2225 2256 2221 1083 1048 2261 2226 741 706 2202 2167 2262 2227 2253 2218 1105 1070 2262 2227 2243 2208 2243 2208 2262 2227 2202 2167 2258 2223 2263 2228 2252 2217 2252 2217 2263 2228 2250 2215 2250 2215 2263 2228 1101 1066 1103 1068 2263 2228 2258 2223 1101 1066 2263 2228 1103 1068 1079 1044 2264 2229 2245 2210 2246 2211 2265 2230 1104 1069 744 709 2265 2230 2251 2216 2251 2216 2265 2230 2246 2211 1111 1076 2266 2231 1077 1042 1077 1042 2266 2231 1076 1041 1076 1041 2266 2231 2247 2212 2247 2212 2266 2231 2260 2225 2261 2226 2267 2232 741 706 745 710 2267 2232 1117 1082 741 706 2267 2232 745 710 1087 1052 2268 2233 1055 1020 1079 1044 2269 2234 2264 2229 2270 2235 2269 2234 1080 1045 1080 1045 2269 2234 1079 1044 2264 2229 2269 2234 2270 2235 2256 2221 2271 2236 1110 1075 2260 2225 2271 2236 2256 2221 1111 1076 2271 2236 2266 2231 2266 2231 2271 2236 2260 2225 1110 1075 2271 2236 1111 1076 2261 2226 2272 2237 2267 2232 2268 2233 2273 2238 1055 1020 1055 1020 2273 2238 1077 1042 1077 1042 2273 2238 1127 1092 1083 1048 2274 2239 2261 2226 2261 2226 2274 2239 2272 2237 1082 1047 2274 2239 1083 1048 1118 1083 2274 2239 1082 1047 2268 2233 2275 2240 2273 2238 1104 1069 2276 2241 1134 1099 2265 2230 2276 2241 1104 1069 1117 1082 2277 2242 1118 1083 2267 2232 2277 2242 1117 1082 2272 2237 2277 2242 2267 2232 2274 2239 2277 2242 2272 2237 1118 1083 2277 2242 2274 2239 744 709 2278 2243 2265 2230 2265 2230 2278 2243 2276 2241 2276 2241 2278 2243 1134 1099 749 714 2279 2244 744 709 744 709 2279 2244 2278 2243 1086 1051 2280 2245 1087 1052 1087 1052 2280 2245 2268 2233 1129 1094 2280 2245 1086 1051 2268 2233 2280 2245 2275 2240 1082 1047 2281 2246 1137 1102 1084 1049 2281 2246 1082 1047 2262 2227 2282 2247 2253 2218 1105 1070 2282 2247 2262 2227 2253 2218 2282 2247 1091 1056 2254 2219 2283 2248 2255 2220 2257 2222 2283 2248 2254 2219 2255 2220 2283 2248 2284 2249 1088 1053 2285 2250 2257 2222 2257 2222 2285 2250 2283 2248 2283 2248 2285 2250 2284 2249 1110 1075 2286 2251 1080 1045 1080 1045 2286 2251 2270 2235 1127 1092 2287 2252 1129 1094 2273 2238 2287 2252 1127 1092 2275 2240 2287 2252 2273 2238 1129 1094 2287 2252 2280 2245 2280 2245 2287 2252 2275 2240 2281 2246 2288 2253 1137 1102 1084 1049 2288 2253 2281 2246 1121 1086 2289 2254 1088 1053 1088 1053 2289 2254 2285 2250 1091 1056 2290 2255 1140 1105 1140 1105 2290 2255 1154 1119 2282 2247 2290 2255 1091 1056 2278 2243 2291 2256 1134 1099 2279 2244 2291 2256 2278 2243 749 714 2291 2256 2279 2244 2282 2247 2292 2257 2290 2255 1105 1070 2292 2257 2282 2247 1117 1082 2293 2258 748 713 748 713 2293 2258 751 716 2249 2214 2294 2259 1153 1118 1153 1118 2294 2259 1151 1116 1110 1075 2295 2260 2286 2251 1137 1102 2296 2261 1138 1103 2288 2253 2296 2261 1137 1102 1138 1103 2296 2261 1153 1118 1153 1118 2296 2261 2288 2253 1121 1086 2297 2262 2289 2254 2285 2250 2297 2262 2284 2249 2289 2254 2297 2262 2285 2250 1108 1073 2298 2263 1100 1065 1113 1078 2298 2263 1108 1073 1125 1090 2298 2263 1119 1084 1167 1132 2298 2263 1139 1104 1119 1084 2298 2263 1113 1078 1133 1098 2298 2263 1125 1090 1139 1104 2298 2263 1133 1098 1100 1065 2298 2263 1105 1070 2294 2259 2299 2264 1151 1116 2249 2214 2299 2264 2294 2259 2300 2265 2301 2266 1109 1074 1109 1074 2301 2266 1110 1075 1110 1075 2301 2266 2295 2260 1167 1132 2302 2267 2298 2263 2298 2263 2302 2267 1105 1070 1105 1070 2303 2268 2292 2257 2291 2256 2304 2269 1134 1099 1134 1099 2304 2269 1165 1130 2304 2269 2305 2270 1165 1130 749 714 2305 2270 2291 2256 2291 2256 2305 2270 2304 2269 2303 2268 2306 2271 2292 2257 1171 1136 2306 2271 2303 2268 1154 1119 2306 2271 1171 1136 2292 2257 2306 2271 2290 2255 2290 2255 2306 2271 1154 1119 2293 2258 2307 2272 751 716 1117 1082 2307 2272 2293 2258 1116 1081 2307 2272 1117 1082 1183 1148 2307 2272 1116 1081 749 714 2308 2273 2305 2270 752 717 2308 2273 749 714 1118 1083 2309 2274 1116 1081 1137 1102 2309 2274 1118 1083 2297 2262 2310 2275 2284 2249 2284 2249 2310 2275 2311 2276 1105 1070 2312 2277 2303 2268 2303 2268 2312 2277 1171 1136 2302 2267 2312 2277 1105 1070 1121 1086 2313 2278 2297 2262 2310 2275 2313 2278 2311 2276 2297 2262 2313 2278 2310 2275 1111 1076 2314 2279 1109 1074 1127 1092 2314 2279 1111 1076 1151 1116 2315 2280 1152 1117 1152 1117 2315 2280 2316 2281 2299 2264 2315 2280 1151 1116 1121 1086 2317 2282 2313 2278 1149 1114 2317 2282 1121 1086 2318 2283 2319 2284 1128 1093 1128 1093 2319 2284 1127 1092 1127 1092 2319 2284 2314 2279 2305 2270 2320 2285 1165 1130 2308 2273 2320 2285 2305 2270 752 717 2320 2285 2308 2273 1116 1081 2321 2286 1182 1147 2309 2274 2321 2286 1116 1081 2309 2274 2322 2287 2321 2286 1151 1116 2323 2288 1138 1103 1138 1103 2323 2288 1136 1101 1136 1101 2324 2289 1137 1102 2309 2274 2324 2289 2322 2287 1137 1102 2324 2289 2309 2274 2307 2272 2325 2290 751 716 1183 1148 2325 2290 2307 2272 751 716 2325 2290 753 718 753 718 2325 2290 1189 1154 2313 2278 2326 2291 2311 2276 2317 2282 2326 2291 2313 2278 1149 1114 2326 2291 2317 2282 1167 1132 2327 2292 2302 2267 2302 2267 2327 2292 2312 2277 2312 2277 2327 2292 1171 1136 1171 1136 2327 2292 1209 1174 2320 2285 2328 2293 1165 1130 1165 1130 2328 2293 1217 1182 2320 2285 2329 2294 2328 2293 752 717 2329 2294 2320 2285 2328 2293 2329 2294 1217 1182 752 717 2330 2295 2329 2294 754 719 2330 2295 752 717 2321 2286 2331 2296 1182 1147 1182 1147 2331 2296 1185 1150 1185 1150 2331 2296 1136 1101 2322 2287 2331 2296 2321 2286 2324 2289 2331 2296 2322 2287 1136 1101 2331 2296 2324 2289 1151 1116 2332 2297 2323 2288 2323 2288 2332 2297 1136 1101 1262 1227 2332 2297 1150 1115 1150 1115 2332 2297 1151 1116 1190 1155 2333 2298 1183 1148 1189 1154 2333 2298 1190 1155 1183 1148 2333 2298 2325 2290 2325 2290 2333 2298 1189 1154 2326 2291 2334 2299 2311 2276 2311 2276 2334 2299 2335 2300 2326 2291 2336 2301 2334 2299 2334 2299 2336 2301 2335 2300 1149 1114 2336 2301 2326 2291 1149 1114 2337 2302 2336 2301 1195 1160 2337 2302 1149 1114 754 719 2338 2303 2330 2295 2329 2294 2338 2303 1217 1182 2330 2295 2338 2303 2329 2294 1163 1128 2339 2304 1128 1093 1128 1093 2339 2304 2318 2283 1183 1148 2340 2305 1190 1155 1182 1147 2340 2305 1183 1148 1163 1128 2341 2306 2339 2304 1164 1129 2341 2306 1163 1128 2339 2304 2341 2306 1245 1210 1245 1210 2341 2306 1164 1129 1167 1132 2342 2307 2327 2292 1167 1132 2343 2308 2342 2307 1191 1156 2343 2308 1179 1144 1173 1138 2343 2308 1167 1132 1198 1163 2343 2308 1191 1156 1205 1170 2343 2308 1198 1163 1179 1144 2343 2308 1173 1138 1209 1174 2344 2309 1221 1186 1221 1186 2344 2309 1223 1188 1223 1188 2344 2309 2342 2307 2342 2307 2344 2309 2327 2292 2327 2292 2344 2309 1209 1174 2332 2297 2345 2310 1136 1101 1262 1227 2345 2310 2332 2297 1185 1150 2345 2310 1230 1195 1136 1101 2345 2310 1185 1150 2337 2302 2346 2311 2336 2301 1195 1160 2346 2311 2337 2302 2336 2301 2346 2311 2335 2300 2340 2305 2347 2312 1190 1155 1190 1155 2347 2312 1237 1202 1184 1149 2348 2313 1182 1147 1182 1147 2348 2313 2340 2305 2340 2305 2348 2313 2347 2312 2338 2303 2349 2314 1217 1182 754 719 2350 2315 2338 2303 2338 2303 2350 2315 2349 2314 2349 2314 2350 2315 1316 1281 1215 1180 2351 2316 1210 1175 1205 1170 2351 2316 2343 2308 2342 2307 2351 2316 1223 1188 2343 2308 2351 2316 2342 2307 1210 1175 2351 2316 1205 1170 1189 1154 2352 2317 754 719 1188 1153 2352 2317 1189 1154 754 719 2352 2317 2350 2315 2353 2318 2354 2319 1252 1217 1252 1217 2354 2319 1253 1218 1230 1195 2355 2320 1231 1196 2345 2310 2355 2320 1230 1195 1262 1227 2355 2320 2345 2310 1231 1196 2355 2320 1262 1227 2346 2311 2356 2321 2335 2300 2335 2300 2356 2321 2357 2322 1250 1215 2358 2323 1239 1204 1227 1192 2358 2323 1215 1180 1287 1252 2358 2323 1266 1231 1266 1231 2358 2323 1250 1215 1239 1204 2358 2323 1227 1192 1215 1180 2358 2323 2351 2316 1223 1188 2358 2323 1287 1252 2351 2316 2358 2323 1223 1188 1262 1227 2359 2324 1260 1225 1150 1115 2359 2324 1262 1227 2346 2311 2360 2325 2356 2321 1195 1160 2360 2325 2346 2311 2356 2321 2360 2325 2357 2322 1238 1203 2361 2326 1184 1149 1237 1202 2361 2326 1238 1203 2347 2312 2361 2326 1237 1202 2348 2313 2361 2326 2347 2312 1184 1149 2361 2326 2348 2313 1235 1200 2362 2327 1195 1160 1195 1160 2362 2327 2360 2325 1184 1149 2363 2328 1238 1203 1230 1195 2363 2328 1184 1149 1253 1218 2364 2329 1256 1221 1256 1221 2364 2329 2365 2330 2354 2319 2364 2329 1253 1218 2352 2317 2366 2331 2350 2315 2350 2315 2366 2331 1316 1281 1188 1153 2366 2331 2352 2317 1261 1226 2367 2332 1254 1219 2359 2324 2367 2332 1260 1225 1260 1225 2367 2332 1261 1226 1235 1200 2368 2333 2362 2327 2360 2325 2368 2333 2357 2322 2362 2327 2368 2333 2360 2325 1254 1219 2369 2334 1261 1226 1253 1218 2369 2334 1254 1219 1311 1276 2370 2335 1229 1194 1230 1195 2370 2335 2363 2328 1229 1194 2370 2335 1230 1195 1316 1281 2371 2336 1319 1284 2366 2331 2371 2336 1316 1281 2368 2333 2372 2337 2357 2322 2357 2322 2372 2337 2373 2338 1231 1196 2374 2339 1229 1194 1260 1225 2374 2339 1231 1196 1188 1153 2375 2340 2366 2331 2371 2336 2375 2340 1319 1284 2366 2331 2375 2340 2371 2336 1188 1153 2376 2341 2375 2340 1236 1201 2376 2341 1237 1202 1237 1202 2376 2341 1188 1153 2368 2333 2377 2342 2372 2337 2372 2337 2377 2342 2373 2338 1235 1200 2377 2342 2368 2333 1281 1246 2378 2343 1235 1200 1235 1200 2378 2343 2377 2342 1253 1218 2379 2344 2369 2334 1356 1321 2379 2344 1255 1220 1255 1220 2379 2344 1253 1218 1229 1194 2380 2345 1310 1275 2374 2339 2380 2345 1229 1194 1260 1225 2381 2346 2374 2339 1259 1224 2381 2346 1260 1225 2374 2339 2381 2346 2380 2345 2377 2342 2382 2347 2373 2338 1281 1246 2382 2347 2378 2343 2378 2343 2382 2347 2377 2342 2376 2341 2383 2348 2375 2340 1236 1201 2383 2348 2376 2341 2375 2340 2383 2348 1319 1284 1310 1275 2384 2349 1313 1278 1259 1224 2384 2349 2381 2346 2381 2346 2384 2349 2380 2345 1313 1278 2384 2349 1259 1224 2380 2345 2384 2349 1310 1275 2382 2347 2385 2350 2373 2338 2373 2338 2385 2350 2386 2351 1281 1246 2387 2352 2382 2347 1308 1273 2387 2352 1281 1246 2385 2350 2388 2353 2386 2351 2382 2347 2388 2353 2385 2350 2387 2352 2388 2353 2382 2347 1310 1275 2389 2354 1311 1276 1311 1276 2389 2354 2390 2355 1319 1284 2391 2356 1367 1332 2383 2348 2391 2356 1319 1284 2391 2356 2392 2357 1367 1332 1236 1201 2392 2357 2383 2348 2383 2348 2392 2357 2391 2356 1236 1201 2393 2358 2392 2357 1255 1220 2394 2359 1356 1321 1356 1321 2394 2359 1354 1319 2387 2352 2395 2360 2388 2353 2388 2353 2395 2360 2386 2351 1313 1278 2396 2361 1362 1327 1259 1224 2396 2361 1313 1278 1312 1277 2397 2362 1310 1275 1386 1351 2397 2362 1312 1277 1310 1275 2397 2362 2389 2354 2389 2354 2397 2362 2390 2355 2392 2357 2398 2363 1367 1332 2390 2355 2398 2363 2393 2358 2393 2358 2398 2363 2392 2357 1354 1319 2399 2364 1355 1320 1355 1320 2399 2364 1351 1316 2394 2359 2399 2364 1354 1319 1257 1222 2400 2365 1282 1247 1282 1247 2400 2365 1305 1270 1349 1314 2400 2365 1257 1222 1362 1327 2401 2366 1363 1328 2396 2361 2401 2366 1362 1327 1363 1328 2401 2366 1357 1322 1357 1322 2401 2366 2396 2361 2395 2360 2402 2367 2386 2351 2386 2351 2402 2367 2403 2368 2387 2352 2404 2369 2395 2360 2402 2367 2404 2369 2403 2368 1308 1273 2404 2369 2387 2352 2395 2360 2404 2369 2402 2367 1308 1273 2405 2370 2404 2369 1358 1323 2405 2370 1308 1273 1357 1322 2406 2371 1363 1328 1354 1319 2406 2371 1357 1322 1393 1358 2407 2372 1349 1314 1349 1314 2407 2372 2400 2365 1367 1332 2408 2373 1420 1385 2398 2363 2408 2373 1367 1332 2408 2373 2409 2374 1420 1385 2398 2363 2409 2374 2408 2373 2390 2355 2409 2374 2398 2363 2390 2355 2410 2375 2409 2374 1386 1351 2410 2375 2397 2362 2397 2362 2410 2375 2390 2355 2404 2369 2411 2376 2403 2368 2405 2370 2411 2376 2404 2369 1358 1323 2411 2376 2405 2370 1305 1270 2412 2377 1334 1299 2400 2365 2412 2377 1305 1270 2406 2371 2413 2378 1363 1328 1354 1319 2413 2378 2406 2371 1427 1392 2413 2378 1353 1318 1353 1318 2413 2378 1354 1319 2407 2372 2414 2379 2400 2365 2400 2365 2414 2379 2412 2377 1393 1358 2415 2380 2407 2372 1417 1382 2415 2380 1393 1358 2407 2372 2415 2380 2414 2379 2409 2374 2416 2381 1420 1385 2410 2375 2416 2381 2409 2374 1386 1351 2416 2381 2410 2375 2414 2379 2417 2382 2412 2377 2411 2376 2418 2383 2403 2368 2403 2368 2418 2383 2419 2384 1358 1323 2420 2385 2411 2376 2411 2376 2420 2385 2418 2383 2418 2383 2420 2385 2419 2384 1401 1366 2421 2386 1358 1323 1358 1323 2421 2386 2420 2385 2412 2377 2422 2387 1334 1299 1334 1299 2422 2387 1366 1331 1427 1392 2423 2388 2413 2378 2413 2378 2423 2388 1363 1328 1361 1326 2423 2388 1430 1395 1363 1328 2423 2388 1361 1326 2417 2382 2424 2389 2412 2377 2412 2377 2424 2389 2422 2387 1451 1416 2425 2390 1417 1382 2414 2379 2425 2390 2417 2382 1417 1382 2425 2390 2415 2380 2415 2380 2425 2390 2414 2379 2417 2382 2425 2390 2424 2389 2416 2381 2426 2391 1420 1385 1401 1366 2427 2392 2421 2386 2420 2385 2427 2392 2419 2384 2421 2386 2427 2392 2420 2385 1386 1351 2428 2393 2416 2381 2416 2381 2428 2393 2426 2391 2426 2391 2428 2393 1482 1447 1385 1350 2429 2394 1386 1351 1387 1352 2429 2394 1385 1350 1386 1351 2429 2394 2428 2393 2424 2389 2430 2395 2422 2387 1427 1392 2431 2396 2423 2388 1432 1397 2431 2396 1427 1392 2423 2388 2431 2396 1430 1395 1430 1395 2431 2396 1432 1397 1366 1331 2432 2397 1390 1355 2422 2387 2432 2397 1366 1331 2422 2387 2433 2398 2432 2397 2430 2395 2433 2398 2422 2387 2427 2392 2434 2399 2419 2384 2419 2384 2434 2399 2435 2400 2434 2399 2436 2401 2435 2400 1401 1366 2436 2401 2427 2392 2427 2392 2436 2401 2434 2399 1451 1416 2437 2402 2425 2390 2425 2390 2437 2402 2424 2389 2424 2389 2437 2402 2430 2395 1472 1437 2437 2402 1451 1416 2430 2395 2437 2402 2433 2398 1440 1405 2438 2403 1401 1366 1401 1366 2438 2403 2436 2401 1387 1352 2439 2404 2429 2394 2428 2393 2439 2404 1482 1447 2429 2394 2439 2404 2428 2393 2433 2398 2440 2405 2432 2397 1426 1391 2441 2406 1427 1392 1427 1392 2441 2406 1432 1397 1432 1397 2441 2406 1431 1396 1431 1396 2441 2406 2442 2407 2432 2397 2443 2408 1390 1355 2440 2405 2443 2408 2432 2397 1390 1355 2443 2408 1414 1379 2436 2401 2444 2409 2435 2400 1440 1405 2444 2409 2438 2403 2438 2403 2444 2409 2436 2401 2441 2406 2445 2410 2442 2407 1433 1398 2445 2410 1426 1391 1426 1391 2445 2410 2441 2406 1387 1352 2446 2411 2439 2404 2440 2405 2447 2412 2443 2408 2446 2411 2448 2413 2439 2404 2449 2414 2448 2413 2446 2411 2439 2404 2448 2413 1482 1447 1387 1352 2450 2415 2446 2411 1430 1395 2450 2415 1387 1352 1431 1396 2450 2415 1430 1395 2433 2398 2451 2416 2440 2405 1495 1460 2451 2416 1472 1437 2440 2405 2451 2416 2447 2412 2437 2402 2451 2416 2433 2398 1472 1437 2451 2416 2437 2402 1505 1470 2452 2417 1487 1452 1439 1404 2452 2417 1433 1398 1433 1398 2452 2417 2445 2410 2442 2407 2452 2417 1505 1470 1487 1452 2452 2417 1439 1404 2445 2410 2452 2417 2442 2407 2447 2412 2453 2418 2443 2408 2435 2400 2454 2419 2455 2420 2444 2409 2454 2419 2435 2400 2454 2419 2456 2421 2455 2420 1440 1405 2456 2421 2444 2409 2444 2409 2456 2421 2454 2419 1440 1405 2457 2422 2456 2421 1467 1432 2457 2422 1440 1405 2443 2408 2458 2423 1414 1379 2453 2418 2458 2423 2443 2408 1414 1379 2458 2423 1435 1400 2450 2415 2459 2424 2446 2411 1431 1396 2459 2424 2450 2415 2446 2411 2459 2424 2449 2414 2453 2418 2460 2425 2458 2423 2451 2416 2461 2426 2447 2412 2447 2412 2461 2426 2453 2418 1495 1460 2461 2426 2451 2416 2453 2418 2461 2426 2460 2425 1515 1480 2461 2426 1495 1460 1454 1419 2462 2427 1462 1427 2463 2428 2462 2427 2464 2429 2464 2429 2462 2427 2465 2430 2456 2421 2466 2431 2455 2420 2457 2422 2466 2431 2456 2421 1467 1432 2466 2431 2457 2422 2462 2427 2467 2432 1462 1427 2463 2428 2467 2432 2462 2427 2460 2425 2468 2433 2458 2423 2461 2426 2468 2433 2460 2425 1462 1427 2469 2434 1470 1435 2467 2432 2469 2434 1462 1427 2470 2435 2469 2434 2463 2428 2463 2428 2469 2434 2467 2432 1482 1447 2471 2436 1483 1448 2448 2413 2471 2436 1482 1447 2449 2414 2471 2436 2448 2413 1516 1481 2471 2436 1536 1501 1483 1448 2471 2436 1516 1481 1536 1501 2471 2436 2449 2414 1431 1396 2472 2437 2459 2424 2442 2407 2472 2437 1431 1396 2458 2423 2473 2438 1435 1400 1435 1400 2473 2438 1453 1418 2468 2433 2473 2438 2458 2423 1466 1431 2474 2439 1485 1450 1483 1448 2474 2439 1484 1449 1517 1482 2474 2439 1483 1448 1484 1449 2474 2439 1466 1431 2459 2424 2475 2440 2449 2414 2470 2435 2476 2441 2469 2434 2469 2434 2476 2441 1470 1435 2475 2440 2477 2442 2478 2443 2472 2437 2477 2442 2459 2424 2459 2424 2477 2442 2475 2440 2468 2433 2479 2444 2473 2438 1485 1450 2480 2445 1467 1432 1467 1432 2480 2445 2466 2431 2455 2420 2481 2446 2482 2447 2466 2431 2481 2446 2455 2420 1533 1498 2483 2448 1515 1480 1515 1480 2483 2448 2461 2426 2461 2426 2483 2448 2468 2433 2468 2433 2483 2448 2479 2444 2480 2445 2484 2449 2466 2431 2481 2446 2484 2449 2482 2447 2466 2431 2484 2449 2481 2446 1470 1435 2485 2450 1476 1441 1476 1441 2485 2450 1489 1454 2476 2441 2485 2450 1470 1435 2486 2451 2485 2450 2476 2441 2487 2452 2485 2450 2486 2451 2483 2448 2488 2453 2479 2444 2479 2444 2488 2453 2473 2438 2442 2407 2489 2454 2472 2437 1505 1470 2489 2454 2442 2407 2477 2442 2490 2455 2478 2443 2489 2454 2490 2455 2472 2437 2472 2437 2490 2455 2477 2442 2487 2452 2491 2456 2485 2450 2488 2453 2492 2457 2473 2438 1453 1418 2492 2457 1469 1434 2473 2438 2492 2457 1453 1418 2485 2450 2493 2458 1489 1454 1489 1454 2493 2458 1496 1461 2484 2449 2494 2459 2482 2447 2480 2445 2494 2459 2484 2449 2470 2435 2495 2460 2476 2441 2487 2452 2495 2460 2491 2456 2496 2461 2495 2460 2497 2462 2497 2462 2495 2460 2470 2435 2476 2441 2495 2460 2486 2451 2486 2451 2495 2460 2487 2452 2488 2453 2498 2463 2492 2457 2485 2450 2499 2464 2493 2458 2495 2460 2499 2464 2491 2456 2491 2456 2499 2464 2485 2450 2499 2464 2500 2465 2493 2458 2493 2458 2501 2466 1496 1461 1496 1461 2501 2466 1501 1466 1536 1501 2502 2467 1534 1499 2478 2443 2502 2467 2475 2440 1534 1499 2502 2467 1545 1510 2475 2440 2502 2467 2449 2414 2449 2414 2502 2467 1536 1501 1505 1470 2503 2468 2489 2454 2490 2455 2503 2468 2478 2443 2489 2454 2503 2468 2490 2455 2488 2453 2504 2469 2498 2463 1549 1514 2504 2469 1533 1498 2483 2448 2504 2469 2488 2453 1533 1498 2504 2469 2483 2448 2493 2458 2505 2470 2501 2466 2500 2465 2505 2470 2493 2458 2504 2469 2506 2471 2498 2463 2498 2463 2506 2471 2492 2457 2474 2439 2507 2472 1485 1450 1517 1482 2507 2472 2474 2439 2505 2470 2508 2473 2501 2466 2480 2445 2509 2474 2494 2459 2507 2472 2509 2474 1485 1450 1485 1450 2509 2474 2480 2445 2495 2460 2510 2475 2499 2464 2499 2464 2510 2475 2500 2465 2496 2461 2510 2475 2495 2460 2500 2465 2510 2475 2505 2470 2511 2476 2510 2475 2496 2461 2482 2447 2512 2477 2513 2478 2494 2459 2512 2477 2482 2447 2513 2478 2512 2477 2509 2474 2509 2474 2512 2477 2494 2459 2506 2471 2514 2479 2492 2457 2492 2457 2514 2479 1469 1434 1469 1434 2514 2479 1492 1457 2501 2466 2515 2480 1501 1466 1501 1466 2515 2480 1510 1475 2501 2466 2516 2481 2515 2480 2508 2473 2516 2481 2501 2466 2478 2443 2517 2482 2502 2467 1545 1510 2517 2482 1552 1517 1552 1517 2517 2482 1570 1535 2502 2467 2517 2482 1545 1510 1570 1535 2517 2482 2478 2443 2506 2471 2518 2483 2514 2479 2510 2475 2519 2484 2505 2470 2520 2485 2519 2484 2511 2476 2505 2470 2519 2484 2508 2473 2508 2473 2519 2484 2516 2481 2511 2476 2519 2484 2510 2475 2516 2481 2521 2486 2515 2480 1504 1469 2522 2487 1505 1470 1521 1486 2522 2487 1504 1469 2504 2469 2523 2488 2506 2471 1549 1514 2523 2488 2504 2469 1562 1527 2523 2488 1549 1514 2506 2471 2523 2488 2518 2483 2503 2468 2524 2489 2478 2443 1510 1475 2525 2490 1520 1485 2515 2480 2525 2490 1510 1475 1517 1482 2526 2491 2507 2472 2509 2474 2526 2491 2513 2478 2507 2472 2526 2491 2509 2474 2519 2484 2527 2492 2516 2481 2528 2493 2527 2492 2520 2485 2520 2485 2527 2492 2519 2484 2516 2481 2527 2492 2521 2486 2521 2486 2529 2494 2515 2480 2527 2492 2529 2494 2521 2486 2515 2480 2529 2494 2525 2490 1505 1470 2530 2495 2503 2468 2524 2489 2530 2495 1588 1553 2503 2468 2530 2495 2524 2489 2522 2487 2530 2495 1505 1470 2523 2488 2531 2496 2518 2483 2518 2483 2531 2496 2514 2479 2529 2494 2532 2497 2525 2490 2525 2490 2533 2498 1520 1485 1520 1485 2533 2498 1525 1490 1492 1457 2534 2499 1506 1471 2531 2496 2534 2499 2514 2479 2514 2479 2534 2499 1492 1457 2532 2497 2535 2500 2525 2490 2525 2490 2535 2500 2533 2498 2531 2496 2536 2501 2534 2499 2527 2492 2537 2502 2529 2494 2528 2493 2537 2502 2527 2492 2529 2494 2537 2502 2532 2497 2532 2497 2537 2502 2535 2500 2538 2503 2537 2502 2528 2493 1535 1500 2539 2504 1517 1482 1521 1486 2540 2505 2522 2487 1512 1477 2540 2505 1521 1486 1517 1482 2541 2506 2526 2491 2539 2504 2541 2506 1517 1482 2530 2495 2542 2507 1588 1553 2522 2487 2542 2507 2530 2495 2540 2505 2542 2507 2522 2487 2535 2500 2543 2508 2533 2498 2513 2478 2544 2509 2545 2510 2526 2491 2544 2509 2513 2478 2541 2506 2544 2509 2526 2491 1573 1538 2546 2511 1562 1527 1562 1527 2546 2511 2523 2488 2523 2488 2546 2511 2531 2496 2531 2496 2546 2511 2536 2501 1588 1553 2547 2512 2524 2489 2524 2489 2547 2512 2478 2443 1525 1490 2548 2513 1531 1496 2533 2498 2548 2513 1525 1490 2543 2508 2549 2514 2533 2498 2543 2508 2550 2515 2549 2514 2535 2500 2550 2515 2543 2508 2537 2502 2550 2515 2535 2500 2538 2503 2550 2515 2537 2502 2551 2516 2550 2515 2538 2503 2536 2501 2552 2517 2534 2499 2534 2499 2552 2517 1506 1471 2546 2511 2552 2517 2536 2501 1506 1471 2552 2517 1523 1488 2533 2498 2553 2518 2548 2513 2549 2514 2553 2518 2533 2498 1512 1477 2554 2519 2540 2505 2542 2507 2554 2519 1588 1553 2540 2505 2554 2519 2542 2507 1531 1496 2555 2520 1537 1502 2548 2513 2555 2520 1531 1496 1570 1535 2556 2521 1568 1533 2547 2512 2556 2521 2478 2443 1588 1553 2556 2521 2547 2512 1577 1542 2556 2521 1580 1545 1581 1546 2556 2521 1585 1550 1580 1545 2556 2521 1581 1546 1585 1550 2556 2521 1593 1558 1593 1558 2556 2521 1590 1555 1590 1555 2556 2521 1588 1553 1568 1533 2556 2521 1577 1542 2478 2443 2556 2521 1570 1535 2539 2504 2557 2522 2541 2506 2553 2518 2558 2523 2548 2513 2548 2513 2558 2523 2555 2520 2559 2524 2560 2525 2551 2516 2550 2515 2560 2525 2549 2514 2551 2516 2560 2525 2550 2515 2553 2518 2560 2525 2558 2523 2549 2514 2560 2525 2553 2518 1553 1518 2561 2526 1571 1536 1570 1535 2561 2526 1552 1517 1571 1536 2561 2526 1570 1535 1552 1517 2561 2526 1553 1518 1537 1502 2562 2527 1543 1508 2555 2520 2562 2527 1537 1502 2558 2523 2563 2528 2555 2520 1535 1500 2564 2529 2539 2504 1546 1511 2564 2529 1535 1500 2539 2504 2564 2529 2557 2522 1592 1557 2565 2530 1573 1538 1584 1549 2565 2530 1592 1557 1523 1488 2565 2530 1584 1549 1573 1538 2565 2530 2546 2511 2546 2511 2565 2530 2552 2517 2552 2517 2565 2530 1523 1488 2555 2520 2566 2531 2562 2527 2563 2528 2566 2531 2555 2520 2560 2525 2567 2532 2558 2523 2563 2528 2567 2532 2566 2531 2568 2533 2567 2532 2559 2524 2559 2524 2567 2532 2560 2525 2558 2523 2567 2532 2563 2528 2564 2529 2569 2534 2557 2522 2566 2531 2570 2535 2562 2527 1543 1508 2571 2536 1550 1515 2562 2527 2571 2536 1543 1508 2545 2510 2572 2537 2573 2538 2569 2534 2572 2537 2557 2522 2544 2509 2572 2537 2545 2510 2541 2506 2572 2537 2544 2509 2557 2522 2572 2537 2541 2506 2570 2535 2574 2539 2562 2527 1512 1477 2575 2540 2554 2519 2554 2519 2575 2540 1588 1553 1512 1477 2576 2541 2575 2540 1554 1519 2576 2541 1512 1477 1546 1511 2577 2542 2564 2529 1553 1518 2577 2542 1546 1511 2564 2529 2578 2543 2569 2534 2577 2542 2578 2543 2564 2529 2567 2532 2579 2544 2566 2531 2568 2533 2579 2544 2567 2532 2570 2535 2579 2544 2574 2539 2580 2545 2579 2544 2568 2533 2566 2531 2579 2544 2570 2535 2562 2527 2581 2546 2571 2536 2574 2539 2581 2546 2562 2527 2571 2536 2582 2547 1550 1515 1550 1515 2582 2547 1555 1520 2577 2542 2583 2548 2578 2543 2571 2536 2584 2549 2582 2547 2581 2546 2584 2549 2571 2536 2574 2539 2585 2550 2581 2546 2586 2551 2585 2550 2580 2545 2579 2544 2585 2550 2574 2539 2580 2545 2585 2550 2579 2544 2581 2546 2585 2550 2584 2549 1555 1520 2587 2552 1559 1524 2582 2547 2587 2552 1555 1520 2584 2549 2588 2553 2582 2547 2577 2542 2589 2554 2583 2548 2573 2538 2590 2555 2591 2556 2572 2537 2590 2555 2573 2538 2569 2534 2590 2555 2572 2537 2578 2543 2590 2555 2569 2534 2583 2548 2590 2555 2578 2543 2589 2554 2590 2555 2583 2548 2588 2553 2592 2557 2582 2547 1571 1536 2593 2558 1553 1518 1553 1518 2593 2558 2577 2542 2575 2540 2594 2559 1588 1553 2576 2541 2594 2559 2575 2540 1628 1593 2594 2559 2576 2541 1559 1524 2595 2560 1564 1529 2587 2552 2595 2560 1559 1524 2577 2542 2596 2561 2589 2554 2593 2558 2596 2561 2577 2542 2592 2557 2597 2562 2582 2547 2582 2547 2597 2562 2587 2552 2598 2563 2599 2564 2586 2551 2586 2551 2599 2564 2585 2550 2585 2550 2599 2564 2584 2549 2584 2549 2599 2564 2588 2553 2597 2562 2600 2565 2587 2552 1554 1519 2601 2566 2576 2541 2576 2541 2601 2566 1628 1593 1557 1522 2601 2566 1554 1519 2591 2556 2602 2567 2603 2568 2589 2554 2602 2567 2590 2555 2596 2561 2602 2567 2589 2554 2590 2555 2602 2567 2591 2556 2600 2565 2604 2569 2587 2552 2587 2552 2604 2569 2595 2560 1595 1560 2605 2570 1618 1583 1588 1553 2605 2570 1595 1560 1618 1583 2605 2570 1624 1589 1624 1589 2605 2570 1627 1592 1627 1592 2605 2570 1636 1601 1636 1601 2605 2570 1637 1602 2594 2559 2605 2570 1588 1553 1637 1602 2605 2570 1630 1595 1630 1595 2605 2570 1628 1593 1628 1593 2605 2570 2594 2559 2599 2564 2606 2571 2588 2553 2607 2572 2606 2571 2598 2563 2588 2553 2606 2571 2592 2557 2598 2563 2606 2571 2599 2564 2592 2557 2606 2571 2597 2562 1564 1529 2608 2573 1565 1530 2595 2560 2608 2573 1564 1529 2593 2558 2609 2574 2596 2561 2604 2569 2610 2575 2595 2560 2607 2572 2611 2576 2606 2571 2606 2571 2611 2576 2597 2562 2604 2569 2611 2576 2610 2575 2612 2577 2611 2576 2607 2572 2597 2562 2611 2576 2600 2565 2600 2565 2611 2576 2604 2569 1571 1536 2613 2578 2593 2558 1569 1534 2613 2578 1571 1536 2608 2573 2614 2579 1565 1530 1575 1540 2614 2579 1578 1543 1565 1530 2614 2579 1575 1540 2610 2575 2615 2580 2595 2560 2595 2560 2615 2580 2608 2573 2613 2578 2616 2581 2593 2558 2593 2558 2616 2581 2609 2574 2615 2580 2617 2582 2608 2573 2608 2573 2618 2583 2614 2579 2617 2582 2618 2583 2608 2573 1569 1534 2619 2584 2613 2578 1576 1541 2619 2584 1569 1534 2603 2568 2620 2585 2621 2586 2596 2561 2620 2585 2602 2567 2616 2581 2620 2585 2609 2574 2609 2574 2620 2585 2596 2561 2602 2567 2620 2585 2603 2568 2613 2578 2622 2587 2616 2581 2611 2576 2623 2588 2610 2575 2610 2575 2623 2588 2615 2580 2612 2577 2623 2588 2611 2576 2624 2589 2623 2588 2612 2577 1633 1598 2625 2590 1659 1624 2601 2566 2625 2590 1628 1593 1664 1629 2625 2590 1669 1634 1659 1624 2625 2590 1664 1629 1669 1634 2625 2590 1676 1641 1628 1593 2625 2590 1633 1598 2625 2590 2626 2591 1676 1641 1557 1522 2626 2591 2601 2566 1676 1641 2626 2591 1674 1639 1674 1639 2626 2591 1681 1646 2601 2566 2626 2591 2625 2590 2626 2591 2627 2592 1681 1646 1557 1522 2627 2592 2626 2591 1647 1612 2628 2593 1602 1567 1681 1646 2628 2593 1686 1651 1683 1648 2628 2593 1647 1612 1689 1654 2628 2593 1683 1648 1686 1651 2628 2593 1689 1654 2627 2592 2628 2593 1681 1646 1557 1522 2628 2593 2627 2592 1602 1567 2628 2593 1557 1522 2613 2578 2629 2594 2622 2587 2619 2584 2629 2594 2613 2578 2618 2583 2630 2595 2614 2579 1576 1541 2631 2596 2619 2584 1579 1544 2631 2596 1576 1541 2615 2580 2632 2597 2617 2582 2623 2588 2632 2597 2615 2580 2633 2598 2632 2597 2624 2589 2617 2582 2632 2597 2618 2583 2624 2589 2632 2597 2623 2588 2621 2586 2634 2599 2635 2600 2616 2581 2634 2599 2620 2585 2622 2587 2634 2599 2616 2581 2629 2594 2634 2599 2622 2587 2620 2585 2634 2599 2621 2586 2619 2584 2636 2601 2629 2594 2630 2595 2637 2602 2614 2579 1579 1544 2638 2603 2631 2596 1586 1551 2638 2603 1579 1544 2631 2596 2639 2604 2619 2584 2619 2584 2639 2604 2636 2601 2637 2602 2640 2605 2614 2579 1594 1559 2641 2606 1586 1551 1586 1551 2641 2606 2638 2603 2640 2605 2642 2607 2614 2579 2614 2579 2642 2607 1578 1543 2631 2596 2643 2608 2639 2604 2644 2609 2645 2610 2633 2598 2633 2598 2645 2610 2632 2597 2618 2583 2645 2610 2630 2595 2632 2597 2645 2610 2618 2583 2630 2595 2645 2610 2637 2602 2635 2600 2646 2611 2647 2612 2634 2599 2646 2611 2635 2600 2629 2594 2646 2611 2634 2599 2636 2601 2646 2611 2629 2594 2639 2604 2646 2611 2636 2601 2631 2596 2648 2613 2643 2608 2638 2603 2648 2613 2631 2596 2642 2607 2649 2614 1578 1543 1578 1543 2649 2614 1582 1547 1594 1559 2650 2615 2641 2606 1598 1563 2650 2615 1594 1559 2638 2603 2651 2616 2648 2613 2649 2614 2652 2617 1582 1547 2640 2605 2653 2618 2642 2607 2637 2602 2653 2618 2640 2605 2654 2619 2653 2618 2644 2609 2645 2610 2653 2618 2637 2602 2644 2609 2653 2618 2645 2610 2641 2606 2655 2620 2638 2603 2638 2603 2655 2620 2651 2616 2652 2617 2656 2621 1582 1547 1582 1547 2656 2621 1597 1562 2647 2612 2657 2622 2658 2623 2643 2608 2657 2622 2639 2604 2648 2613 2657 2622 2643 2608 2646 2611 2657 2622 2647 2612 2639 2604 2657 2622 2646 2611 2641 2606 2659 2624 2655 2620 2653 2618 2660 2625 2642 2607 2649 2614 2660 2625 2652 2617 2652 2617 2660 2625 2656 2621 2654 2619 2660 2625 2653 2618 2661 2626 2660 2625 2662 2627 2662 2627 2660 2625 2654 2619 2642 2607 2660 2625 2649 2614 2641 2606 2663 2628 2659 2624 2650 2615 2663 2628 2641 2606 1609 1574 2664 2629 1598 1563 1598 1563 2664 2629 2650 2615 1597 1562 2665 2630 1599 1564 1607 1572 2665 2630 1608 1573 2660 2625 2665 2630 2656 2621 1601 1566 2665 2630 1607 1572 1608 1573 2665 2630 2666 2631 1599 1564 2665 2630 1601 1566 2666 2631 2665 2630 2667 2632 2667 2632 2665 2630 2661 2626 2661 2626 2665 2630 2660 2625 2656 2621 2665 2630 1597 1562 2650 2615 2668 2633 2663 2628 2658 2623 2669 2634 2670 2635 2655 2620 2669 2634 2651 2616 2648 2613 2669 2634 2657 2622 2651 2616 2669 2634 2648 2613 2657 2622 2669 2634 2658 2623 2664 2629 2671 2636 2650 2615 2650 2615 2671 2636 2668 2633 2670 2635 2672 2637 2673 2638 2669 2634 2672 2637 2670 2635 2655 2620 2672 2637 2669 2634 2659 2624 2672 2637 2655 2620 2663 2628 2672 2637 2659 2624 2673 2638 2674 2639 2675 2640 2668 2633 2674 2639 2663 2628 2672 2637 2674 2639 2673 2638 2671 2636 2674 2639 2668 2633 2663 2628 2674 2639 2672 2637 2664 2629 2676 2641 2671 2636 2671 2636 2676 2641 2674 2639 2677 2642 2678 2643 1621 1586 1609 1574 2678 2643 2664 2629 1622 1587 2678 2643 1619 1584 2664 2629 2678 2643 2676 2641 1613 1578 2678 2643 1609 1574 1621 1586 2678 2643 1622 1587 1619 1584 2678 2643 1613 1578 2675 2640 2679 2644 2680 2645 2680 2645 2679 2644 2681 2646 2681 2646 2679 2644 2677 2642 2677 2642 2679 2644 2678 2643 2674 2639 2679 2644 2675 2640 2676 2641 2679 2644 2674 2639 2678 2643 2679 2644 2676 2641 803 768 2682 2647 814 779 814 779 2682 2647 1862 1827 1862 1827 2683 2648 1886 1851 2682 2647 2683 2648 1862 1827 611 576 2683 2648 606 571 1897 1862 2683 2648 611 576 1886 1851 2683 2648 1897 1862 1923 1888 2684 2649 1941 1906 835 800 2684 2649 838 803 1879 1844 2684 2649 835 800 1880 1845 2684 2649 1879 1844 842 807 2684 2649 1923 1888 838 803 2684 2649 839 804 839 804 2684 2649 842 807 1941 1906 2684 2649 1880 1845 1857 1822 2685 2650 1903 1868 1963 1928 2685 2650 1946 1911 1939 1904 2685 2650 1963 1928 1924 1889 2685 2650 1907 1872 1907 1872 2685 2650 1857 1822 1946 1911 2685 2650 1924 1889 1903 1868 2685 2650 1939 1904 1968 1933 2686 2651 1939 1904 1987 1952 2686 2651 1968 1933 1995 1960 2686 2651 1987 1952 1941 1906 2686 2651 1995 1960 1880 1845 2686 2651 1941 1906 1939 1904 2686 2651 1880 1845 1941 1906 2687 2652 1928 1893 1928 1893 2687 2652 1984 1949 1984 1949 2687 2652 2002 1967 1995 1960 2687 2652 1941 1906 1995 1960 2688 2653 2687 2652 1994 1959 2688 2653 1995 1960 2013 1978 2688 2653 1994 1959 2002 1967 2688 2653 2013 1978 2687 2652 2688 2653 2002 1967 923 888 2689 2654 918 883 927 892 2689 2654 2082 2047 2082 2047 2689 2654 2091 2056 918 883 2689 2654 927 892 2689 2654 2690 2655 2091 2056 923 888 2690 2655 2689 2654 923 888 2691 2656 2690 2655 941 906 2691 2656 930 895 2091 2056 2691 2656 941 906 2690 2655 2691 2656 2091 2056 930 895 2691 2656 923 888 2077 2042 2692 2657 937 902 2095 2060 2692 2657 2077 2042 937 902 2692 2657 945 910 2095 2060 2693 2658 2692 2657 2692 2657 2693 2658 945 910 953 918 2693 2658 701 666 945 910 2693 2658 953 918 2693 2658 2694 2659 701 666 701 666 2694 2659 692 657 692 657 2694 2659 2095 2060 2095 2060 2694 2659 2693 2658 950 915 2695 2660 2115 2080 949 914 2695 2660 946 911 946 911 2695 2660 950 915 2695 2660 2696 2661 2115 2080 949 914 2696 2661 2695 2660 972 937 2697 2662 954 919 954 919 2697 2662 949 914 949 914 2697 2662 2696 2661 2696 2661 2697 2662 2115 2080 2115 2080 2697 2662 972 937 2220 2185 2698 2663 1084 1049 2236 2201 2698 2663 2220 2185 2242 2207 2698 2663 2236 2201 2698 2663 2699 2664 1084 1049 1084 1049 2699 2664 2288 2253 2698 2663 2700 2665 2699 2664 2242 2207 2700 2665 2698 2663 2264 2229 2701 2666 2245 2210 1061 1026 2701 2666 2249 2214 2245 2210 2701 2666 1061 1026 2242 2207 2702 2667 2700 2665 2248 2213 2702 2667 2242 2207 2249 2214 2702 2667 2248 2213 1153 1118 2702 2667 2249 2214 2700 2665 2703 2668 2699 2664 2699 2664 2703 2668 2288 2253 1153 1118 2703 2668 2702 2667 2702 2667 2703 2668 2700 2665 2288 2253 2703 2668 1153 1118 2701 2666 2704 2669 2249 2214 2249 2214 2704 2669 2299 2264 2701 2666 2705 2670 2704 2669 2264 2229 2706 2671 2701 2666 2701 2666 2706 2671 2705 2670 2270 2235 2706 2671 2264 2229 2705 2670 2707 2672 2704 2669 2706 2671 2707 2672 2705 2670 2270 2235 2707 2672 2706 2671 2316 2281 2707 2672 2270 2235 2315 2280 2707 2672 2316 2281 2299 2264 2707 2672 2315 2280 2704 2669 2707 2672 2299 2264 2270 2235 2708 2673 2316 2281 2295 2260 2708 2673 2286 2251 2286 2251 2708 2673 2270 2235 2295 2260 2709 2674 2708 2673 1109 1074 2710 2675 2300 2265 2314 2279 2710 2675 1109 1074 2301 2266 2711 2676 2295 2260 2709 2674 2711 2676 2353 2318 2353 2318 2711 2676 2300 2265 2300 2265 2711 2676 2301 2266 2295 2260 2711 2676 2709 2674 2314 2279 2712 2677 2710 2675 2710 2675 2712 2677 2300 2265 2318 2283 2713 2678 2319 2284 2714 2679 2713 2678 2318 2283 2319 2284 2713 2678 2314 2279 2314 2279 2713 2678 2712 2677 2712 2677 2713 2678 2714 2679 2300 2265 2715 2680 2353 2318 2353 2318 2715 2680 2354 2319 2712 2677 2716 2681 2300 2265 2715 2680 2716 2681 2354 2319 2714 2679 2716 2681 2712 2677 2300 2265 2716 2681 2715 2680 1152 1117 2717 2682 1150 1115 1150 1115 2717 2682 2359 2324 2364 2329 2718 2683 2365 2330 2365 2330 2718 2683 2714 2679 2716 2681 2718 2683 2354 2319 2714 2679 2718 2683 2716 2681 2354 2319 2718 2683 2364 2329 1245 1210 2719 2684 2339 2304 2339 2304 2719 2684 2318 2283 1274 1239 2719 2684 1245 1210 2318 2283 2719 2684 2714 2679 2359 2324 2720 2685 2367 2332 2367 2332 2720 2685 1254 1219 1254 1219 2720 2685 1252 1217 2717 2682 2720 2685 2359 2324 2349 2314 2721 2686 1217 1182 1243 1208 2721 2686 1280 1245 1217 1182 2721 2686 1243 1208 2349 2314 2722 2687 2721 2686 2721 2686 2722 2687 1280 1245 2722 2687 2723 2688 1280 1245 1307 1272 2723 2688 1316 1281 1280 1245 2723 2688 1307 1272 1316 1281 2723 2688 2349 2314 2349 2314 2723 2688 2722 2687 2363 2328 2724 2689 1238 1203 1238 1203 2724 2689 1236 1201 2370 2335 2724 2689 2363 2328 2379 2344 2725 2690 2369 2334 2369 2334 2725 2690 1261 1226 1261 1226 2725 2690 1259 1224 2370 2335 2726 2691 2724 2689 2724 2689 2726 2691 1236 1201 1311 1276 2726 2691 2370 2335 2393 2358 2726 2691 2390 2355 1236 1201 2726 2691 2393 2358 2390 2355 2726 2691 1311 1276 1256 1221 2727 2692 1255 1220 1255 1220 2727 2692 2394 2359 2725 2690 2728 2693 1259 1224 1259 1224 2728 2693 2396 2361 2725 2690 2729 2694 2728 2693 1356 1321 2729 2694 2379 2344 2379 2344 2729 2694 2725 2690 2729 2694 2730 2695 2728 2693 2728 2693 2730 2695 2396 2361 1356 1321 2730 2695 2729 2694 2396 2361 2730 2695 1357 1322 1357 1322 2730 2695 1356 1321 2727 2692 2731 2696 2394 2359 1351 1316 2731 2696 1329 1294 2399 2364 2731 2696 1351 1316 2394 2359 2731 2696 2399 2364 2426 2391 2732 2697 1420 1385 1443 1408 2732 2697 1466 1431 1420 1385 2732 2697 1443 1408 2426 2391 2733 2698 2732 2697 2732 2697 2733 2698 1466 1431 2426 2391 2734 2699 2733 2698 2733 2698 2734 2699 1466 1431 1484 1449 2734 2699 1482 1447 1466 1431 2734 2699 1484 1449 1482 1447 2734 2699 2426 2391 1407 1372 2735 2700 1411 1376 1454 1419 2735 2700 2462 2427 1422 1387 2735 2700 1441 1406 1411 1376 2735 2700 1422 1387 1441 1406 2735 2700 1448 1413 1448 1413 2735 2700 1454 1419 2462 2427 2735 2700 2465 2430 2465 2430 2735 2700 2736 2701 2736 2701 2735 2700 2737 2702 2737 2702 2735 2700 2738 2703 2738 2703 2735 2700 1407 1372 2682 2647 2739 2704 2683 2648 604 569 2739 2704 792 757 792 757 2739 2704 803 768 803 768 2739 2704 2682 2647 606 571 2739 2704 604 569 2683 2648 2739 2704 606 571 2709 2674 2740 2705 2708 2673 2708 2673 2740 2705 2316 2281 2316 2281 2740 2705 1152 1117 2740 2705 2741 2706 1152 1117 1152 1117 2741 2706 2717 2682 2740 2705 2742 2707 2741 2706 2740 2705 2743 2708 2742 2707 2353 2318 2743 2708 2709 2674 2709 2674 2743 2708 2740 2705 2742 2707 2744 2709 2741 2706 2741 2706 2744 2709 2717 2682 2743 2708 2744 2709 2742 2707 2353 2318 2744 2709 2743 2708 1252 1217 2744 2709 2353 2318 2720 2685 2744 2709 1252 1217 2717 2682 2744 2709 2720 2685 1274 1239 2745 2710 2719 2684 1299 1264 2745 2710 1274 1239 2714 2679 2745 2710 2365 2330 2719 2684 2745 2710 2714 2679 2365 2330 2746 2711 1256 1221 2745 2710 2746 2711 2365 2330 1256 1221 2746 2711 2727 2692 1299 1264 2746 2711 2745 2710 2727 2692 2747 2712 2731 2696 2731 2696 2747 2712 1329 1294 1299 1264 2747 2712 2746 2711 2746 2711 2747 2712 2727 2692 1329 1294 2747 2712 1299 1264</p>
        </triangles>
      </mesh>
    </geometry>
    <geometry id="geometry_8ae92304_a7a0_47ae_8760_4bd426d3ed89-mesh" name="geometry_8ae92304_a7a0_47ae_8760_4bd426d3ed89">
      <mesh>
        <source id="geometry_8ae92304_a7a0_47ae_8760_4bd426d3ed89-mesh-positions">
          <float_array id="geometry_8ae92304_a7a0_47ae_8760_4bd426d3ed89-mesh-positions-array" count="2016">-113.0001 -94.84367 -64.57946 -114.0001 -90.2846 -65.77473 -113.0001 -90.2846 -65.77473 -113.9996 -94.84977 -64.57773 -113 -99.35437 -63.26005 -113.9997 -99.37802 -63.25272 -113.9998 -102.7184 -62.17798 -113 -103.4582 -61.928 -114.0002 -106.6751 -60.78734 -113 -107.3801 -60.52521 -114.0004 -109.9499 -59.53118 -113.0001 -111.1397 -59.04953 -114.0005 -113.1884 -58.18592 -113.0001 -114.7091 -57.5154 -114.0006 -116.636 -56.62681 -113.0001 -118.0706 -55.93532 -114.0005 -119.778 -55.07689 -113.0001 -121.1747 -54.34412 -114.0003 -122.8628 -53.41907 -113 -124.1718 -52.6698 -114.0002 -125.7512 -51.72581 -112.9999 -126.9801 -50.95875 -114 -128.456 -49.99652 -112.9999 -129.5997 -49.21776 -113.9999 -130.985 -48.23249 -112.9999 -132.0529 -47.43832 -113.9998 -133.3248 -46.44924 -113 -134.3135 -45.64501 -114 -135.3592 -44.75728 -113 -136.2801 -43.94094 -114.0001 -136.6593 -43.59488 -113 -138.1739 -42.14781 -114.0002 -137.9235 -42.39455 -114.0002 -139.0025 -41.30762 -113.0001 -139.9749 -40.27146 -114.0002 -140.0488 -40.19036 -114.0002 -141.0602 -39.04219 -113.0001 -141.5062 -38.51186 -114.0002 -142.0339 -37.86318 -113.0002 -142.8045 -36.8706 -114.0002 -142.9672 -36.65342 -114.0001 -143.8575 -35.41287 -113.0002 -144.0209 -35.17453 -114.0001 -144.7019 -34.14178 -113.0002 -145.0426 -33.59813 -114 -145.4973 -32.84076 -113.0002 -145.8999 -32.13567 -114 -146.2408 -31.51026 -113.0002 -146.6954 -30.62934 -114 -146.9296 -30.15096 -113.0001 -147.4252 -29.07586 -114 -147.5606 -28.76533 -113.0001 -148.0814 -27.4857 -114 -148.1312 -27.35506 -113 -148.6018 -26.03494 -113.9999 -148.6392 -25.9216 -113 -149.0106 -24.71796 -113.9999 -149.0817 -24.46743 -113 -149.3636 -23.38933 -113.9998 -149.4567 -22.99578 -113 -149.6603 -22.04893 -113.9998 -149.7629 -21.50953 -113 -149.9 -20.69668 -113.9999 -149.9989 -20.01153 -113 -150.0825 -19.33245 -114 -150.1643 -18.50469 -113 -150.2071 -17.95617 -114 -150.2513 -17.18124 -113 -150.2626 -16.90923 -114 -150.2846 -15.85531 -113 -150.2846 -15.85531 -113.6881 -82.79376 48.38739 -114 -80.28479 51.20253 -113 -80.28479 51.20253 -114.6894 -82.79622 48.38454 -114.3864 -85.17646 45.49187 -115.391 -85.19071 45.4739 -115.8928 -86.81404 43.35853 -115.0963 -87.45314 42.49098 -116.4264 -88.46677 41.07136 -115.811 -89.61532 39.39378 -116.9592 -90.04892 38.74007 -116.455 -91.46446 36.5212 -117.4887 -91.55941 36.36729 -118.0125 -92.99732 33.95483 -117.0905 -93.20555 33.59181 -118.4995 -94.28679 31.6434 -117.7123 -94.83567 30.61144 -119.0987 -95.81481 28.69002 -118.3169 -96.35626 27.5791 -119.7533 -97.41599 25.29199 -118.9008 -97.76857 24.49412 -120.1942 -98.45785 22.87484 -119.4551 -99.06175 21.38375 -120.6451 -99.49501 20.26705 -119.9754 -100.2372 18.24987 -121.0726 -100.4535 17.63413 -120.4568 -101.2956 15.09638 -121.449 -101.2792 15.14816 -121.8826 -102.2121 12.01946 -120.895 -102.2381 11.92699 -122.198 -102.8813 9.495001 -121.2859 -103.066 8.744908 -122.4956 -103.5084 6.829995 -121.6256 -103.7808 5.553313 -122.7569 -104.0583 4.150611 -121.9096 -104.3806 2.368854 -122.9797 -104.5308 1.458788 -122.1361 -104.8683 -0.8113112 -123.1619 -104.9258 -1.243539 -122.3034 -105.2468 -3.990117 -123.3016 -105.2431 -3.954433 -123.3966 -105.4825 -6.672011 -122.4093 -105.518 -7.167958 -123.4457 -105.6443 -9.394897 -122.4534 -105.6935 -10.67192 -123.4482 -105.7284 -12.12145 -122.4348 -105.741 -13.34734 -123.4034 -105.7345 -14.84993 -122.372 -105.7149 -15.95764 -123.3106 -105.6627 -17.57858 -122.2653 -105.6178 -18.55859 -123.169 -105.5127 -20.30565 -122.1149 -105.4502 -21.15028 -122.9782 -105.2844 -23.0295 -121.9208 -105.2127 -23.73322 -122.7386 -104.9778 -25.74864 -121.6835 -104.9052 -26.30784 -122.4512 -104.5929 -28.46131 -121.4038 -104.5279 -28.87347 -122.1172 -104.1296 -31.16573 -121.0826 -104.0805 -31.42944 -121.7376 -103.5878 -33.86012 -120.721 -103.5632 -33.97506 -121.3137 -102.9675 -36.54269 -120.3197 -102.9757 -36.50965 -119.8811 -102.3199 -39.02693 -120.847 -102.2689 -39.21129 -119.4099 -101.6001 -41.5115 -120.3397 -101.4919 -41.86423 -118.9086 -100.8173 -43.96319 -119.8204 -100.6779 -44.3769 -118.3793 -99.97209 -46.38277 -119.2951 -99.83577 -46.75436 -117.8241 -99.06503 -48.77099 -118.7424 -98.92933 -49.11268 -117.0473 -97.76039 -51.9078 -117.966 -97.62084 -52.2258 -117.5236 -96.85652 -53.91342 -116.245 -96.36894 -54.94683 -117.0699 -96.0584 -55.5885 -115.3143 -94.69907 -58.2642 -116.1288 -94.35775 -58.90491 -114.3425 -92.89147 -61.53168 -115.2483 -92.71123 -61.84189 -113.6771 -91.61569 -63.67028 -114.63 -91.52301 -63.82103 -114.0003 -95.70798 44.3519 -114.0002 -100.4922 41.91772 -113.0002 -100.4922 41.91772 -113.0002 -95.70102 44.35548 -114 -90.85884 46.65966 -113.0002 -90.85044 46.66387 -113.9996 -85.60134 48.99708 -113.0001 -85.59777 48.99883 -112.9999 -138.1438 13.33258 -113.9999 -140.1458 10.81907 -112.9999 -140.1458 10.81907 -113.9997 -138.1403 13.33662 -112.9998 -136.046 15.74465 -113.9996 -136.029 15.76338 -112.9999 -133.6631 18.26632 -113.9999 -133.6374 18.29258 -113 -131.0428 20.82642 -114.0001 -131.0132 20.85404 -113.0001 -128.2116 23.38743 -114.0003 -128.1756 23.41855 -113.0001 -125.1606 25.94915 -114.0004 -125.1197 25.98238 -113.0001 -122.2353 28.24394 -114.0005 -122.1891 28.27907 -113 -118.7401 30.80897 -114.0004 -118.6929 30.84249 -113 -115.6679 32.9256 -114.0004 -115.622 32.95637 -113 -112.5445 34.96143 -114.0003 -112.4972 34.99149 -113.0001 -109.2325 37.0059 -114.0002 -109.2082 37.02051 -113.0001 -105.8707 38.97269 -114.0001 -105.8707 38.97269 -114.0004 -148.6284 -5.07703 -114.0003 -149.1623 -6.973809 -113.0003 -149.1623 -6.973809 -113.0002 -148.6268 -5.070843 -114.0002 -148.0037 -3.207377 -113.0002 -148.0047 -3.208113 -113.0002 -147.3002 -1.38368 -114 -147.2929 -1.367476 -113.0001 -146.5173 0.4043937 -113.9998 -146.5007 0.4400443 -113.0001 -145.6603 2.158049 -113.9998 -145.632 2.212897 -113.0001 -144.7334 3.879223 -114 -144.6929 3.95071 -113.0001 -143.7408 5.569856 -114.0002 -143.6893 5.653766 -113.0001 -143.0257 6.710281 -114.0002 -142.998 6.75324 -113.0001 -142.2831 7.837932 -114.0001 -142.2831 7.837932 -113.0001 -150.2846 -15.69266 -114.0001 -150.2846 -15.69266 -113.0001 -103.2133 40.45708 -114.0002 -103.2134 40.45703 -114 -141.2454 9.330032 -113 -141.2455 9.329914 -114.0002 -149.5565 -8.682264 -113.0001 -149.5565 -8.682561 -114.0002 -149.8684 -10.40131 -113 -149.8693 -10.40743 -113 -150.066 -11.86286 -114.0002 -150.0955 -12.13127 -113.0001 -150.1896 -13.17156 -114.0002 -150.2251 -13.69787 -113.0001 -150.2607 -14.43118 -114.0001 -150.2697 -14.69336 -114.349 -101.6471 37.10535 -120.0822 -109.2266 -31.24627 -118.2108 -112.4034 -38.20801 -118.4356 -113.5421 -35.91443 -120.8781 -107.0636 -28.9125 -120.5947 -110.0313 -26.39645 -119.5784 -111.799 -31.15472 -120.0497 -112.5942 -26.44074 -119.2523 -112.9391 -31.78377 -118.6013 -115.2194 -33.04185 -119.0826 -115.3026 -29.66401 -119.4832 -115.3703 -26.28709 -118.5367 -118.0827 -29.51013 -120.956 -109.9826 -23.11906 -121.5131 -107.4221 -23.07464 -121.233 -109.9176 -19.84264 -113.4822 -135.3431 -41.9915 -120.0931 -113.9051 -23.30125 -120.0503 -115.1991 -20.16275 -119.6549 -116.6683 -21.29518 -113.7198 -134.8739 -41.01682 -114.323 -135.4115 -36.38999 -115.7615 -126.4272 -37.46706 -115.7011 -129.5377 -34.04964 -115.671 -125.0152 -39.48796 -119.0627 -119.2872 -21.66958 -118.3542 -120.9231 -25.97975 -119.6551 -117.6287 -17.36072 -119.0642 -120.2478 -17.7351 -118.7686 -120.597 -21.85675 -118.3058 -122.5186 -22.62316 -116.6289 -129.8207 -24.87821 -116.7299 -128.9398 -25.81523 -117.4808 -123.8019 -28.67421 -118.1661 -124.0963 -19.26762 -118.5744 -121.7647 -20.99363 -114.9012 -135.0411 -32.33922 -115.3931 -134.6539 -28.28944 -115.3329 -135.4805 -27.17766 -115.5413 -132.6288 -30.63336 -115.461 -133.7239 -29.42229 -119.5309 -118.5648 -13.42767 -120.1219 -115.9458 -13.05329 -119.2852 -119.4774 -9.496011 -119.237 -119.8747 -13.61484 -118.8029 -121.8019 -14.38093 -117.8523 -126.11 -15.15435 -117.8917 -125.9032 -15.51951 -117.938 -125.6569 -15.91307 -117.8153 -126.3016 -14.77818 -118.3447 -123.7287 -9.905376 -119.1776 -119.0656 -4.892646 -117.8194 -125.1993 -5.161321 -117.7959 -125.3804 -5.4435 -117.8526 -124.9464 -4.78795 -117.8809 -125.8557 -10.10998 -117.2524 -128.6675 -9.485518 -117.3275 -126.9331 -3.4678 -116.0989 -132.9889 -4.546319 -116.0715 -133.375 -5.440662 -116.0481 -133.7227 -6.353139 -115.9956 -134.7431 -10.68111 -115.9964 -134.8051 -11.33545 -115.9976 -134.6452 -9.953371 -116.0036 -134.4899 -9.090869 -116.0134 -134.2947 -8.236381 -116.0287 -134.0299 -7.284721 -118.1363 -121.8391 0.2782548 -116.9024 -126.1564 2.915475 -117.966 -120.82 3.844355 -118.9159 -118.6239 -0.2910353 -118.2191 -122.8413 -3.288841 -116.2868 -128.7181 3.468687 -116.1931 -127.0286 7.017712 -115.3848 -129.4324 9.117505 -116.3011 -130.3923 -0.08124309 -115.2044 -134.3566 2.558527 -114.5703 -132.9998 9.68447 -117.3337 -128.5644 -13.13723 -116.0317 -134.7584 -14.41549 -116.0469 -134.6701 -15.09743 -116.0191 -134.8182 -13.72749 -116.0114 -134.8445 -13.20411 -116.0052 -134.8543 -12.67722 -116.0044 -134.8541 -12.59591 -115.9993 -134.8412 -11.96523 -116.0649 -134.5537 -15.77336 -117.3232 -128.4433 -16.78999 -122.211 -106.7474 -10.57876 -121.0062 -104.9498 7.825878 -115.908 -109.4349 -49.94979 -116.1449 -111.3757 -47.92859 -115.096 -113.6072 -50.59754 -115.2398 -115.8783 -48.68077 -116.366 -113.2314 -45.84896 -117.6897 -109.8139 -42.73596 -116.6115 -113.5643 -44.59057 -115.3726 -118.0294 -46.71371 -117.9619 -111.1629 -40.48187 -116.5717 -114.9607 -43.73549 -116.8025 -115.2604 -42.46749 -115.4947 -120.0323 -44.71805 -116.7609 -116.5621 -41.59746 -116.9764 -116.8275 -40.32435 -116.9327 -118.0456 -39.43511 -115.6057 -121.8939 -42.69618 -117.1331 -118.277 -38.15668 -117.088 -119.3985 -37.26054 -115.7059 -123.6129 -40.65335 -117.0535 -120.3751 -36.40892 -117.2292 -120.5708 -35.12569 -117.1909 -121.5103 -34.22956 -121.2979 -110.0839 -18.12435 -121.3472 -110.2062 -16.40021 -120.8252 -112.2576 -17.89806 -120.8492 -112.3929 -16.61182 -121.381 -110.2843 -14.66994 -120.8663 -112.4961 -15.32127 -120.8766 -112.5673 -14.02614 -120.88 -112.6062 -12.72629 -116.5431 -130.5696 -23.99938 -116.4701 -131.2046 -23.17959 -121.2816 -109.872 -4.765451 -115.279 -136.216 -26.08744 -116.4016 -131.7995 -22.33229 -115.2336 -136.8335 -25.07503 -116.3436 -132.299 -21.54478 -115.1935 -137.3767 -24.08588 -116.2946 -132.7182 -20.81412 -115.1561 -137.8778 -23.06637 -116.2486 -133.107 -20.06146 -116.2058 -133.4636 -19.28522 -120.7073 -108.976 3.488719 -115.0467 -139.2745 -19.20163 -116.0854 -134.4094 -16.44332 -115.0284 -139.4875 -18.31218 -115.0124 -139.6632 -17.41481 -114.9987 -139.8012 -16.50947 -114.9872 -139.9014 -15.5961 -114.9786 -139.9597 -14.78846 -114.9729 -139.9844 -14.08824 -119.5223 -106.4077 14.08515 -114.9697 -139.9912 -13.68276 -119.2407 -109.4823 12.00216 -114.9679 -139.9828 -13.20807 -114.9647 -139.9505 -12.36774 -119.0519 -108.9632 13.57953 -114.9634 -139.8854 -11.51165 -114.9642 -139.7788 -10.59026 -114.9681 -139.6097 -9.530113 -114.9749 -139.3754 -8.385496 -114.9859 -139.0676 -7.181462 -115.0005 -138.6846 -5.926064 -115.0186 -138.2459 -4.696812 -115.0399 -137.7542 -3.492408 -115.1503 -135.4254 0.9286798 -116.2028 -131.6208 -1.962388 -116.2306 -131.2687 -1.391853 -115.1744 -134.9441 1.68498 -116.2598 -130.903 -0.8276985 -116.1719 -107.354 27.15402 -115.8999 -105.1466 29.72751 -115.6158 -102.7861 32.29203 -115.2832 -111.5402 27.32773 -117.1079 -112.2364 19.32354 -116.4291 -109.4772 24.5288 -114.576 -131.967 11.01875 -115.3862 -128.8829 9.862097 -115.1127 -109.0838 29.75649 -114.5868 -130.6025 12.66072 -115.3952 -127.8836 11.11894 -114.6057 -129.1126 14.30552 -115.4121 -126.838 12.32517 -115.5234 -122.9424 16.14785 -114.829 -119.5781 22.65544 -115.7256 -118.246 19.86095 -114.7663 -121.7061 21.03477 -115.6442 -119.9778 18.5775 -115.5819 -121.4283 17.42938 -114.7147 -123.6881 19.41533 -115.3582 -104.8662 -54.12721 -114.0191 -109.3279 -56.50766 -114.528 -108.4219 -55.23668 -114.1008 -112.3837 -54.82299 -121.6501 -106.6858 -23.29416 -118.0966 -119.2269 -31.08318 -117.8262 -121.2271 -30.10405 -117.0383 -125.2402 -30.02151 -116.5319 -127.7016 -30.22554 -120.3754 -114.797 -13.80922 -121.3279 -110.5206 -9.485538 -120.7702 -112.1844 -5.15295 -120.8815 -112.4063 -8.93898 -117.4172 -127.873 -17.79019 -121.4187 -107.9139 -0.6954954 -117.3674 -128.1765 -17.28429 -121.0601 -109.4367 -0.6376183 -120.6996 -110.97 -0.5799325 -120.1055 -111.2735 4.048662 -119.9808 -114.0371 -0.4645349 -119.7056 -116.7714 -4.979447 -119.7286 -110.3887 8.026042 -119.0345 -115.8592 4.222093 -117.9505 -117.6546 8.907154 -118.5046 -118.1531 4.308871 -118.1566 -113.1355 13.4116 -118.0336 -107.9537 19.30764 -117.6181 -114.9627 14.11636 -116.8513 -118.8267 13.74294 -116.9612 -116.6346 15.60342 -116.4317 -119.6946 14.97179 -122.3341 -110.5238 -9.827585 -121.7763 -112.2119 -5.369157 -122.3902 -110.3027 -13.9742 -123.211 -106.7474 -10.57876 -120.6627 -117.6193 -17.20881 -121.1192 -115.9604 -12.87755 -121.3739 -114.8154 -13.55139 -121.8932 -112.4116 -9.452023 -121.8787 -112.5858 -13.53638 -117.6248 -129.8568 -24.8377 -119.1758 -124.05 -19.27259 -117.6834 -129.345 -25.39566 -117.5681 -130.3515 -24.26426 -121.3545 -114.7663 -9.466716 -120.2852 -119.4774 -9.496011 -118.4304 -127.7915 -17.92038 -117.5135 -130.8277 -23.67538 -117.461 -131.2842 -23.0711 -117.4108 -131.7196 -22.45139 -117.363 -132.1325 -21.81638 -117.3177 -132.5214 -21.16639 -117.275 -132.8849 -20.50163 -118.9454 -125.6174 -15.97259 -122.2735 -108.7369 -1.189908 -121.7472 -109.0468 3.0414 -117.235 -133.2215 -19.82244 -118.3871 -128.0564 -17.49219 -118.9072 -125.8211 -15.65525 -118.3462 -128.305 -17.05407 -117.1978 -133.5297 -19.13004 -118.8709 -126.0129 -15.33041 -118.3076 -128.5362 -16.60621 -117.0791 -134.4547 -16.24662 -117.1041 -134.2721 -16.98216 -117.0574 -134.6036 -15.50374 -118.8366 -126.1921 -14.99818 -118.8043 -126.358 -14.65872 -121.8296 -110.6425 -1.163107 -121.5495 -111.7804 -0.9782792 -121.1266 -111.3039 3.832625 -120.9901 -114.0564 -0.6086143 -120.7078 -116.7805 -5.051514 -119.9159 -118.6239 -0.2910353 -120.1776 -119.0656 -4.892646 -121.1618 -108.5834 7.895967 -122.0062 -104.9498 7.825878 -120.2376 -109.4742 12.02809 -119.2191 -122.8412 -3.28882 -118.8526 -124.9464 -4.787919 -120.7411 -110.4005 7.931029 -120.0415 -115.8693 4.15008 -118.9505 -117.6546 8.907154 -117.2317 -131.255 -1.370368 -118.3275 -126.9331 -3.467779 -117.2048 -131.5954 -1.920415 -117.2598 -130.903 -0.8276985 -117.9024 -126.1563 2.915516 -117.3011 -130.3922 -0.08118152 -117.0995 -132.9807 -4.528472 -118.7968 -125.3737 -5.432753 -118.8194 -125.1993 -5.161321 -119.5046 -118.1531 4.308871 -118.966 -120.82 3.844368 -120.0144 -103.8266 18.96632 -118.2401 -104.5172 25.36563 -120.5461 -106.4732 13.89711 -120.0891 -109.0691 13.27152 -119.1639 -113.1511 13.35551 -118.1399 -112.2927 19.12942 -119.4871 -105.5135 19.63244 -119.073 -108.0294 19.06807 -117.4857 -109.5633 24.23772 -118.6309 -114.9903 14.01926 -118.8234 -106.8641 21.16758 -116.4123 -126.8296 12.33456 -117.8521 -118.8152 13.75171 -117.9707 -116.6455 15.54454 -116.7268 -118.2226 19.87768 -116.6452 -119.9548 18.59504 -117.1931 -127.0277 7.018753 -116.3862 -128.8829 9.862097 -116.3848 -129.4324 9.117567 -116.3952 -127.8819 11.12098 -117.4326 -119.6802 14.98317 -116.5241 -122.9245 16.1634 -116.5827 -121.408 17.44597 -115.1512 -97.89844 39.83031 -116.2125 -100.0715 35.30762 -115.2633 -103.8621 -58.0021 -116.4332 -104.9876 -53.82728 -115.1245 -109.0998 -56.26226 -117.5976 -104.1337 -50.34783 -118.8582 -104.6083 -45.56686 -119.8242 -107.1987 -39.80839 -119.0114 -108.9853 -41.97747 -118.3804 -106.5742 -46.16178 -117.9589 -107.9243 -46.93158 -117.363 -112.554 -46.31587 -117.1217 -110.6256 -48.47111 -121.9161 -107.1369 -28.54416 -121.6303 -110.1277 -25.92344 -121.1093 -109.4281 -30.81582 -120.5999 -112.0763 -30.64087 -121.076 -112.7026 -26.01081 -119.6364 -115.3918 -32.60273 -120.2787 -113.1814 -31.29483 -119.4476 -114.0012 -35.35968 -120.1105 -115.4148 -29.2838 -119.5601 -118.1386 -29.23854 -120.5072 -115.4228 -25.96575 -121.9818 -110.0528 -22.67219 -122.5472 -107.48 -22.5847 -122.2505 -109.9618 -19.4219 -121.111 -113.9599 -22.96377 -121.0649 -115.2014 -19.91766 -120.6408 -116.5843 -21.74672 -117.5564 -127.4973 -30.35696 -117.2089 -127.0037 -33.80179 -116.7182 -129.369 -34.15361 -118.061 -125.1348 -30.00498 -116.7847 -126.4953 -37.2475 -118.2314 -121.4239 -34.07319 -114.7054 -135.2294 -40.74172 -116.6791 -125.5103 -38.93943 -115.3335 -135.0845 -36.72705 -120.0787 -119.2534 -21.54151 -120.0726 -120.218 -17.68303 -119.3766 -120.8646 -25.87556 -120.6733 -116.6556 -21.06723 -119.7835 -120.5527 -21.77862 -119.3205 -122.4659 -22.57357 -118.5039 -123.7123 -28.62845 -117.7439 -128.8173 -25.93843 -116.3324 -135.4801 -27.18473 -115.9184 -134.6772 -32.76143 -116.5185 -132.9252 -30.32651 -116.4692 -133.6015 -29.57193 -116.5697 -132.2267 -31.06066 -116.4217 -134.254 -28.79675 -116.376 -134.8808 -28.00101 -119.5871 -121.7197 -20.94321 -120.5324 -118.5597 -13.35174 -120.2405 -119.8597 -13.58882 -119.808 -121.7788 -14.38342 -119.34 -123.745 -9.861987 -118.874 -125.8801 -10.0449 -117.0482 -133.7222 -6.352766 -118.2476 -128.6838 -9.442131 -117.0287 -134.0307 -7.287818 -117.0718 -133.3714 -5.432547 -116.9976 -134.6447 -9.950312 -116.9956 -134.7579 -10.81532 -117.0036 -134.4899 -9.090723 -117.0134 -134.2947 -8.236381 -119.1363 -121.8391 0.2782719 -117.2868 -128.7177 3.469238 -115.5702 -132.9997 9.684511 -116.2044 -134.3565 2.558568 -120.943 -106.7484 -34.82752 -120.5469 -108.329 -35.31119 -120.1005 -109.8479 -36.12537 -119.211 -112.8864 -37.75367 -117.0389 -134.718 -14.75495 -118.3217 -128.6186 -13.02367 -117.0132 -134.8392 -13.3401 -117.0238 -134.7978 -14.0017 -117.0052 -134.8543 -12.67722 -117.0044 -134.8541 -12.59591 -117.0002 -134.8458 -12.09631 -116.9973 -134.823 -11.59859 -116.2427 -114.9621 -49.2362 -116.3872 -117.1839 -47.22977 -117.5853 -114.3454 -44.13507 -116.5192 -119.2533 -45.19484 -117.7884 -116.0063 -41.92925 -117.7511 -117.2635 -41.04767 -116.482 -120.9907 -44.03083 -117.9724 -117.5406 -39.70014 -117.9328 -118.7028 -38.80896 -116.5999 -122.7926 -41.95039 -118.1379 -118.9419 -37.45632 -118.0984 -119.9513 -36.6108 -116.707 -124.4043 -39.89056 -118.0756 -120.597 -36.02986 -118.2583 -120.797 -34.67306 -122.3144 -110.1246 -17.60845 -121.831 -112.2897 -17.61873 -122.361 -110.2382 -15.79221 -121.8545 -112.4242 -16.26022 -121.8704 -112.5229 -14.8992 -116.2908 -136.0503 -26.34799 -116.2514 -136.5892 -25.49107 -116.2142 -137.095 -24.61432 -116.1793 -137.5657 -23.71812 -116.1468 -137.9992 -22.80351 -116.0423 -139.3283 -18.98701 -116.0228 -139.5517 -18.00126 -116.0061 -139.7292 -17.0067 -115.9923 -139.8602 -16.00525 -115.9815 -139.9423 -15.06194 -115.9739 -139.9809 -14.1789 -115.9697 -139.9912 -13.68276 -115.968 -139.9859 -13.29546 -115.9652 -139.9655 -12.63056 -115.964 -139.9072 -11.77655 -115.9645 -139.7884 -10.67769 -115.9681 -139.6094 -9.527976 -115.9749 -139.3754 -8.385397 -115.9859 -139.0681 -7.183526 -116.0006 -138.6847 -5.927881 -116.0188 -138.2432 -4.691154 -116.0403 -137.7464 -3.475102 -116.1516 -135.3992 0.9709765 -116.1748 -134.935 1.699301 -117.2786 -107.5499 26.61121 -117.0305 -107.0269 27.91485 -116.8214 -104.9458 30.14111 -116.5019 -102.5022 32.85472 -115.576 -131.9658 11.02011 -116.0147 -108.8493 30.27366 -115.5869 -130.5957 12.66834 -115.879 -106.3662 32.43422 -115.6059 -129.0984 14.32054 -115.83 -119.5471 22.67828 -115.7671 -121.6772 21.05752 -115.7153 -123.6626 19.43675 -115.6762 -108.6727 -54.62791 -115.0891 -111.264 -55.39551 -115.6325 -110.3016 -54.00033 -115.1763 -114.0859 -53.71044 -115.8276 -112.933 -51.96396 -118.3412 -112.7307 -42.03416 -119.1268 -119.2356 -30.84998 -118.8572 -121.1546 -29.97377</float_array>
          <technique_common>
            <accessor source="#geometry_8ae92304_a7a0_47ae_8760_4bd426d3ed89-mesh-positions-array" count="672" stride="3">
              <param name="X" type="float"/>
              <param name="Y" type="float"/>
              <param name="Z" type="float"/>
            </accessor>
          </technique_common>
        </source>
        <source id="geometry_8ae92304_a7a0_47ae_8760_4bd426d3ed89-mesh-normals">
          <float_array id="geometry_8ae92304_a7a0_47ae_8760_4bd426d3ed89-mesh-normals-array" count="2016">0.8219455 -0.1502267 -0.5493975 -0.4746841 0.7012084 -0.5319603 0.6108987 0.6508664 -0.4507501 -0.5631687 -0.223083 -0.7956603 0.8179213 -0.1651619 -0.5511139 -0.5695912 -0.2453991 -0.7844395 -0.5748617 -0.2576934 -0.7766134 0.8124977 -0.1853626 -0.5527098 -0.576405 -0.2830951 -0.7665602 0.8093763 -0.2061666 -0.549914 -0.5798367 -0.3014588 -0.7569096 0.8061154 -0.2235508 -0.5479078 -0.5828027 -0.3240239 -0.7452178 0.8025255 -0.2447154 -0.5441207 -0.5859684 -0.3462772 -0.7326208 0.7986233 -0.2621344 -0.5417438 -0.5917118 -0.3715149 -0.7154397 0.7946885 -0.2846522 -0.5361376 -0.5961945 -0.3943486 -0.6993149 0.7915969 -0.306375 -0.5286858 -0.5996969 -0.4187408 -0.6819236 0.7885566 -0.3287214 -0.5197315 -0.603219 -0.4441217 -0.6624823 0.7848522 -0.350865 -0.5107846 -0.6074632 -0.4697015 -0.6406006 0.7807856 -0.3742721 -0.5002942 -0.6121007 -0.4951785 -0.6165478 0.7740847 -0.406022 -0.4857356 -0.6198462 -0.5124841 -0.5942648 0.7789389 -0.4215857 -0.4642412 -0.6185205 -0.5339486 -0.5764819 0.7780136 -0.4412033 -0.4472522 -0.6190683 -0.5478571 -0.5626785 -0.6183389 -0.5666987 -0.5445271 0.7758059 -0.4653627 -0.4261021 -0.6225813 -0.5800141 -0.5253344 -0.6216328 -0.594976 -0.5094863 0.7745903 -0.4863147 -0.4043614 -0.6233283 -0.6120401 -0.4866916 0.7729403 -0.5063815 -0.3822843 -0.6248316 -0.6277018 -0.4643018 -0.625535 -0.6411085 -0.4446189 0.7718244 -0.5248951 -0.3588485 -0.6276502 -0.6566556 -0.4181611 0.7703904 -0.5421248 -0.3355584 -0.6294285 -0.6709195 -0.3920291 0.7691901 -0.5579071 -0.3115871 -0.630055 -0.6857622 -0.3643638 0.768174 -0.5725729 -0.2864772 -0.630703 -0.6999241 -0.3351418 0.76745 -0.5862883 -0.2593967 -0.6312409 -0.7131201 -0.3049506 0.7667293 -0.5989497 -0.231053 -0.6319832 -0.7248524 -0.2742013 0.7665197 -0.6089434 -0.2040483 -0.6324638 -0.7357606 -0.242169 0.7659068 -0.6172533 -0.1799591 -0.6335107 -0.745466 -0.2072313 0.7652704 -0.6252989 -0.1528483 -0.6342787 -0.7533714 -0.1735575 0.7655155 -0.6309121 -0.1262386 -0.6338976 -0.7609649 -0.1382259 0.7655466 -0.6357057 -0.0990802 -0.6338388 -0.7666547 -0.1024152 0.7655112 -0.6394479 -0.07140874 -0.6339491 -0.7704287 -0.0674408 0.7662845 -0.6409299 -0.04491317 -0.6344493 -0.7721741 -0.03494799 0.7666964 -0.6416116 -0.02260941 -0.6350433 -0.7724211 -0.009259521 0.7682347 -0.6401355 -0.006482601 0.566847 0.5509583 -0.6124781 -0.494124 0.7046976 0.5091589 0.5836701 0.6663513 0.4640101 -0.8101128 0.5292283 -0.2522597 0.569743 0.5709445 -0.5911138 -0.8067107 0.5422013 -0.235023 -0.8067985 0.5475694 -0.2219096 0.572739 0.5937193 -0.5652146 -0.8051923 0.5574333 -0.2023202 0.5758799 0.6114664 -0.5426521 -0.8017658 0.5673176 -0.1879427 0.5789009 0.6291485 -0.5186964 -0.7995071 0.5746663 -0.174777 -0.7989273 0.5785722 -0.1642237 0.581624 0.6466392 -0.4935296 -0.7995016 0.5815523 -0.1503136 0.586811 0.6622221 -0.4659558 -0.7979699 0.5878254 -0.1330618 0.5911924 0.6770738 -0.4382494 -0.7961827 0.593314 -0.1186249 0.5915591 0.6932473 -0.4116626 -0.7962846 0.5956097 -0.1057362 0.5950809 0.7068679 -0.3823828 -0.7955943 0.5988374 -0.09178024 0.5981711 0.7194714 -0.3529198 -0.7938982 0.6025224 -0.08180773 0.6015803 0.7320821 -0.31962 -0.7929334 0.6048846 -0.0732904 -0.792432 0.6062999 -0.06672567 0.6038694 0.7440259 -0.28595 -0.7936432 0.605603 -0.05809849 0.6058546 0.7537079 -0.2546854 -0.7933807 0.6063535 -0.05368965 0.6122205 0.760335 -0.2169718 -0.7919214 0.6092001 -0.04166483 0.6157727 0.7667784 -0.1813142 -0.7906842 0.6111341 -0.03651881 0.6179037 0.7728101 -0.1447747 -0.7895071 0.6129774 -0.03061598 0.6198393 0.7773545 -0.1073278 -0.7887473 0.6140885 -0.02780473 -0.7886854 0.6142356 -0.02626675 0.6219642 0.7801176 -0.06765627 -0.7891033 0.613941 -0.01981174 0.6242124 0.7807894 -0.0269593 -0.7869104 0.6168416 -0.0166887 0.6249915 0.7806102 0.00579375 -0.7858803 0.6182532 -0.01246589 0.6261939 0.7786966 0.03889799 -0.7850245 0.619406 -0.008538782 0.6261007 0.7764971 0.07106482 -0.7842878 0.6203748 -0.005276679 0.6251586 0.7737187 0.1026453 -0.7836053 0.6212466 -0.003908753 0.6232361 0.7700179 0.1365623 -0.7821051 0.6231355 0.00371617 0.6232391 0.7644713 0.1647929 -0.7804144 0.625231 0.006307125 0.6215893 0.7581465 0.1970803 -0.7794853 0.6262871 0.01293081 0.6191736 0.7518174 0.2267044 -0.7778229 0.6281951 0.01903754 0.61813 0.7438992 0.2540265 -0.7768282 0.6291814 0.02586489 0.6171283 0.7340396 0.2834408 0.6149491 0.7247077 0.3108639 -0.7751328 0.6310032 0.03168928 0.6118334 0.7149612 0.3383643 -0.7751244 0.6304271 0.04175955 0.6097874 0.7046832 0.362741 -0.7726945 0.6328412 0.04955077 0.6073177 0.6921781 0.3899421 -0.7721828 0.6326457 0.0591036 0.6041513 0.6807764 0.4141796 -0.7720087 0.6320797 0.06691765 0.6016238 0.6643676 0.4434689 -0.7712444 0.6314839 0.08006596 -0.7718198 0.6300531 0.08560007 0.596314 0.6478871 0.4739746 -0.7717373 0.6285454 0.09670716 0.5951527 0.6284572 0.5008342 -0.7731841 0.6242108 0.1120139 0.5905773 0.6083589 0.5302057 -0.7722748 0.6225249 0.1267064 0.5858263 0.5935664 0.551803 -0.77139 0.6214828 0.1368089 -0.5621196 -0.3677278 0.7408089 -0.5671254 -0.3820561 0.7296588 0.8196555 -0.2610713 0.5099087 0.8225811 -0.2494366 0.5110204 -0.5577431 -0.3483068 0.7533957 0.8250138 -0.2335693 0.514585 -0.5542176 -0.3295189 0.7643693 0.827855 -0.2200499 0.5159788 0.7833898 -0.4768898 0.3985934 -0.6133887 -0.6271397 0.4800524 0.782674 -0.4932343 0.3796595 -0.6107777 -0.6091132 0.5058971 0.7854595 -0.457692 0.4166191 -0.6086479 -0.5883668 0.5323272 0.7875577 -0.4385984 0.4328793 -0.6063326 -0.5673825 0.5571696 0.7905415 -0.4166103 0.4488654 -0.6028158 -0.5484333 0.579512 0.7942695 -0.3991568 0.4580501 -0.5983348 -0.5262169 0.6042279 0.7970877 -0.3782024 0.470759 -0.5954406 -0.5078185 0.622552 0.7989187 -0.3642287 0.478609 -0.5933729 -0.4858182 0.6417861 0.8028795 -0.3410262 0.4889638 -0.587875 -0.4717999 0.657121 0.8076764 -0.3267328 0.4908202 -0.5831319 -0.453221 0.6742018 0.8095224 -0.3146642 0.4956409 -0.5795185 -0.4373634 0.6876566 0.8122042 -0.2969248 0.5021554 -0.5772468 -0.4204498 0.7000058 0.8156834 -0.2855495 0.5031123 -0.573929 -0.4089328 0.7094925 -0.6284792 -0.7436142 0.228149 -0.6292625 -0.7530347 0.1922697 0.7676728 -0.6206887 0.1594493 0.768249 -0.611675 0.188805 -0.6277924 -0.7325454 0.2631615 0.7691842 -0.6010599 0.2169856 0.7703951 -0.5893499 0.2432243 -0.6268149 -0.7205688 0.2964519 0.7717422 -0.5769111 0.2675591 -0.6257537 -0.7077872 0.3278257 0.7722945 -0.5654232 0.2895824 -0.6257878 -0.6932841 0.357417 0.7746291 -0.5497255 0.3126528 -0.6235362 -0.6820036 0.3821958 0.7776154 -0.5375958 0.3260447 -0.6217845 -0.6688237 0.4075034 0.7789477 -0.5272153 0.3395358 -0.6217831 -0.6586707 0.4237203 0.7793381 -0.518475 0.3518747 -0.6204012 -0.6496944 0.4393174 0.7687599 -0.6395129 0.005626797 -0.6356792 -0.7719336 0.005525112 0.8174564 -0.2767298 0.5051591 -0.5704345 -0.3953815 0.7199153 -0.6180483 -0.6401845 0.4562678 0.7805745 -0.5064922 0.3662911 -0.6300776 -0.7606478 0.1562607 0.7671056 -0.6282328 0.1298953 -0.6311854 -0.7662878 0.1200339 0.7666768 -0.634066 0.1008321 0.7665617 -0.6377877 0.07490187 -0.6326549 -0.7700692 0.08210492 0.7666157 -0.640209 0.04932636 -0.6334732 -0.7722799 0.04790991 0.7673066 -0.640827 0.02411502 -0.6339318 -0.7730702 0.02220356 0.9388363 0.1747314 -0.2967411 0.9684463 0.1949788 0.1552265 0.965075 0.1789422 0.1913374 0.9676835 0.1816384 0.1749178 0.9693553 0.2010988 0.1411018 0.9714734 0.2049282 0.1193479 0.9698482 0.1950016 0.1461811 0.9722997 0.2037094 0.1146121 0.9692336 0.1921752 0.1538021 0.9695302 0.1902573 0.154316 0.9713208 0.1977598 0.132012 0.9730599 0.2055016 0.104516 0.9724493 0.1972151 0.1242925 0.9735605 0.2096914 0.09060764 0.9729321 0.2117267 0.09260171 0.9743714 0.2145076 0.06772583 0.9745624 0.1503828 0.1661718 0.9732755 0.2122752 0.08760178 0.9747786 0.214859 0.06035321 0.9746025 0.2126523 0.07020848 0.9741232 0.1602644 0.1593718 0.9763402 0.1686583 0.1353301 0.9726476 0.1758382 0.1517819 0.9750814 0.1778302 0.1326376 0.9697003 0.1712404 0.1742357 0.975681 0.2081591 0.06867581 0.9742145 0.2046741 0.09494549 0.9755723 0.216651 0.03634881 0.9762724 0.2135137 0.03611481 0.9755091 0.2077174 0.07235729 0.9758092 0.2060378 0.07311022 0.9774148 0.1974488 0.07532852 0.9766972 0.1954469 0.08867472 0.9748764 0.1968011 0.1043339 0.9768598 0.2093978 0.04356211 0.9759732 0.2102709 0.05711978 0.9777988 0.1775122 0.1113508 0.9765588 0.1937582 0.09375947 0.9790315 0.1853931 0.08442008 0.9770629 0.1835166 0.1080266 0.9772416 0.1877892 0.09866142 0.9757604 0.2187719 0.005531311 0.9751058 0.2217207 0.002964019 0.9751006 0.2202013 -0.0262736 0.9760786 0.2173471 0.005551993 0.9765116 0.2152143 0.01039803 0.9770289 0.212682 0.01345402 0.9771466 0.2119341 0.01638233 0.9775702 0.2093134 0.02333217 0.977178 0.2123742 0.004511892 0.9759482 0.2166402 -0.02433663 0.9738122 0.2195791 -0.05894815 0.976611 0.208274 -0.05341225 0.9757922 0.2129769 -0.04970425 0.975091 0.2144588 -0.05661177 0.9768699 0.2126069 -0.02288293 0.9772949 0.2094962 -0.03171843 0.9744178 0.2134312 -0.07040786 0.9766842 0.2050407 -0.06361168 0.9779505 0.2014359 -0.05510371 0.9778509 0.203327 -0.04965829 0.9787854 0.2036405 -0.02257597 0.9790613 0.20276 -0.01809585 0.9785144 0.2043328 -0.02752661 0.9782494 0.2047819 -0.03305661 0.9780185 0.2048705 -0.03883278 0.9778382 0.204535 -0.04469972 0.9713408 0.2174801 -0.09591436 0.9712651 0.2119165 -0.10833 0.9694929 0.2134773 -0.120462 0.971279 0.2190747 -0.09286224 0.9732844 0.2168859 -0.07535386 0.9713755 0.2076365 -0.1153985 0.9685131 0.2094213 -0.1346293 0.9695839 0.201506 -0.1389328 0.9742939 0.2055069 -0.09229522 0.9734926 0.2005314 -0.1099973 0.9710484 0.1957616 -0.1369031 0.9782903 0.2072085 -0.003567159 0.9794352 0.2017489 0.00201106 0.9795637 0.2010279 0.006554126 0.9793353 0.2022308 -0.00229305 0.9792705 0.2024663 -0.006064474 0.9792165 0.202624 -0.008863925 0.9791964 0.2026194 -0.01094931 0.9791926 0.2024297 -0.01429069 0.9795948 0.2006943 0.01075881 0.9781743 0.2069699 0.01839834 0.9745525 0.2239443 -0.009817242 0.9622511 0.2214738 -0.1581838 0.9540913 0.1443914 0.2624139 0.9584065 0.1461849 0.2451269 0.9555324 0.145967 0.2562254 0.9583703 0.1519394 0.2417454 0.9594962 0.1571308 0.2338317 0.9591874 0.1648537 0.2297454 0.9598172 0.1658102 0.2264024 0.96117 0.1570816 0.2268871 0.9621701 0.1736145 0.2099684 0.9628496 0.1613515 0.2165327 0.9623056 0.1705157 0.2118781 0.9637728 0.1619259 0.2119479 0.9652553 0.1666945 0.2012347 0.9645773 0.1760974 0.1964191 0.9674769 0.1717107 0.1857528 0.9661594 0.1664689 0.197039 0.9667205 0.1809546 0.1808509 0.9687714 0.1791919 0.1713834 0.9678542 0.1723291 0.1831967 0.9705134 0.1780698 0.162465 0.969421 0.188014 0.1577146 0.9714911 0.1874045 0.1452058 0.974789 0.2172199 0.05100959 0.9751909 0.2184068 0.03607249 0.9745631 0.2191437 0.0469346 0.9748412 0.2200308 0.03565245 0.9754282 0.2196778 0.01677536 0.9744672 0.2229396 0.02667611 0.9753955 0.2200025 0.01423275 0.9758191 0.2185782 -8.07847e-4 0.9783978 0.195832 0.06623995 0.9794158 0.1926711 0.06018829 0.9722929 0.2261009 -0.05937129 0.9798436 0.1858254 0.07331734 0.9792924 0.1947391 0.05534523 0.9802253 0.1864237 0.06636679 0.9791996 0.1965167 0.0504899 0.9805412 0.1870203 0.05968672 0.9791612 0.1978856 0.04565781 0.9808124 0.1886268 0.04926413 0.9790348 0.1996911 0.04018121 0.9792227 0.2000888 0.0329768 0.9667755 0.2239823 -0.1231955 0.9812694 0.1898791 0.03250062 0.9795494 0.2003408 0.01861506 0.9814056 0.1905786 0.02286785 0.9813323 0.1915528 0.017165 0.981296 0.1921575 0.01156735 0.9812327 0.192731 0.006107211 0.9811503 0.1932435 0.001123905 0.981041 0.1937786 -0.002927362 0.9567944 0.2155572 -0.1951403 0.9809712 0.1940667 -0.005803763 0.960476 0.2154453 -0.1762648 0.9808796 0.1943956 -0.009256243 0.9807038 0.1950048 -0.01389259 0.9574258 0.2131538 -0.1946824 0.980556 0.1953276 -0.0188995 0.9803787 0.195551 -0.02485162 0.9800767 0.1961514 -0.03121501 0.9797011 0.1967961 -0.03817522 0.9792547 0.1974605 -0.04549491 0.9787517 0.1980827 -0.05299574 0.9780794 0.1992941 -0.06035327 0.9772643 0.1991603 -0.07273077 0.9755117 0.2008619 -0.08961844 0.9746463 0.2102483 -0.07655197 0.974682 0.207686 -0.08283424 0.9746079 0.2006536 -0.09938609 0.9744716 0.2071899 -0.08647274 0.9477306 0.1931123 -0.2539972 0.9439901 0.1893193 -0.270261 0.9412964 0.1841219 -0.2829494 0.9507302 0.1898332 -0.2451034 0.9550402 0.2025256 -0.216522 0.951179 0.1952759 -0.2390102 0.968995 0.1948598 -0.1519159 0.9688385 0.1980222 -0.1487931 0.9469753 0.1844317 -0.2631025 0.9675713 0.1945436 -0.161117 0.9686478 0.1951149 -0.1537908 0.965745 0.193807 -0.1725561 0.9660507 0.2006513 -0.1627426 0.9617434 0.200764 -0.186396 0.9564804 0.1888471 -0.2224456 0.9578843 0.1985713 -0.2074301 0.9588467 0.1930263 -0.2082158 0.959347 0.198455 -0.2006714 0.9606143 0.1975672 -0.1954158 0.961079 0.1921019 -0.1985547 0.9471365 0.1322535 0.2923036 0.9484992 0.1242678 0.291388 0.9495043 0.1297769 0.2856562 0.9524522 0.1320756 0.2745741 0.972944 0.2081896 0.1001853 0.9716364 0.1930217 0.1366213 0.9728751 0.1954858 0.1236909 0.9740336 0.192722 0.1188143 0.975705 0.1899243 0.1092174 0.9749411 0.2219141 0.01561701 0.9744188 0.2237746 -0.02080774 0.9729498 0.2238472 -0.05710774 0.9744951 0.2226238 -0.02824866 0.9779092 0.2060345 0.0352624 0.9698559 0.2258102 -0.0915932 0.9781211 0.206417 0.02591049 0.9700706 0.2247744 -0.09186792 0.9700552 0.2247334 -0.09213 0.9669458 0.2217683 -0.1258365 0.9704777 0.2227573 -0.0924791 0.9730817 0.2226956 -0.05931991 0.9634308 0.2192871 -0.1539947 0.9675039 0.2200115 -0.124624 0.9649518 0.2125054 -0.1539785 0.9677858 0.2182189 -0.1255837 0.959279 0.213133 -0.1853595 0.9525392 0.2069171 -0.223281 0.9602314 0.2078409 -0.1864351 0.9625031 0.2053445 -0.1772612 0.9593708 0.2038287 -0.1950941 0.9609793 0.2036941 -0.1871567 -0.9742923 -0.224515 0.01864767 -0.9728189 -0.2248744 0.05527257 -0.975242 -0.2208186 -0.01192873 -0.9749881 -0.2221292 0.007547438 -0.9755191 -0.2171011 -0.03506457 -0.9756164 -0.2194775 -0.001536488 -0.9752793 -0.2208281 -0.008084893 -0.9745444 -0.2229652 0.02344936 -0.9752418 -0.2210841 -0.005030512 -0.9780791 -0.1945859 -0.07414597 -0.9767822 -0.2096552 -0.0440604 -0.9773712 -0.1965951 -0.07807654 -0.9784922 -0.19504 -0.06717544 -0.9747359 -0.2220546 0.02411943 -0.9751263 -0.2200683 0.02643549 -0.9778506 -0.2061038 -0.03646314 -0.9795506 -0.1912434 -0.06250405 -0.9793238 -0.1934727 -0.05910491 -0.9791593 -0.1951504 -0.05624383 -0.979114 -0.19647 -0.05230093 -0.9790876 -0.1976678 -0.04811495 -0.9791362 -0.1985187 -0.04339128 -0.9775521 -0.2093455 -0.02380156 -0.9701062 -0.2260515 0.08828759 -0.9670786 -0.224466 0.1198921 -0.9790998 -0.1997001 -0.03851455 -0.9780583 -0.2065079 -0.02750611 -0.9771207 -0.2119721 -0.01740658 -0.9781395 -0.2065357 -0.02420848 -0.9792756 -0.1998816 -0.03265875 -0.9771254 -0.2121403 -0.0149154 -0.9782018 -0.2069521 -0.01709145 -0.9795268 -0.200825 -0.01402413 -0.9795153 -0.2002481 -0.02123063 -0.9795908 -0.2007996 -0.009031236 -0.9770312 -0.2127423 -0.0122801 -0.9772027 -0.2122792 -0.003543376 -0.9705436 -0.2246236 0.08711814 -0.9703173 -0.2248063 0.08914268 -0.9671177 -0.2218003 0.1244512 -0.970572 -0.2227039 0.09161317 -0.9731702 -0.2225413 0.05844026 -0.971281 -0.2190734 0.09284454 -0.9738106 -0.219537 0.05913275 -0.9631449 -0.2208734 0.1535152 -0.9623017 -0.2216818 0.1575844 -0.9605273 -0.2156035 0.1757913 -0.9732847 -0.2168849 0.07535248 -0.9750859 -0.2144699 0.05665862 -0.963531 -0.219183 0.1535152 -0.9675505 -0.2200617 0.1241732 -0.9649615 -0.2125157 0.1539037 -0.9746729 -0.2076832 0.0829485 -0.9744161 -0.2134249 0.07045006 -0.9746279 -0.210255 0.07676851 -0.9744703 -0.2071889 0.08649021 -0.971265 -0.2119165 0.1083326 -0.9742944 -0.2055041 0.0922957 -0.9766667 -0.2050738 0.06377333 -0.9757997 -0.212912 0.04983383 -0.9766017 -0.2083012 0.05347812 -0.9677665 -0.2182152 0.125738 -0.9694924 -0.213478 0.1204637 -0.9510841 -0.2109397 0.2257065 -0.9470549 -0.1981467 0.2526362 -0.9567267 -0.2152956 0.1957593 -0.9576622 -0.2133505 0.1932995 -0.9593777 -0.2129878 0.1850156 -0.9557194 -0.2023953 0.2136272 -0.952118 -0.2048186 0.2269815 -0.9537252 -0.2071941 0.2178966 -0.9507154 -0.1958149 0.2404102 -0.9603144 -0.2080633 0.1857582 -0.950775 -0.2019483 0.2350401 -0.9660404 -0.2006587 0.1627948 -0.9624711 -0.2054704 0.1772891 -0.9594061 -0.2039564 0.1947865 -0.9578526 -0.1986829 0.2074696 -0.9593381 -0.1984024 0.2007665 -0.9685124 -0.2094146 0.1346448 -0.9688366 -0.1980262 0.1488 -0.9695841 -0.2015062 0.1389317 -0.9686447 -0.1951122 0.1538141 -0.9609572 -0.2037196 0.1872423 -0.9617237 -0.2007613 0.1865009 -0.9605949 -0.1975604 0.1955186 -0.9352171 -0.169456 0.3108916 -0.9384704 -0.1779124 0.296008 -0.943448 -0.120191 -0.3089661 -0.9475314 -0.1309738 -0.2915993 -0.9478614 -0.1280939 -0.291806 -0.9504855 -0.1432535 -0.2757822 -0.9546831 -0.1579806 -0.2522349 -0.9608188 -0.1735422 -0.2161259 -0.9605078 -0.1655361 -0.2236572 -0.9554951 -0.1559169 -0.2504375 -0.955823 -0.1523444 -0.2513835 -0.959172 -0.1563168 -0.2356995 -0.9553323 -0.1484093 -0.2555682 -0.9696956 -0.2015955 -0.1380206 -0.9718179 -0.2055309 -0.1154429 -0.9683928 -0.1973328 -0.1525619 -0.9700834 -0.1944784 -0.1453152 -0.9725362 -0.2044725 -0.1111961 -0.9699268 -0.1909943 -0.1508755 -0.9697122 -0.1919091 -0.1510934 -0.9681438 -0.1843436 -0.1694552 -0.9716038 -0.198432 -0.1288833 -0.9725873 -0.1977919 -0.1222799 -0.9731689 -0.2058994 -0.1027029 -0.9737261 -0.2104535 -0.08698743 -0.9732435 -0.2109513 -0.09108591 -0.9745216 -0.2149474 -0.06407415 -0.9737328 -0.2112773 -0.08488988 -0.9747666 -0.2152463 -0.05915349 -0.974411 -0.2107599 -0.07812654 -0.9755308 -0.1893228 -0.1117892 -0.9735481 -0.1838881 -0.1356072 -0.9749047 -0.179295 -0.1319632 -0.9741989 -0.193079 -0.1168636 -0.9723891 -0.1761817 -0.1530345 -0.9718985 -0.1859956 -0.1442876 -0.9741421 -0.1611952 -0.1583136 -0.9703465 -0.1721718 -0.1696609 -0.9760012 -0.1697735 -0.1363772 -0.9755746 -0.2090492 -0.06747508 -0.9762586 -0.21362 -0.03585523 -0.9741725 -0.2051699 -0.09430426 -0.9752099 -0.2125993 -0.06137716 -0.9755409 -0.207688 -0.07201051 -0.9757104 -0.2066303 -0.07275372 -0.9748749 -0.1969124 -0.1041374 -0.9766467 -0.1950343 -0.09012728 -0.9787524 -0.1863636 -0.08551371 -0.9774819 -0.1777363 -0.1137501 -0.9772575 -0.1845882 -0.1043792 -0.9768918 -0.1884809 -0.1007843 -0.9768971 -0.1826926 -0.1108847 -0.9764268 -0.192542 -0.09756153 -0.9756166 -0.1978997 -0.09491097 -0.9759673 -0.2103757 -0.05683225 -0.9757586 -0.2187944 -0.004942715 -0.9760493 -0.2174841 -0.00535047 -0.9765257 -0.2151502 -0.01039218 -0.9759546 -0.2165814 0.02459901 -0.9768528 -0.2126272 0.0234186 -0.9778367 -0.2033859 0.04969632 -0.9772685 -0.2095746 0.03201282 -0.9778265 -0.2045899 0.04470098 -0.9779348 -0.2014892 0.05518788 -0.9785233 -0.2043202 0.02730232 -0.9789174 -0.2031338 0.02138805 -0.9782474 -0.2047899 0.03306341 -0.9780121 -0.204902 0.03882795 -0.9713411 -0.2174789 0.09591352 -0.9713746 -0.2076386 0.115402 -0.9710451 -0.1957691 0.1369159 -0.9734923 -0.2005248 0.1100114 -0.9648244 -0.1874824 -0.1842945 -0.9653635 -0.1860295 -0.182938 -0.965825 -0.1825227 -0.1840317 -0.9650742 -0.1783061 -0.1919348 -0.9795237 -0.2012829 -0.004295408 -0.9782657 -0.2073088 0.004401803 -0.9792862 -0.202416 0.005139946 -0.9793834 -0.2020095 5.96033e-4 -0.9792248 -0.2025956 0.008604168 -0.9791718 -0.2027458 0.01081204 -0.9791551 -0.2026776 0.01330912 -0.9791504 -0.2024095 0.01717436 -0.9573855 -0.1503959 -0.2465648 -0.9601585 -0.1561262 -0.2317762 -0.9617785 -0.1608691 -0.2215927 -0.9630529 -0.1601614 -0.216512 -0.9639343 -0.1689984 -0.2055979 -0.9660122 -0.168159 -0.1963237 -0.9651108 -0.1628038 -0.2050755 -0.9652374 -0.1778787 -0.1915099 -0.9682776 -0.1727286 -0.1805637 -0.967216 -0.1676013 -0.1907959 -0.9672952 -0.1826664 -0.1759918 -0.9693292 -0.1804454 -0.1668547 -0.9687776 -0.1730479 -0.1775512 -0.9708843 -0.1790461 -0.1591418 -0.9698049 -0.1885023 -0.154743 -0.9749797 -0.2174333 -0.04623216 -0.9751634 -0.2168337 -0.04516381 -0.9752793 -0.2187309 -0.03141617 -0.9751182 -0.2193681 -0.03197139 -0.9746042 -0.2227442 -0.02306091 -0.9796032 -0.1863869 -0.07508373 -0.980055 -0.1862848 -0.06921195 -0.9803525 -0.1868244 -0.06329172 -0.9806132 -0.1873809 -0.05732554 -0.9808536 -0.1888482 -0.04756599 -0.9812251 -0.1903181 -0.03124761 -0.9813334 -0.1911851 -0.02081102 -0.9813116 -0.1918681 -0.01464104 -0.9812541 -0.1925297 -0.008545935 -0.9811713 -0.1931207 -0.002754867 -0.9810755 -0.1936136 0.002196311 -0.9810161 -0.1938478 0.005531966 -0.9809125 -0.1942588 0.008619487 -0.9807428 -0.1948919 0.01267975 -0.9805899 -0.1952887 0.01748663 -0.9804046 -0.1955046 0.02418327 -0.980086 -0.1961268 0.03107923 -0.9797017 -0.1967919 0.03817719 -0.9792552 -0.1974594 0.04548913 -0.9787483 -0.1980968 0.05300533 -0.9780708 -0.1993203 0.06040769 -0.977248 -0.1991891 0.07287174 -0.9754864 -0.2009003 0.08980834 -0.9745987 -0.2006496 0.09948527 -0.9465811 -0.1979672 0.2545456 -0.9463899 -0.1906527 0.260764 -0.9440453 -0.1882382 0.2708227 -0.9408738 -0.1835616 0.2847137 -0.9689877 -0.1948706 0.1519489 -0.9474563 -0.1840745 0.2616168 -0.9675612 -0.1945501 0.1611701 -0.9440285 -0.1801554 0.2763226 -0.9657316 -0.1938052 0.1726329 -0.956341 -0.1902089 0.2218837 -0.9588201 -0.193019 0.2083452 -0.961058 -0.1920832 0.1986745 -0.9504878 -0.1353688 -0.2797289 -0.9507791 -0.1319298 -0.2803814 -0.9529473 -0.1330876 -0.2723587 -0.9545389 -0.1347668 -0.2658827 -0.9545521 -0.1419324 -0.2620792 -0.962596 -0.1676561 -0.212839 -0.9717687 -0.1936918 -0.1347183 -0.9729091 -0.1957577 -0.1229919</float_array>
          <technique_common>
            <accessor source="#geometry_8ae92304_a7a0_47ae_8760_4bd426d3ed89-mesh-normals-array" count="672" stride="3">
              <param name="X" type="float"/>
              <param name="Y" type="float"/>
              <param name="Z" type="float"/>
            </accessor>
          </technique_common>
        </source>
        <vertices id="geometry_8ae92304_a7a0_47ae_8760_4bd426d3ed89-mesh-vertices">
          <input semantic="POSITION" source="#geometry_8ae92304_a7a0_47ae_8760_4bd426d3ed89-mesh-positions"/>
        </vertices>
        <triangles material="mat_1-material" count="1340">
          <input semantic="VERTEX" source="#geometry_8ae92304_a7a0_47ae_8760_4bd426d3ed89-mesh-vertices" offset="0"/>
          <input semantic="NORMAL" source="#geometry_8ae92304_a7a0_47ae_8760_4bd426d3ed89-mesh-normals" offset="1"/>
          <p>0 0 1 1 2 2 3 3 1 1 0 0 4 4 3 3 0 0 5 5 3 3 4 4 6 6 4 4 7 7 6 6 5 5 4 4 8 8 7 7 9 9 8 8 6 6 7 7 10 10 8 8 9 9 11 11 10 10 9 9 12 12 10 10 11 11 13 13 12 12 11 11 14 14 12 12 13 13 15 15 14 14 13 13 16 16 14 14 15 15 17 17 16 16 15 15 18 18 16 16 17 17 19 19 18 18 17 17 20 20 18 18 19 19 21 21 20 20 19 19 22 22 20 20 21 21 23 23 22 22 21 21 24 24 22 22 23 23 25 25 24 24 23 23 26 26 24 24 25 25 27 27 26 26 25 25 28 28 26 26 27 27 29 29 28 28 27 27 30 30 28 28 29 29 31 31 30 30 29 29 32 32 30 30 31 31 33 33 32 32 31 31 34 34 33 33 31 31 35 35 33 33 34 34 36 36 34 34 37 37 36 36 35 35 34 34 38 38 36 36 37 37 39 39 38 38 37 37 40 40 38 38 39 39 41 41 39 39 42 42 41 41 40 40 39 39 43 43 42 42 44 44 43 43 41 41 42 42 45 45 44 44 46 46 45 45 43 43 44 44 47 47 46 46 48 48 47 47 45 45 46 46 49 49 47 47 48 48 50 50 49 49 48 48 51 51 49 49 50 50 52 52 51 51 50 50 53 53 51 51 52 52 54 54 53 53 52 52 55 55 53 53 54 54 56 56 55 55 54 54 57 57 55 55 56 56 58 58 57 57 56 56 59 59 58 58 60 60 59 59 57 57 58 58 61 61 60 60 62 62 61 61 59 59 60 60 63 63 62 62 64 64 63 63 61 61 62 62 65 65 63 63 64 64 65 65 64 64 66 66 67 67 65 65 66 66 67 67 66 66 68 68 69 69 67 67 68 68 69 69 68 68 70 70 71 71 72 72 73 73 74 74 72 72 71 71 75 75 74 74 71 71 76 76 74 74 75 75 77 77 76 76 75 75 78 78 77 77 75 75 79 79 77 77 78 78 80 80 79 79 78 78 81 81 79 79 80 80 82 82 81 81 80 80 83 83 81 81 82 82 84 84 83 83 82 82 84 84 82 82 85 85 86 86 84 84 85 85 87 87 86 86 85 85 88 88 86 86 87 87 89 89 88 88 87 87 90 90 88 88 89 89 90 90 89 89 91 91 92 92 90 90 91 91 93 93 92 92 91 91 94 94 92 92 93 93 95 95 94 94 93 93 96 96 94 94 95 95 97 97 96 96 95 95 98 98 96 96 97 97 99 99 98 98 97 97 99 99 97 97 100 100 101 101 99 99 100 100 101 101 100 100 102 102 103 103 101 101 102 102 104 104 103 103 102 102 105 105 103 103 104 104 106 106 105 105 104 104 107 107 105 105 106 106 108 108 107 107 106 106 109 109 107 107 108 108 110 110 109 109 108 108 111 111 109 109 110 110 112 112 110 110 113 113 112 112 111 111 110 110 114 114 112 112 113 113 115 115 114 114 113 113 116 116 114 114 115 115 117 117 116 116 115 115 118 118 116 116 117 117 119 119 118 118 117 117 120 120 119 119 121 121 120 120 118 118 119 119 122 122 121 121 123 123 122 122 120 120 121 121 124 124 123 123 125 125 124 124 122 122 123 123 126 126 125 125 127 127 126 126 124 124 125 125 128 128 127 127 129 129 128 128 126 126 127 127 130 130 128 128 129 129 130 130 129 129 131 131 132 132 130 130 131 131 132 132 131 131 133 133 134 134 132 132 133 133 134 134 133 133 135 135 136 136 134 134 135 135 137 137 134 134 136 136 138 138 137 137 136 136 139 139 137 137 138 138 140 140 139 139 138 138 141 141 139 139 140 140 142 142 141 141 140 140 143 143 141 141 142 142 144 144 143 143 142 142 145 145 143 143 144 144 146 146 145 145 144 144 147 147 145 145 146 146 148 148 147 147 146 146 149 149 148 148 146 146 150 150 148 148 149 149 151 151 150 150 149 149 152 152 150 150 151 151 153 153 152 152 151 151 154 154 152 152 153 153 155 155 154 154 153 153 156 156 154 154 155 155 2 2 156 156 155 155 1 1 156 156 2 2 157 157 158 158 159 159 157 157 159 159 160 160 161 161 160 160 162 162 161 161 157 157 160 160 163 163 162 162 164 164 163 163 161 161 162 162 72 72 164 164 73 73 72 72 163 163 164 164 165 165 166 166 167 167 168 168 166 166 165 165 169 169 168 168 165 165 170 170 168 168 169 169 171 171 170 170 169 169 172 172 170 170 171 171 173 173 172 172 171 171 174 174 172 172 173 173 175 175 174 174 173 173 176 176 174 174 175 175 177 177 176 176 175 175 178 178 176 176 177 177 179 179 178 178 177 177 180 180 178 178 179 179 181 181 180 180 179 179 182 182 180 180 181 181 183 183 182 182 181 181 184 184 182 182 183 183 185 185 184 184 183 183 186 186 184 184 185 185 187 187 186 186 185 185 188 188 186 186 187 187 189 189 188 188 187 187 190 190 188 188 189 189 191 191 192 192 193 193 191 191 193 193 194 194 195 195 194 194 196 196 195 195 191 191 194 194 197 197 195 195 196 196 198 198 195 195 197 197 199 199 198 198 197 197 200 200 198 198 199 199 201 201 200 200 199 199 202 202 200 200 201 201 203 203 202 202 201 201 204 204 202 202 203 203 205 205 204 204 203 203 206 206 204 204 205 205 207 207 206 206 205 205 208 208 206 206 207 207 209 209 208 208 207 207 210 210 208 208 209 209 69 69 211 211 212 212 70 70 211 211 69 69 158 158 213 213 159 159 158 158 214 214 213 213 214 214 189 189 213 213 214 214 190 190 189 189 166 166 215 215 167 167 167 167 215 215 216 216 216 216 210 210 209 209 215 215 210 210 216 216 193 193 217 217 218 218 192 192 217 217 193 193 218 218 219 219 220 220 217 217 219 219 218 218 219 219 221 221 220 220 219 219 222 222 221 221 222 222 223 223 221 221 223 223 224 224 225 225 222 222 224 224 223 223 225 225 226 226 211 211 224 224 226 226 225 225 226 226 212 212 211 211 227 227 87 87 85 85 227 227 159 159 213 213 227 227 213 213 189 189 228 228 229 229 133 133 228 228 133 133 131 131 228 228 230 230 229 229 231 231 232 232 228 228 231 231 127 127 232 232 231 231 129 129 127 127 231 231 131 131 129 129 231 231 228 228 131 131 233 233 232 232 234 234 233 233 228 228 232 232 233 233 230 230 228 228 235 235 236 236 230 230 235 235 230 230 233 233 237 237 233 233 234 234 237 237 234 234 238 238 237 237 239 239 236 236 0 0 2 2 155 155 153 153 0 0 155 155 4 4 0 0 153 153 151 151 4 4 153 153 237 237 238 238 239 239 237 237 235 235 233 233 237 237 236 236 235 235 240 240 234 234 232 232 240 240 232 232 241 241 240 240 241 241 242 242 243 243 29 29 27 27 243 243 31 31 29 29 244 244 238 238 234 234 244 244 234 234 240 240 244 244 242 242 245 245 244 244 245 245 246 246 244 244 246 246 238 238 244 244 240 240 242 242 247 247 248 248 34 34 247 247 249 249 250 250 247 247 25 25 251 251 247 247 27 27 25 25 247 247 34 34 31 31 247 247 251 251 249 249 247 247 250 250 248 248 247 247 243 243 27 27 247 247 31 31 243 243 149 149 7 7 4 4 149 149 4 4 151 151 252 252 253 253 238 238 252 252 238 238 246 246 252 252 254 254 255 255 252 252 246 246 254 254 256 256 253 253 252 252 257 257 253 253 256 256 257 257 258 258 259 259 257 257 260 260 253 253 257 257 259 259 260 260 257 257 261 261 258 258 262 262 256 256 252 252 262 262 255 255 261 261 262 262 252 252 255 255 262 262 261 261 257 257 262 262 257 257 256 256 263 263 264 264 265 265 263 263 42 42 39 39 263 263 44 44 42 42 263 263 266 266 267 267 263 263 265 265 44 44 263 263 250 250 266 266 263 263 248 248 250 250 263 263 39 39 248 248 263 263 267 267 264 264 268 268 269 269 270 270 268 268 254 254 269 269 271 271 254 254 268 268 271 271 268 268 270 270 271 271 255 255 254 254 272 272 255 255 271 271 272 272 261 261 255 255 272 272 273 273 274 274 272 272 275 275 261 261 272 272 274 274 275 275 272 272 276 276 273 273 277 277 271 271 270 270 277 277 276 276 272 272 277 277 270 270 278 278 277 277 279 279 280 280 277 277 281 281 279 279 277 277 278 278 281 281 277 277 272 272 271 271 282 282 276 276 277 277 282 282 277 277 280 280 283 283 284 284 285 285 283 283 282 282 280 280 283 283 280 280 284 284 283 283 286 286 287 287 283 283 288 288 289 289 283 283 290 290 288 288 283 283 291 291 290 290 283 283 292 292 291 291 283 283 293 293 292 292 283 283 287 287 293 293 283 283 285 285 286 286 294 294 295 295 284 284 294 294 296 296 295 295 294 294 297 297 296 296 294 294 298 298 297 297 294 294 284 284 298 298 299 299 300 300 301 301 299 299 302 302 295 295 299 299 303 303 302 302 299 299 295 295 300 300 299 299 304 304 303 303 299 299 301 301 304 304 305 305 306 306 307 307 305 305 283 283 289 289 305 305 308 308 306 306 305 305 282 282 283 283 305 305 309 309 308 308 305 305 310 310 309 309 305 305 311 311 310 310 305 305 312 312 311 311 305 305 307 307 313 313 305 305 289 289 312 312 305 305 314 314 276 276 305 305 313 313 314 314 305 305 276 276 282 282 164 164 71 71 73 73 164 164 75 75 71 71 162 162 75 75 164 164 162 162 78 78 75 75 162 162 80 80 78 78 160 160 80 80 162 162 160 160 82 82 80 80 159 159 82 82 160 160 315 315 115 115 113 113 315 315 117 117 115 115 316 316 102 102 100 100 316 316 104 104 102 102 317 317 142 142 140 140 318 318 319 319 317 317 320 320 319 319 318 318 320 320 17 17 15 15 320 320 15 15 319 319 321 321 320 320 318 318 322 322 318 318 317 317 322 322 321 321 318 318 322 322 138 138 136 136 322 322 140 140 138 138 322 322 317 317 140 140 323 323 321 321 322 322 324 324 19 19 17 17 324 324 17 17 320 320 324 324 320 320 321 321 325 325 322 322 136 136 325 325 136 136 135 135 325 325 323 323 322 322 326 326 324 324 321 321 326 326 321 321 323 323 327 327 323 323 325 325 327 327 326 326 323 323 229 229 327 327 325 325 229 229 325 325 135 135 229 229 135 135 133 133 328 328 19 19 324 324 328 328 21 21 19 19 328 328 324 324 326 326 329 329 328 328 326 326 329 329 326 326 327 327 330 330 327 327 229 229 330 330 329 329 327 327 230 230 330 330 229 229 331 331 329 329 330 330 332 332 23 23 21 21 332 332 329 329 331 331 332 332 328 328 329 329 332 332 21 21 328 328 333 333 330 330 230 230 333 333 331 331 330 330 334 334 331 331 333 333 335 335 23 23 332 332 335 335 332 332 331 331 335 335 331 331 334 334 236 236 334 334 333 333 236 236 333 333 230 230 336 336 335 335 334 334 251 251 335 335 336 336 251 251 25 25 23 23 251 251 23 23 335 335 337 337 336 336 334 334 337 337 334 334 236 236 338 338 336 336 337 337 249 249 251 251 336 336 249 249 336 336 338 338 242 242 123 123 121 121 339 339 242 242 121 121 339 339 121 121 119 119 340 340 339 339 119 119 341 341 242 242 339 339 341 341 339 339 340 340 342 342 341 341 340 340 343 343 117 117 315 315 343 343 119 119 117 117 343 343 340 340 119 119 344 344 342 342 340 340 344 344 340 340 343 343 345 345 344 344 343 343 346 346 345 345 343 343 267 267 266 266 259 259 258 258 267 267 259 259 264 264 267 267 258 258 347 347 264 264 258 258 265 265 46 46 44 44 265 265 264 264 347 347 348 348 265 265 347 347 349 349 113 113 110 110 350 350 48 48 46 46 350 350 265 265 348 348 350 350 348 348 351 351 350 350 46 46 265 265 352 352 50 50 48 48 352 352 48 48 350 350 352 352 350 350 351 351 352 352 351 351 353 353 354 354 52 52 50 50 354 354 50 50 352 352 354 354 352 352 353 353 354 354 353 353 355 355 356 356 54 54 52 52 356 356 56 56 54 54 356 356 52 52 354 354 356 356 354 354 355 355 356 356 355 355 357 357 358 358 356 356 357 357 359 359 106 106 104 104 359 359 104 104 316 316 360 360 358 358 361 361 360 360 58 58 56 56 360 360 60 60 58 58 360 360 62 62 60 60 360 360 56 56 356 356 360 360 356 356 358 358 362 362 360 360 361 361 362 362 62 62 360 360 362 362 64 64 62 62 363 363 362 362 361 361 363 363 64 64 362 362 363 363 361 361 313 313 363 363 66 66 64 64 364 364 363 363 313 313 364 364 66 66 363 363 364 364 313 313 307 307 364 364 68 68 66 66 365 365 211 211 70 70 365 365 307 307 306 306 365 365 68 68 364 364 365 365 70 70 68 68 365 365 364 364 307 307 366 366 225 225 211 211 366 366 211 211 365 365 366 366 365 365 306 306 367 367 223 223 225 225 367 367 306 306 308 308 367 367 366 366 306 306 367 367 225 225 366 366 368 368 316 316 100 100 368 368 100 100 97 97 369 369 308 308 309 309 369 369 367 367 308 308 369 369 223 223 367 367 370 370 316 316 368 368 371 371 221 221 223 223 371 371 309 309 310 310 371 371 223 223 369 369 371 371 369 369 309 309 372 372 220 220 221 221 372 372 310 310 311 311 372 372 311 311 312 312 372 372 221 221 371 371 372 372 371 371 310 310 373 373 370 370 368 368 374 374 220 220 372 372 374 374 312 312 289 289 374 374 372 372 312 312 375 375 218 218 220 220 375 375 289 289 288 288 375 375 374 374 289 289 375 375 220 220 374 374 376 376 193 193 218 218 376 376 288 288 290 290 376 376 375 375 288 288 376 376 218 218 375 375 377 377 194 194 193 193 377 377 376 376 290 290 377 377 193 193 376 376 377 377 290 290 291 291 378 378 196 196 194 194 378 378 377 377 291 291 378 378 291 291 292 292 378 378 194 194 377 377 379 379 197 197 196 196 379 379 196 196 378 378 379 379 378 378 292 292 379 379 292 292 293 293 380 380 199 199 197 197 380 380 379 379 293 293 380 380 287 287 286 286 380 380 293 293 287 287 380 380 197 197 379 379 381 381 201 201 199 199 381 381 203 203 201 201 381 381 380 380 286 286 381 381 199 199 380 380 381 381 286 286 285 285 382 382 203 203 381 381 382 382 383 383 384 384 382 382 205 205 203 203 382 382 285 285 383 383 382 382 207 207 205 205 382 382 381 381 285 285 385 385 384 384 386 386 385 385 209 209 207 207 385 385 207 207 382 382 385 385 382 382 384 384 303 303 216 216 209 209 303 303 209 209 385 385 303 303 386 386 302 302 303 303 385 385 386 386 387 387 93 93 91 91 388 388 387 387 91 91 388 388 91 91 89 89 389 389 189 189 187 187 389 389 187 187 388 388 389 389 89 89 87 87 389 389 388 388 89 89 304 304 167 167 216 216 304 304 216 216 303 303 304 304 165 165 167 167 390 390 183 183 181 181 390 390 391 391 392 392 390 390 392 392 387 387 393 393 301 301 394 394 393 393 304 304 301 301 393 393 165 165 304 304 393 393 169 169 165 165 395 395 185 185 183 183 395 395 187 187 185 185 395 395 183 183 390 390 395 395 388 388 187 187 395 395 387 387 388 388 395 395 390 390 387 387 396 396 394 394 397 397 396 396 393 393 394 394 396 396 169 169 393 393 396 396 171 171 169 169 398 398 397 397 399 399 398 398 396 396 397 397 398 398 399 399 400 400 398 398 171 171 396 396 398 398 173 173 171 171 401 401 179 179 177 177 401 401 181 181 179 179 401 401 402 402 391 391 401 401 391 391 390 390 401 401 390 390 181 181 403 403 404 404 402 402 403 403 402 402 401 401 403 403 405 405 404 404 403 403 401 401 177 177 406 406 175 175 173 173 406 406 177 177 175 175 406 406 405 405 403 403 406 406 398 398 400 400 406 406 403 403 177 177 406 406 400 400 405 405 406 406 173 173 398 398 407 407 9 9 7 7 407 407 7 7 149 149 407 407 144 144 142 142 407 407 146 146 144 144 407 407 149 149 146 146 407 407 142 142 317 317 408 408 11 11 9 9 409 409 9 9 407 407 409 409 407 407 317 317 409 409 408 408 9 9 410 410 408 408 409 409 410 410 409 409 317 317 410 410 13 13 11 11 410 410 15 15 13 13 410 410 11 11 408 408 410 410 317 317 319 319 410 410 319 319 15 15 411 411 232 232 127 127 411 411 125 125 123 123 411 411 127 127 125 125 241 241 411 411 123 123 241 241 123 123 242 242 241 241 232 232 411 411 412 412 338 338 337 337 412 412 337 337 236 236 239 239 412 412 236 236 238 238 253 253 239 239 413 413 338 338 412 412 413 413 239 239 253 253 413 413 412 412 239 239 414 414 250 250 249 249 414 414 338 338 413 413 414 414 249 249 338 338 260 260 413 413 253 253 260 260 414 414 413 413 260 260 259 259 414 414 245 245 341 341 342 342 245 245 242 242 341 341 415 415 250 250 414 414 415 415 266 266 250 250 415 415 414 414 259 259 415 415 259 259 266 266 248 248 37 37 34 34 248 248 39 39 37 37 254 254 246 246 245 245 254 254 245 245 342 342 416 416 342 342 344 344 416 416 344 344 345 345 416 416 345 345 346 346 416 416 254 254 342 342 417 417 343 343 315 315 417 417 346 346 343 343 417 417 315 315 113 113 417 417 113 113 349 349 417 417 349 349 418 418 269 269 416 416 346 346 269 269 254 254 416 416 261 261 347 347 258 258 419 419 346 346 417 417 419 419 270 270 269 269 419 419 269 269 346 346 419 419 417 417 418 418 420 420 347 347 261 261 420 420 348 348 347 347 420 420 351 351 348 348 420 420 353 353 351 351 420 420 261 261 275 275 420 420 355 355 353 353 420 420 357 357 355 355 421 421 349 349 110 110 421 421 108 108 106 106 421 421 110 110 108 108 421 421 106 106 359 359 422 422 275 275 274 274 422 422 420 420 275 275 422 422 358 358 357 357 422 422 357 357 420 420 314 314 361 361 358 358 314 314 313 313 361 361 314 314 274 274 273 273 314 314 358 358 422 422 314 314 422 422 274 274 423 423 421 421 359 359 423 423 349 349 421 421 276 276 314 314 273 273 424 424 359 359 425 425 424 424 425 425 426 426 424 424 349 349 423 423 424 424 418 418 349 349 424 424 423 423 359 359 424 424 426 426 418 418 427 427 426 426 297 297 427 427 270 270 419 419 427 427 419 419 418 418 427 427 418 418 426 426 278 278 270 270 427 427 278 278 427 427 297 297 298 298 278 278 297 297 281 281 278 278 298 298 428 428 425 425 359 359 428 428 359 359 316 316 428 428 316 316 370 370 429 429 426 426 425 425 429 429 297 297 426 426 429 429 425 425 428 428 429 429 428 428 430 430 284 284 386 386 384 384 284 284 384 384 383 383 284 284 383 383 285 285 284 284 295 295 302 302 284 284 302 302 386 386 284 284 280 280 279 279 284 284 279 279 281 281 284 284 281 281 298 298 431 431 297 297 429 429 431 431 429 429 430 430 296 296 297 297 431 431 296 296 431 431 430 430 432 432 428 428 370 370 432 432 373 373 391 391 432 432 430 430 428 428 432 432 370 370 373 373 433 433 392 392 391 391 433 433 391 391 373 373 433 433 93 93 387 387 433 433 387 387 392 392 433 433 95 95 93 93 433 433 97 97 95 95 433 433 368 368 97 97 433 433 373 373 368 368 434 434 430 430 432 432 434 434 432 432 391 391 435 435 430 430 434 434 435 435 399 399 430 430 300 300 295 295 296 296 300 300 296 296 430 430 300 300 394 394 301 301 300 300 397 397 394 394 300 300 430 430 399 399 300 300 399 399 397 397 436 436 434 434 391 391 436 436 435 435 434 434 436 436 391 391 402 402 436 436 402 402 404 404 437 437 399 399 435 435 437 437 435 435 436 436 437 437 436 436 404 404 437 437 400 400 399 399 437 437 404 404 405 405 437 437 405 405 400 400 227 227 389 389 87 87 227 227 82 82 159 159 227 227 189 189 389 389 227 227 85 85 82 82 112 112 438 438 439 439 440 440 438 438 441 441 441 441 438 438 114 114 442 442 443 443 444 444 438 438 445 445 439 439 1 1 3 3 156 156 3 3 154 154 156 156 3 3 152 152 154 154 3 3 5 5 152 152 446 446 445 445 438 438 447 447 448 448 449 449 450 450 448 448 447 447 444 444 451 451 446 446 446 446 451 451 445 445 452 452 451 451 443 443 5 5 150 150 152 152 445 445 451 451 439 439 443 443 451 451 444 444 450 450 453 453 448 448 454 454 453 453 450 450 455 455 453 453 454 454 456 456 453 453 455 455 457 457 453 453 456 456 458 458 453 453 457 457 459 459 453 453 458 458 453 453 460 460 448 448 109 109 461 461 107 107 111 111 461 461 109 109 439 439 461 461 111 111 107 107 461 461 462 462 463 463 464 464 459 459 453 453 464 464 460 460 460 460 464 464 465 465 459 459 464 464 453 453 463 463 466 466 464 464 467 467 466 466 463 463 465 465 466 466 468 468 464 464 466 466 465 465 466 466 469 469 468 468 470 470 469 469 471 471 472 472 469 469 470 470 468 468 469 469 473 473 467 467 469 469 466 466 471 471 469 469 467 467 469 469 474 474 473 473 439 439 475 475 461 461 461 461 475 475 462 462 462 462 476 476 477 477 478 478 476 476 439 439 477 477 476 476 478 478 439 439 476 476 475 475 475 475 476 476 462 462 439 439 479 479 478 478 452 452 479 479 451 451 451 451 479 479 439 439 478 478 479 479 480 480 452 452 481 481 479 479 479 479 481 481 480 480 462 462 482 482 105 105 477 477 482 482 462 462 105 105 482 482 483 483 483 483 482 482 484 484 481 481 485 485 480 480 481 481 486 486 485 485 477 477 487 487 482 482 482 482 487 487 484 484 478 478 488 488 477 477 480 480 488 488 478 478 477 477 488 488 487 487 487 487 488 488 489 489 490 490 491 491 492 492 493 493 491 491 490 490 494 494 491 491 495 495 492 492 491 491 496 496 495 495 491 491 493 493 497 497 491 491 498 498 486 486 491 491 485 485 498 498 491 491 486 486 480 480 499 499 488 488 488 488 499 499 489 489 480 480 500 500 499 499 499 499 500 500 489 489 94 94 501 501 502 502 96 96 501 501 94 94 98 98 501 501 96 96 503 503 501 501 98 98 504 504 505 505 506 506 489 489 505 505 487 487 487 487 505 505 484 484 484 484 505 505 504 504 503 503 507 507 501 501 501 501 507 507 502 502 503 503 508 508 507 507 506 506 508 508 504 504 509 509 508 508 506 506 504 504 508 508 503 503 505 505 510 510 506 506 489 489 510 510 505 505 507 507 511 511 502 502 509 509 511 511 508 508 502 502 511 511 509 509 508 508 511 511 507 507 512 512 513 513 489 489 489 489 513 513 510 510 506 506 514 514 515 515 510 510 514 514 506 506 515 515 514 514 516 516 513 513 514 514 510 510 494 494 517 517 500 500 500 500 517 517 489 489 489 489 517 517 512 512 518 518 517 517 519 519 512 512 517 517 520 520 520 520 517 517 518 518 513 513 521 521 514 514 512 512 521 521 513 513 514 514 521 521 516 516 522 522 521 521 512 512 523 523 521 521 522 522 516 516 521 521 523 523 214 214 524 524 525 525 83 83 524 524 81 81 84 84 524 524 83 83 81 81 524 524 157 157 157 157 524 524 158 158 158 158 524 524 214 214 525 525 524 524 84 84 6 6 526 526 5 5 8 8 526 526 6 6 148 148 526 526 527 527 5 5 526 526 150 150 527 527 526 526 528 528 528 528 526 526 8 8 150 150 526 526 148 148 529 529 530 530 143 143 531 531 530 530 532 532 139 139 530 530 531 531 141 141 530 530 139 139 143 143 530 530 141 141 529 529 533 533 530 530 530 530 533 533 532 532 533 533 534 534 532 532 529 529 534 534 533 533 535 535 534 534 536 536 532 532 534 534 535 535 536 536 534 534 529 529 126 126 537 537 538 538 538 538 537 537 539 539 539 539 537 537 130 130 128 128 537 537 126 126 130 130 537 537 128 128 539 539 540 540 538 538 538 538 540 540 541 541 542 542 543 543 544 544 543 543 545 545 540 540 542 542 545 545 543 543 546 546 545 545 542 542 541 541 545 545 547 547 540 540 545 545 541 541 547 547 545 545 546 546 538 538 548 548 549 549 549 549 548 548 550 550 541 541 548 548 538 538 548 548 551 551 550 550 541 541 551 551 548 548 547 547 551 551 541 541 552 552 551 551 553 553 553 553 551 551 547 547 550 550 551 551 552 552 554 554 555 555 556 556 557 557 555 555 554 554 558 558 555 555 559 559 556 556 555 555 558 558 559 559 555 555 557 557 26 26 560 560 561 561 562 562 560 560 35 35 561 561 560 560 558 558 28 28 560 560 26 26 30 30 560 560 28 28 32 32 560 560 30 30 33 33 560 560 32 32 35 35 560 560 33 33 558 558 560 560 562 562 442 442 563 563 564 564 565 565 563 563 547 547 566 566 563 563 442 442 547 547 563 563 553 553 553 553 563 563 566 566 565 565 567 567 563 563 448 448 568 568 449 449 565 565 568 568 567 567 569 569 568 568 565 565 570 570 568 568 569 569 449 449 568 568 570 570 571 571 572 572 43 43 562 562 572 572 556 556 41 41 572 572 40 40 43 43 572 572 41 41 573 573 572 572 574 574 575 575 572 572 573 573 556 556 572 572 575 575 574 574 572 572 576 576 40 40 572 572 562 562 577 577 572 572 571 571 576 576 572 572 577 577 568 568 578 578 567 567 563 563 578 578 564 564 448 448 578 578 568 568 567 567 578 578 563 563 564 564 578 578 448 448 442 442 579 579 443 443 443 443 579 579 452 452 564 564 580 580 442 442 579 579 580 580 452 452 442 442 580 580 579 579 460 460 581 581 448 448 473 473 581 581 468 468 468 468 581 581 465 465 474 474 581 581 473 473 465 465 581 581 460 460 564 564 581 581 580 580 448 448 581 581 564 564 481 481 582 582 486 486 452 452 582 582 481 481 498 498 582 582 497 497 486 486 582 582 498 498 580 580 582 582 452 452 474 474 582 582 581 581 581 581 582 582 580 580 582 582 583 583 497 497 474 474 583 583 582 582 584 584 585 585 586 586 496 496 585 585 587 587 587 587 585 585 584 584 491 491 585 585 496 496 588 588 585 585 589 589 497 497 585 585 491 491 590 590 585 585 588 588 583 583 585 585 497 497 591 591 585 585 590 590 586 586 585 585 591 591 500 500 592 592 494 494 480 480 592 592 500 500 485 485 592 592 480 480 494 494 592 592 491 491 491 491 592 592 485 485 494 494 593 593 517 517 594 594 593 593 595 595 595 595 593 593 495 495 517 517 593 593 519 519 495 495 593 593 494 494 519 519 593 593 594 594 130 130 596 596 539 539 531 531 596 596 134 134 132 132 596 596 130 130 134 134 596 596 132 132 531 531 597 597 596 596 596 596 597 597 539 539 539 539 598 598 540 540 597 597 598 598 539 539 540 540 598 598 543 543 599 599 598 598 531 531 531 531 598 598 597 597 543 543 598 598 544 544 544 544 598 598 599 599 600 600 601 601 472 472 474 474 601 601 583 583 602 602 601 601 603 603 603 603 601 601 600 600 604 604 601 601 602 602 469 469 601 601 474 474 605 605 601 601 604 604 606 606 601 601 605 605 585 585 601 601 589 589 583 583 601 601 585 585 607 607 601 601 606 606 589 589 601 601 607 607 472 472 601 601 469 469 74 74 163 163 72 72 76 76 163 163 74 74 76 76 161 161 163 163 77 77 161 161 76 76 79 79 161 161 77 77 81 81 157 157 79 79 79 79 157 157 161 161 116 116 441 441 114 114 103 103 483 483 101 101 105 105 483 483 103 103 608 608 535 535 536 536 16 16 609 609 608 608 18 18 609 609 16 16 608 608 609 609 535 535 609 609 610 610 535 535 20 20 611 611 18 18 18 18 611 611 609 609 609 609 611 611 610 610 611 611 612 612 610 610 611 611 613 613 612 612 22 22 614 614 20 20 20 20 614 614 611 611 611 611 614 614 613 613 612 612 615 615 599 599 613 613 615 615 612 612 615 615 544 544 599 599 613 613 616 616 615 615 22 22 617 617 614 614 24 24 617 617 22 22 613 613 617 617 616 616 614 614 617 617 613 613 615 615 618 618 544 544 616 616 618 618 615 615 616 616 619 619 618 618 618 618 542 542 544 544 619 619 542 542 618 618 617 617 620 620 616 616 616 616 620 620 619 619 24 24 620 620 617 617 620 620 621 621 619 619 24 24 561 561 620 620 26 26 561 561 24 24 620 620 561 561 621 621 621 621 622 622 619 619 619 619 622 622 542 542 621 621 559 559 622 622 621 621 558 558 559 559 561 561 558 558 621 621 122 122 550 550 120 120 550 550 623 623 120 120 550 550 624 624 623 623 623 623 625 625 120 120 120 120 625 625 118 118 624 624 626 626 623 623 623 623 626 626 625 625 625 625 440 440 118 118 118 118 440 440 116 116 116 116 440 440 441 441 625 625 627 627 440 440 626 626 627 627 625 625 627 627 446 446 440 440 573 573 570 570 575 575 573 573 574 574 570 570 574 574 449 449 570 570 574 574 576 576 449 449 576 576 447 447 449 449 576 576 577 577 447 447 447 447 577 577 450 450 45 45 571 571 43 43 577 577 571 571 450 450 450 450 571 571 454 454 47 47 628 628 45 45 45 45 628 628 571 571 571 571 628 628 454 454 454 454 628 628 455 455 628 628 456 456 455 455 112 112 439 439 111 111 47 47 629 629 628 628 49 49 629 629 47 47 628 628 629 629 456 456 456 456 629 629 457 457 51 51 630 630 49 49 629 629 630 630 457 457 49 49 630 630 629 629 457 457 630 630 458 458 53 53 631 631 51 51 51 51 631 631 630 630 630 630 631 631 458 458 458 458 631 631 459 459 459 459 632 632 463 463 463 463 632 632 467 467 55 55 632 632 53 53 57 57 632 632 55 55 631 631 632 632 459 459 53 53 632 632 631 631 107 107 462 462 105 105 57 57 633 633 632 632 59 59 633 633 57 57 61 61 633 633 59 59 63 63 633 633 61 61 467 467 633 633 471 471 632 632 633 633 467 467 63 63 634 634 633 633 471 471 634 634 470 470 65 65 634 634 63 63 633 633 634 634 471 471 470 470 635 635 472 472 634 634 635 635 470 470 65 65 635 635 634 634 67 67 635 635 65 65 472 472 636 636 600 600 635 635 636 636 472 472 69 69 636 636 67 67 67 67 636 636 635 635 226 226 637 637 212 212 212 212 637 637 69 69 69 69 637 637 636 636 600 600 637 637 603 603 636 636 637 637 600 600 224 224 638 638 226 226 637 637 638 638 603 603 226 226 638 638 637 637 99 99 503 503 98 98 101 101 503 503 99 99 483 483 503 503 101 101 224 224 639 639 638 638 603 603 639 639 602 602 638 638 639 639 603 603 483 483 484 484 503 503 222 222 640 640 224 224 639 639 640 640 602 602 602 602 640 640 604 604 224 224 640 640 639 639 219 219 641 641 222 222 604 604 641 641 605 605 640 640 641 641 604 604 222 222 641 641 640 640 484 484 504 504 503 503 605 605 642 642 606 606 606 606 642 642 607 607 641 641 642 642 605 605 219 219 642 642 641 641 217 217 643 643 219 219 607 607 643 643 589 589 219 219 643 643 642 642 642 642 643 643 607 607 192 192 644 644 217 217 589 589 644 644 588 588 217 217 644 644 643 643 643 643 644 644 589 589 191 191 645 645 192 192 644 644 645 645 588 588 588 588 645 645 590 590 192 192 645 645 644 644 195 195 646 646 191 191 191 191 646 646 645 645 645 645 646 646 590 590 590 590 646 646 591 591 198 198 647 647 195 195 195 195 647 647 646 646 646 646 647 647 591 591 591 591 647 647 586 586 586 586 648 648 584 584 198 198 648 648 647 647 200 200 648 648 198 198 647 647 648 648 586 586 584 584 648 648 587 587 648 648 649 649 587 587 587 587 649 649 496 496 202 202 649 649 200 200 204 204 649 649 202 202 200 200 649 649 648 648 92 92 502 502 90 90 94 94 502 502 92 92 492 492 650 650 490 490 204 204 650 650 649 649 206 206 650 650 204 204 208 208 650 650 206 206 649 649 650 650 496 496 496 496 650 650 492 492 210 210 651 651 208 208 650 650 651 651 490 490 208 208 651 651 650 650 490 490 651 651 493 493 215 215 595 595 210 210 210 210 595 595 651 651 651 651 595 595 493 493 493 493 595 595 495 495 184 184 509 509 182 182 509 509 652 652 502 502 652 652 653 653 502 502 502 502 654 654 90 90 90 90 654 654 88 88 653 653 654 654 502 502 654 654 655 655 88 88 86 86 525 525 84 84 88 88 525 525 86 86 190 190 525 525 655 655 655 655 525 525 88 88 214 214 525 525 190 190 166 166 594 594 215 215 215 215 594 594 595 595 168 168 594 594 166 166 168 168 656 656 594 594 594 594 656 656 519 519 519 519 656 656 518 518 170 170 656 656 168 168 186 186 657 657 184 184 652 652 657 657 653 653 184 184 657 657 509 509 509 509 657 657 652 652 653 653 657 657 654 654 656 656 658 658 518 518 170 170 658 658 656 656 518 518 658 658 520 520 172 172 658 658 170 170 188 188 659 659 186 186 190 190 659 659 188 188 657 657 659 659 654 654 654 654 659 659 655 655 186 186 659 659 657 657 655 655 659 659 190 190 172 172 660 660 658 658 520 520 660 660 512 512 658 658 660 660 520 520 512 512 660 660 522 522 174 174 660 660 172 172 180 180 661 661 178 178 182 182 661 661 180 180 509 509 661 661 182 182 506 506 661 661 509 509 515 515 661 661 506 506 515 515 662 662 661 661 516 516 662 662 515 515 661 661 662 662 178 178 523 523 662 662 516 516 660 660 663 663 522 522 174 174 663 663 660 660 523 523 663 663 662 662 522 522 663 663 523 523 662 662 663 663 178 178 176 176 663 663 174 174 178 178 663 663 176 176 148 148 527 527 147 147 10 10 528 528 8 8 528 528 664 664 527 527 527 527 529 529 147 147 664 664 529 529 527 527 536 536 529 529 664 664 145 145 529 529 143 143 147 147 529 529 145 145 12 12 665 665 10 10 10 10 665 665 528 528 528 528 666 666 664 664 664 664 666 666 536 536 665 665 666 666 528 528 14 14 667 667 12 12 16 16 667 667 14 14 608 608 667 667 16 16 12 12 667 667 665 665 608 608 668 668 667 667 666 666 668 668 536 536 665 665 668 668 666 666 667 667 668 668 665 665 536 536 668 668 608 608 599 599 531 531 532 532 137 137 531 531 134 134 139 139 531 531 137 137 599 599 669 669 612 612 610 610 669 669 535 535 532 532 669 669 599 599 612 612 669 669 610 610 535 535 669 669 532 532 538 538 549 549 126 126 122 122 549 549 550 550 124 124 549 549 122 122 126 126 549 549 124 124 559 559 670 670 622 622 622 622 670 670 542 542 670 670 546 546 542 542 565 565 547 547 546 546 559 559 671 671 670 670 670 670 671 671 546 546 546 546 671 671 565 565 559 559 557 557 671 671 671 671 569 569 565 565 570 570 569 569 557 557 557 557 569 569 671 671 550 550 552 552 624 624 553 553 566 566 552 552 570 570 554 554 575 575 575 575 554 554 556 556 557 557 554 554 570 570 36 36 562 562 35 35 38 38 562 562 36 36 40 40 562 562 38 38 558 558 562 562 556 556 566 566 442 442 552 552 624 624 442 442 626 626 552 552 442 442 624 624 442 442 444 444 626 626 626 626 444 444 627 627 627 627 444 444 446 446 446 446 438 438 440 440 114 114 438 438 112 112</p>
        </triangles>
      </mesh>
    </geometry>
  </library_geometries>
  <library_visual_scenes>
    <visual_scene id="Scene" name="Scene">
      <node id="node_041a88ed_ae8c_4a65_b1cf_8c2fb809e904" name="node_041a88ed_ae8c_4a65_b1cf_8c2fb809e904" type="NODE">
        <matrix sid="transform">0.001 0 0 0.088 0 0.001 0 -0.028 0 0 0.001 -0.005 0 0 0 1</matrix>
        <node id="node_e3682377_84cf_400b_bad2_c553e36cbdee" name="node_e3682377_84cf_400b_bad2_c553e36cbdee" type="NODE">
          <matrix sid="transform">1 0 0 0 0 1 0 -1.90735e-6 0 0 1 0 0 0 0 1</matrix>
          <node id="node_e3682377_84cf_400b_bad2_c553e36cbdee_mesh0" name="node_e3682377_84cf_400b_bad2_c553e36cbdee_mesh0" type="NODE">
            <matrix sid="transform">1 0 0 0 0 1 0 -1.90735e-6 0 0 1 0 0 0 0 1</matrix>
            <instance_geometry url="#geometry_8ae92304_a7a0_47ae_8760_4bd426d3ed89-mesh" name="node_e3682377_84cf_400b_bad2_c553e36cbdee_mesh0">
              <bind_material>
                <technique_common>
                  <instance_material symbol="mat_1-material" target="#mat_1-material"/>
                </technique_common>
              </bind_material>
            </instance_geometry>
          </node>
          <node id="node_e3682377_84cf_400b_bad2_c553e36cbdee_mesh1" name="node_e3682377_84cf_400b_bad2_c553e36cbdee_mesh1" type="NODE">
            <matrix sid="transform">1 0 0 0 0 1 0 -1.90735e-6 0 0 1 0 0 0 0 1</matrix>
            <instance_geometry url="#geometry_01f2a8c7_8215_473d_a8cd_91771ed3b446-mesh" name="node_e3682377_84cf_400b_bad2_c553e36cbdee_mesh1">
              <bind_material>
                <technique_common>
                  <instance_material symbol="mat_0-material" target="#mat_0-material"/>
                </technique_common>
              </bind_material>
            </instance_geometry>
          </node>
          <node id="node_e3682377_84cf_400b_bad2_c553e36cbdee_mesh2" name="node_e3682377_84cf_400b_bad2_c553e36cbdee_mesh2" type="NODE">
            <matrix sid="transform">1 0 0 0 0 1 0 -1.90735e-6 0 0 1 0 0 0 0 1</matrix>
            <instance_geometry url="#geometry_b7ede3e0_9f19_4b79_b445_211071e2cf8f-mesh" name="node_e3682377_84cf_400b_bad2_c553e36cbdee_mesh2">
              <bind_material>
                <technique_common>
                  <instance_material symbol="mat_2-material" target="#mat_2-material"/>
                </technique_common>
              </bind_material>
            </instance_geometry>
          </node>
        </node>
      </node>
    </visual_scene>
  </library_visual_scenes>
  <scene>
    <instance_visual_scene url="#Scene"/>
  </scene>
</COLLADA>